#============================================================================
# Opacities computed by OpTool        <a^n>=  2.0000E+0  2.0000E+0  2.0000E+0
# Method:   DHS  fmax=  0.990
# Parameters:
#   amin [um]=      2.000 amax [um]=      2.000  na  =    1     apow=   3.5    
#   lmin [um]=      0.100 lmax [um]=    100.000  nlam= 2000     nang=   180
#   porosity =      0.000 p_mantle =      0.000  fmax= 0.99     chop=   0.0
# Composition:
#  Where   mfrac  rho   Material
#  -----   -----  ----  -----------------------------------------------------
#  core    1.000  2.21  /Users/jvarga/Dokumentumok/MATISSE/pro/optool_misc_lnk//nk_annealed_sil.dat
#  - - -   - - -  -  -  - - - - - - - - - - - - - - - - - - - - - - - - - - -
#  grain   1.000  2.21  mixture of  1 materials
#----------------------------------------------------------------------------
# Command: /Users/jvarga/bin/optool -dhs 0.99 -l 0.1 100 2000 -a 2.000000 \
#   /Users/jvarga/Dokumentumok/MATISSE/pro/optool_misc_lnk//nk_annealed_sil.dat \
#   -o /Users/jvarga/Dokumentumok/MATISSE/pro/opacities/
#============================================================================
# Standard output file, no scattering matrix
#    iformat
#    nlambda
#    lambda[um]  kabs [cm^2/g]  ksca [cm^2/g]    g_asymmetry
#============================================================================
           3
        2000
   1.000000E-01   3.431822E+03   5.296454E+03   9.803926E-01
   1.003462E-01   3.430185E+03   5.299556E+03   9.804013E-01
   1.006935E-01   3.428574E+03   5.302695E+03   9.805918E-01
   1.010421E-01   3.426841E+03   5.305625E+03   9.807187E-01
   1.013918E-01   3.425124E+03   5.308341E+03   9.806918E-01
   1.017428E-01   3.423503E+03   5.311234E+03   9.808533E-01
   1.020950E-01   3.421866E+03   5.314026E+03   9.804393E-01
   1.024484E-01   3.420039E+03   5.316829E+03   9.806907E-01
   1.028031E-01   3.418385E+03   5.319056E+03   9.808516E-01
   1.031589E-01   3.416764E+03   5.321749E+03   9.807773E-01
   1.035160E-01   3.415160E+03   5.324255E+03   9.809488E-01
   1.038743E-01   3.413322E+03   5.326664E+03   9.808043E-01
   1.042339E-01   3.411534E+03   5.328630E+03   9.808958E-01
   1.045947E-01   3.409984E+03   5.330730E+03   9.808113E-01
   1.049568E-01   3.408258E+03   5.333318E+03   9.809370E-01
   1.053201E-01   3.406332E+03   5.335020E+03   9.807229E-01
   1.056847E-01   3.404734E+03   5.336893E+03   9.806882E-01
   1.060505E-01   3.403071E+03   5.339190E+03   9.811186E-01
   1.064176E-01   3.401162E+03   5.340619E+03   9.807790E-01
   1.067860E-01   3.399494E+03   5.341953E+03   9.808647E-01
   1.071556E-01   3.397791E+03   5.343781E+03   9.807790E-01
   1.075266E-01   3.395828E+03   5.345193E+03   9.809747E-01
   1.078988E-01   3.394078E+03   5.346418E+03   9.811769E-01
   1.082723E-01   3.392349E+03   5.347982E+03   9.806160E-01
   1.086471E-01   3.390531E+03   5.348883E+03   9.809906E-01
   1.090232E-01   3.388707E+03   5.349994E+03   9.806830E-01
   1.094006E-01   3.386951E+03   5.351058E+03   9.808525E-01
   1.097793E-01   3.385027E+03   5.352090E+03   9.806899E-01
   1.101593E-01   3.383220E+03   5.352895E+03   9.804813E-01
   1.105406E-01   3.381443E+03   5.353740E+03   9.808513E-01
   1.109232E-01   3.379494E+03   5.354179E+03   9.807096E-01
   1.113072E-01   3.377564E+03   5.355090E+03   9.803094E-01
   1.116925E-01   3.375765E+03   5.355515E+03   9.808325E-01
   1.120791E-01   3.373800E+03   5.356087E+03   9.807735E-01
   1.124671E-01   3.371884E+03   5.356390E+03   9.804868E-01
   1.128564E-01   3.369993E+03   5.356939E+03   9.802746E-01
   1.132471E-01   3.367995E+03   5.357053E+03   9.804630E-01
   1.136391E-01   3.366099E+03   5.357573E+03   9.802941E-01
   1.140325E-01   3.364166E+03   5.357480E+03   9.800045E-01
   1.144272E-01   3.362201E+03   5.357915E+03   9.805536E-01
   1.148233E-01   3.360201E+03   5.358091E+03   9.800292E-01
   1.152208E-01   3.358334E+03   5.358072E+03   9.798323E-01
   1.156196E-01   3.356382E+03   5.358310E+03   9.798470E-01
   1.160198E-01   3.354430E+03   5.358353E+03   9.798280E-01
   1.164215E-01   3.352413E+03   5.358632E+03   9.796210E-01
   1.168245E-01   3.350553E+03   5.358621E+03   9.794279E-01
   1.172289E-01   3.348483E+03   5.358492E+03   9.793679E-01
   1.176347E-01   3.346475E+03   5.358864E+03   9.793733E-01
   1.180419E-01   3.344511E+03   5.358749E+03   9.795000E-01
   1.184505E-01   3.342499E+03   5.359062E+03   9.795922E-01
   1.188605E-01   3.340494E+03   5.359104E+03   9.790109E-01
   1.192719E-01   3.338491E+03   5.359551E+03   9.792901E-01
   1.196848E-01   3.336608E+03   5.359704E+03   9.792644E-01
   1.200991E-01   3.334552E+03   5.360001E+03   9.782896E-01
   1.205148E-01   3.332567E+03   5.360559E+03   9.791522E-01
   1.209320E-01   3.330576E+03   5.360801E+03   9.785990E-01
   1.213506E-01   3.328556E+03   5.361218E+03   9.790023E-01
   1.217707E-01   3.326655E+03   5.361720E+03   9.780241E-01
   1.221922E-01   3.324605E+03   5.362620E+03   9.790954E-01
   1.226152E-01   3.322708E+03   5.363252E+03   9.782848E-01
   1.230396E-01   3.320692E+03   5.363885E+03   9.787527E-01
   1.234655E-01   3.318785E+03   5.364837E+03   9.782438E-01
   1.238929E-01   3.316727E+03   5.365754E+03   9.781088E-01
   1.243218E-01   3.314861E+03   5.366887E+03   9.782612E-01
   1.247521E-01   3.312914E+03   5.367961E+03   9.782721E-01
   1.251840E-01   3.310896E+03   5.369061E+03   9.782883E-01
   1.256173E-01   3.309060E+03   5.370361E+03   9.785971E-01
   1.260522E-01   3.306891E+03   5.371934E+03   9.776233E-01
   1.264885E-01   3.305175E+03   5.373384E+03   9.784130E-01
   1.269263E-01   3.303163E+03   5.374570E+03   9.777178E-01
   1.273657E-01   3.301314E+03   5.376514E+03   9.784872E-01
   1.278066E-01   3.299494E+03   5.378103E+03   9.780167E-01
   1.282490E-01   3.297307E+03   5.379581E+03   9.780021E-01
   1.286930E-01   3.295412E+03   5.381814E+03   9.781326E-01
   1.291384E-01   3.293618E+03   5.383585E+03   9.771577E-01
   1.295855E-01   3.291624E+03   5.385568E+03   9.786826E-01
   1.300340E-01   3.289890E+03   5.387531E+03   9.775501E-01
   1.304842E-01   3.287852E+03   5.389114E+03   9.784349E-01
   1.309358E-01   3.285864E+03   5.391786E+03   9.775396E-01
   1.313891E-01   3.284090E+03   5.393665E+03   9.773371E-01
   1.318439E-01   3.282108E+03   5.395694E+03   9.785418E-01
   1.323003E-01   3.280278E+03   5.397993E+03   9.779254E-01
   1.327583E-01   3.278375E+03   5.400076E+03   9.778569E-01
   1.332178E-01   3.276388E+03   5.402011E+03   9.779378E-01
   1.336790E-01   3.274398E+03   5.404048E+03   9.772526E-01
   1.341417E-01   3.272472E+03   5.406609E+03   9.787481E-01
   1.346060E-01   3.270612E+03   5.409086E+03   9.777045E-01
   1.350720E-01   3.268743E+03   5.410504E+03   9.773851E-01
   1.355395E-01   3.266601E+03   5.412799E+03   9.781300E-01
   1.360087E-01   3.264886E+03   5.415157E+03   9.781034E-01
   1.364795E-01   3.262783E+03   5.416911E+03   9.778461E-01
   1.369520E-01   3.260798E+03   5.418889E+03   9.780877E-01
   1.374260E-01   3.258860E+03   5.421126E+03   9.774150E-01
   1.379018E-01   3.256948E+03   5.422908E+03   9.777575E-01
   1.383791E-01   3.254827E+03   5.424494E+03   9.784016E-01
   1.388581E-01   3.252784E+03   5.427030E+03   9.777241E-01
   1.393388E-01   3.250999E+03   5.428718E+03   9.777022E-01
   1.398211E-01   3.248909E+03   5.430236E+03   9.777783E-01
   1.403051E-01   3.246852E+03   5.431974E+03   9.776765E-01
   1.407908E-01   3.244805E+03   5.433635E+03   9.779634E-01
   1.412782E-01   3.242826E+03   5.435158E+03   9.781299E-01
   1.417672E-01   3.240752E+03   5.436670E+03   9.778753E-01
   1.422579E-01   3.238597E+03   5.438188E+03   9.774375E-01
   1.427504E-01   3.236558E+03   5.439803E+03   9.774670E-01
   1.432445E-01   3.234654E+03   5.441353E+03   9.774910E-01
   1.437404E-01   3.232423E+03   5.442017E+03   9.778375E-01
   1.442379E-01   3.230098E+03   5.443621E+03   9.774416E-01
   1.447372E-01   3.228229E+03   5.445376E+03   9.772527E-01
   1.452383E-01   3.226153E+03   5.446645E+03   9.773294E-01
   1.457410E-01   3.223916E+03   5.447724E+03   9.771417E-01
   1.462455E-01   3.221950E+03   5.449090E+03   9.767551E-01
   1.467518E-01   3.219791E+03   5.450080E+03   9.773632E-01
   1.472597E-01   3.217737E+03   5.451453E+03   9.771562E-01
   1.477695E-01   3.215611E+03   5.452416E+03   9.768312E-01
   1.482810E-01   3.213239E+03   5.453736E+03   9.769126E-01
   1.487943E-01   3.211404E+03   5.455073E+03   9.769009E-01
   1.493094E-01   3.209325E+03   5.456468E+03   9.764710E-01
   1.498262E-01   3.207189E+03   5.457414E+03   9.768368E-01
   1.503448E-01   3.205191E+03   5.458693E+03   9.765550E-01
   1.508653E-01   3.203040E+03   5.459660E+03   9.764647E-01
   1.513875E-01   3.200875E+03   5.461101E+03   9.769096E-01
   1.519116E-01   3.199011E+03   5.462690E+03   9.760556E-01
   1.524374E-01   3.196808E+03   5.463840E+03   9.762405E-01
   1.529651E-01   3.194865E+03   5.464999E+03   9.767730E-01
   1.534946E-01   3.192656E+03   5.466206E+03   9.763552E-01
   1.540259E-01   3.190550E+03   5.467106E+03   9.760325E-01
   1.545591E-01   3.188441E+03   5.468603E+03   9.766057E-01
   1.550941E-01   3.186296E+03   5.469678E+03   9.758235E-01
   1.556310E-01   3.184272E+03   5.471132E+03   9.759074E-01
   1.561697E-01   3.182291E+03   5.472570E+03   9.763071E-01
   1.567103E-01   3.180332E+03   5.473728E+03   9.755946E-01
   1.572528E-01   3.178339E+03   5.475203E+03   9.766298E-01
   1.577971E-01   3.176406E+03   5.476402E+03   9.757322E-01
   1.583433E-01   3.174296E+03   5.477729E+03   9.757183E-01
   1.588915E-01   3.172332E+03   5.478868E+03   9.763970E-01
   1.594415E-01   3.170114E+03   5.480091E+03   9.757617E-01
   1.599934E-01   3.168197E+03   5.481160E+03   9.763571E-01
   1.605472E-01   3.166019E+03   5.482525E+03   9.757759E-01
   1.611030E-01   3.164123E+03   5.483570E+03   9.758098E-01
   1.616606E-01   3.162235E+03   5.484956E+03   9.764207E-01
   1.622202E-01   3.160090E+03   5.486193E+03   9.754650E-01
   1.627818E-01   3.158265E+03   5.487424E+03   9.762490E-01
   1.633453E-01   3.156031E+03   5.488710E+03   9.755514E-01
   1.639107E-01   3.153833E+03   5.489733E+03   9.757584E-01
   1.644781E-01   3.151764E+03   5.490445E+03   9.761325E-01
   1.650474E-01   3.149654E+03   5.491228E+03   9.752280E-01
   1.656188E-01   3.147640E+03   5.492357E+03   9.759620E-01
   1.661921E-01   3.145592E+03   5.493761E+03   9.757128E-01
   1.667674E-01   3.143480E+03   5.494722E+03   9.754073E-01
   1.673446E-01   3.141402E+03   5.495588E+03   9.761794E-01
   1.679239E-01   3.139190E+03   5.496277E+03   9.747369E-01
   1.685052E-01   3.137265E+03   5.497246E+03   9.763315E-01
   1.690885E-01   3.135190E+03   5.498331E+03   9.751883E-01
   1.696738E-01   3.133025E+03   5.499392E+03   9.752963E-01
   1.702611E-01   3.130781E+03   5.500350E+03   9.752359E-01
   1.708505E-01   3.128592E+03   5.500670E+03   9.756006E-01
   1.714419E-01   3.126601E+03   5.501351E+03   9.751110E-01
   1.720354E-01   3.124260E+03   5.502360E+03   9.753443E-01
   1.726309E-01   3.122191E+03   5.502924E+03   9.750692E-01
   1.732285E-01   3.119996E+03   5.503694E+03   9.745268E-01
   1.738281E-01   3.117948E+03   5.504446E+03   9.756312E-01
   1.744299E-01   3.115695E+03   5.505236E+03   9.744905E-01
   1.750337E-01   3.113502E+03   5.506150E+03   9.752356E-01
   1.756395E-01   3.111337E+03   5.506588E+03   9.747229E-01
   1.762475E-01   3.109141E+03   5.507361E+03   9.749768E-01
   1.768576E-01   3.106987E+03   5.507675E+03   9.744168E-01
   1.774698E-01   3.105101E+03   5.508738E+03   9.749594E-01
   1.780842E-01   3.102835E+03   5.509648E+03   9.743880E-01
   1.787006E-01   3.100609E+03   5.510636E+03   9.744542E-01
   1.793192E-01   3.098479E+03   5.510902E+03   9.746454E-01
   1.799399E-01   3.096481E+03   5.511920E+03   9.745657E-01
   1.805628E-01   3.094339E+03   5.512799E+03   9.741138E-01
   1.811878E-01   3.091877E+03   5.513627E+03   9.749378E-01
   1.818150E-01   3.090126E+03   5.513679E+03   9.743923E-01
   1.824444E-01   3.087923E+03   5.515197E+03   9.741363E-01
   1.830760E-01   3.085842E+03   5.516111E+03   9.746266E-01
   1.837097E-01   3.083607E+03   5.516342E+03   9.744986E-01
   1.843456E-01   3.081641E+03   5.517401E+03   9.741604E-01
   1.849837E-01   3.079420E+03   5.518092E+03   9.741764E-01
   1.856241E-01   3.077709E+03   5.519275E+03   9.745328E-01
   1.862666E-01   3.075328E+03   5.520562E+03   9.742202E-01
   1.869114E-01   3.073116E+03   5.521069E+03   9.732926E-01
   1.875584E-01   3.071003E+03   5.521790E+03   9.747707E-01
   1.882077E-01   3.069101E+03   5.522381E+03   9.741943E-01
   1.888592E-01   3.066932E+03   5.523909E+03   9.737561E-01
   1.895129E-01   3.064701E+03   5.524437E+03   9.736071E-01
   1.901689E-01   3.062708E+03   5.525116E+03   9.750109E-01
   1.908272E-01   3.060826E+03   5.526300E+03   9.734020E-01
   1.914878E-01   3.058466E+03   5.527989E+03   9.739783E-01
   1.921506E-01   3.056229E+03   5.527761E+03   9.738475E-01
   1.928158E-01   3.054397E+03   5.529252E+03   9.741925E-01
   1.934832E-01   3.051971E+03   5.530712E+03   9.739083E-01
   1.941530E-01   3.049817E+03   5.530591E+03   9.732817E-01
   1.948251E-01   3.047755E+03   5.531398E+03   9.737071E-01
   1.954995E-01   3.045869E+03   5.533159E+03   9.743684E-01
   1.961762E-01   3.043326E+03   5.534259E+03   9.737925E-01
   1.968553E-01   3.041168E+03   5.534331E+03   9.727463E-01
   1.975367E-01   3.039311E+03   5.535394E+03   9.739307E-01
   1.982205E-01   3.037024E+03   5.536947E+03   9.738936E-01
   1.989067E-01   3.034850E+03   5.537579E+03   9.734068E-01
   1.995952E-01   3.032612E+03   5.538289E+03   9.727322E-01
   2.002861E-01   3.030762E+03   5.539776E+03   9.733774E-01
   2.009794E-01   3.028318E+03   5.540702E+03   9.740625E-01
   2.016751E-01   3.025938E+03   5.541531E+03   9.729927E-01
   2.023732E-01   3.024229E+03   5.542300E+03   9.732882E-01
   2.030738E-01   3.021902E+03   5.543480E+03   9.726228E-01
   2.037767E-01   3.019659E+03   5.544281E+03   9.731907E-01
   2.044821E-01   3.017572E+03   5.545621E+03   9.735155E-01
   2.051899E-01   3.015324E+03   5.546486E+03   9.731907E-01
   2.059002E-01   3.013348E+03   5.546936E+03   9.733850E-01
   2.066130E-01   3.011244E+03   5.548677E+03   9.720073E-01
   2.073282E-01   3.009030E+03   5.549470E+03   9.727886E-01
   2.080459E-01   3.006666E+03   5.550471E+03   9.732972E-01
   2.087660E-01   3.004531E+03   5.550945E+03   9.731706E-01
   2.094887E-01   3.002831E+03   5.552025E+03   9.730296E-01
   2.102139E-01   3.000521E+03   5.553444E+03   9.721222E-01
   2.109415E-01   2.998177E+03   5.554167E+03   9.721539E-01
   2.116717E-01   2.996232E+03   5.555174E+03   9.732191E-01
   2.124044E-01   2.993999E+03   5.556084E+03   9.727071E-01
   2.131397E-01   2.991826E+03   5.556452E+03   9.732905E-01
   2.138775E-01   2.990021E+03   5.557522E+03   9.723868E-01
   2.146178E-01   2.987577E+03   5.559222E+03   9.718166E-01
   2.153608E-01   2.985548E+03   5.559168E+03   9.725295E-01
   2.161063E-01   2.983414E+03   5.560667E+03   9.723544E-01
   2.168543E-01   2.981036E+03   5.560663E+03   9.725017E-01
   2.176050E-01   2.979484E+03   5.561814E+03   9.731559E-01
   2.183582E-01   2.976806E+03   5.563240E+03   9.721776E-01
   2.191141E-01   2.974774E+03   5.562839E+03   9.723002E-01
   2.198726E-01   2.972852E+03   5.564593E+03   9.722826E-01
   2.206337E-01   2.970301E+03   5.564746E+03   9.716124E-01
   2.213974E-01   2.968504E+03   5.565339E+03   9.723360E-01
   2.221638E-01   2.966327E+03   5.566560E+03   9.721556E-01
   2.229329E-01   2.963872E+03   5.566648E+03   9.718150E-01
   2.237046E-01   2.962032E+03   5.567637E+03   9.724649E-01
   2.244789E-01   2.959581E+03   5.568317E+03   9.721225E-01
   2.252560E-01   2.957460E+03   5.568197E+03   9.717670E-01
   2.260357E-01   2.955702E+03   5.569812E+03   9.721843E-01
   2.268182E-01   2.952970E+03   5.570180E+03   9.719549E-01
   2.276033E-01   2.950921E+03   5.569745E+03   9.714500E-01
   2.283912E-01   2.949169E+03   5.571194E+03   9.719605E-01
   2.291818E-01   2.946528E+03   5.571523E+03   9.720870E-01
   2.299751E-01   2.944477E+03   5.572218E+03   9.712628E-01
   2.307712E-01   2.942309E+03   5.572598E+03   9.717993E-01
   2.315700E-01   2.940086E+03   5.572918E+03   9.717207E-01
   2.323716E-01   2.938237E+03   5.573554E+03   9.711601E-01
   2.331760E-01   2.935696E+03   5.574179E+03   9.715341E-01
   2.339832E-01   2.933648E+03   5.574476E+03   9.715004E-01
   2.347931E-01   2.931428E+03   5.575235E+03   9.712651E-01
   2.356059E-01   2.929503E+03   5.575134E+03   9.713552E-01
   2.364214E-01   2.926972E+03   5.576509E+03   9.712447E-01
   2.372398E-01   2.925083E+03   5.576126E+03   9.716937E-01
   2.380610E-01   2.922819E+03   5.577778E+03   9.708215E-01
   2.388851E-01   2.920688E+03   5.576997E+03   9.712746E-01
   2.397120E-01   2.918424E+03   5.578136E+03   9.715852E-01
   2.405418E-01   2.916456E+03   5.578645E+03   9.709469E-01
   2.413745E-01   2.914108E+03   5.578872E+03   9.708692E-01
   2.422100E-01   2.912165E+03   5.579609E+03   9.714782E-01
   2.430484E-01   2.909708E+03   5.580507E+03   9.709787E-01
   2.438898E-01   2.907561E+03   5.580356E+03   9.708436E-01
   2.447340E-01   2.905683E+03   5.581055E+03   9.708873E-01
   2.455812E-01   2.903257E+03   5.581862E+03   9.709980E-01
   2.464313E-01   2.901183E+03   5.582076E+03   9.711093E-01
   2.472843E-01   2.898925E+03   5.582906E+03   9.706110E-01
   2.481403E-01   2.896857E+03   5.583010E+03   9.705363E-01
   2.489993E-01   2.894520E+03   5.584063E+03   9.709686E-01
   2.498612E-01   2.892500E+03   5.584166E+03   9.709759E-01
   2.507261E-01   2.890136E+03   5.584867E+03   9.702950E-01
   2.515940E-01   2.887956E+03   5.585080E+03   9.703630E-01
   2.524650E-01   2.885894E+03   5.586438E+03   9.708542E-01
   2.533389E-01   2.883646E+03   5.586266E+03   9.707805E-01
   2.542158E-01   2.881293E+03   5.587250E+03   9.699796E-01
   2.550958E-01   2.879333E+03   5.586909E+03   9.703687E-01
   2.559789E-01   2.877154E+03   5.588604E+03   9.704937E-01
   2.568650E-01   2.874649E+03   5.588039E+03   9.705756E-01
   2.577541E-01   2.872503E+03   5.589484E+03   9.700217E-01
   2.586463E-01   2.870459E+03   5.589070E+03   9.701548E-01
   2.595417E-01   2.868375E+03   5.590685E+03   9.700659E-01
   2.604401E-01   2.865989E+03   5.589970E+03   9.702872E-01
   2.613416E-01   2.863683E+03   5.591352E+03   9.702290E-01
   2.622463E-01   2.861660E+03   5.591894E+03   9.700501E-01
   2.631541E-01   2.859129E+03   5.592117E+03   9.697111E-01
   2.640650E-01   2.857435E+03   5.592032E+03   9.697832E-01
   2.649791E-01   2.855054E+03   5.593043E+03   9.700751E-01
   2.658963E-01   2.852837E+03   5.593665E+03   9.702090E-01
   2.668168E-01   2.850553E+03   5.594164E+03   9.698957E-01
   2.677404E-01   2.848230E+03   5.594398E+03   9.694655E-01
   2.686672E-01   2.846260E+03   5.595000E+03   9.694791E-01
   2.695972E-01   2.843791E+03   5.595054E+03   9.696413E-01
   2.705304E-01   2.842126E+03   5.596425E+03   9.699983E-01
   2.714669E-01   2.839579E+03   5.595337E+03   9.699881E-01
   2.724066E-01   2.837368E+03   5.597627E+03   9.693672E-01
   2.733495E-01   2.835072E+03   5.596599E+03   9.693377E-01
   2.742958E-01   2.833070E+03   5.597704E+03   9.693261E-01
   2.752453E-01   2.830725E+03   5.597946E+03   9.694032E-01
   2.761981E-01   2.828392E+03   5.598278E+03   9.694993E-01
   2.771541E-01   2.826453E+03   5.599054E+03   9.695317E-01
   2.781135E-01   2.824234E+03   5.598931E+03   9.695408E-01
   2.790762E-01   2.821925E+03   5.599794E+03   9.692210E-01
   2.800423E-01   2.819727E+03   5.599475E+03   9.691647E-01
   2.810117E-01   2.817232E+03   5.600268E+03   9.688103E-01
   2.819844E-01   2.815636E+03   5.600979E+03   9.692157E-01
   2.829605E-01   2.812764E+03   5.600015E+03   9.691079E-01
   2.839400E-01   2.810928E+03   5.602096E+03   9.690762E-01
   2.849229E-01   2.808647E+03   5.600770E+03   9.691882E-01
   2.859092E-01   2.806366E+03   5.602420E+03   9.688678E-01
   2.868989E-01   2.804128E+03   5.601474E+03   9.689418E-01
   2.878920E-01   2.801901E+03   5.602501E+03   9.687773E-01
   2.888886E-01   2.799873E+03   5.601911E+03   9.690892E-01
   2.898886E-01   2.797513E+03   5.603314E+03   9.689474E-01
   2.908921E-01   2.795261E+03   5.602625E+03   9.688160E-01
   2.918990E-01   2.792865E+03   5.603495E+03   9.686154E-01
   2.929094E-01   2.791098E+03   5.602987E+03   9.685468E-01
   2.939234E-01   2.788531E+03   5.603413E+03   9.683765E-01
   2.949408E-01   2.786725E+03   5.603567E+03   9.685052E-01
   2.959618E-01   2.783927E+03   5.603541E+03   9.682186E-01
   2.969863E-01   2.782097E+03   5.604355E+03   9.683362E-01
   2.980143E-01   2.779710E+03   5.604036E+03   9.683289E-01
   2.990459E-01   2.777670E+03   5.604092E+03   9.683921E-01
   3.000811E-01   2.775350E+03   5.603736E+03   9.683617E-01
   3.011198E-01   2.773320E+03   5.604555E+03   9.682739E-01
   3.021622E-01   2.771107E+03   5.603656E+03   9.683674E-01
   3.032081E-01   2.768470E+03   5.604959E+03   9.680401E-01
   3.042577E-01   2.766801E+03   5.604835E+03   9.681800E-01
   3.053109E-01   2.764092E+03   5.603653E+03   9.682177E-01
   3.063678E-01   2.762295E+03   5.605297E+03   9.679221E-01
   3.074283E-01   2.760146E+03   5.603868E+03   9.681918E-01
   3.084925E-01   2.757651E+03   5.604325E+03   9.678877E-01
   3.095604E-01   2.755647E+03   5.605105E+03   9.678608E-01
   3.106320E-01   2.753507E+03   5.604322E+03   9.680189E-01
   3.117072E-01   2.751116E+03   5.604554E+03   9.677708E-01
   3.127862E-01   2.749009E+03   5.604666E+03   9.677639E-01
   3.138690E-01   2.746627E+03   5.604126E+03   9.677510E-01
   3.149554E-01   2.744556E+03   5.604321E+03   9.676075E-01
   3.160457E-01   2.742501E+03   5.604306E+03   9.676819E-01
   3.171397E-01   2.740375E+03   5.604634E+03   9.676553E-01
   3.182375E-01   2.738156E+03   5.603669E+03   9.676151E-01
   3.193391E-01   2.735488E+03   5.603867E+03   9.673912E-01
   3.204445E-01   2.733759E+03   5.604416E+03   9.674222E-01
   3.215538E-01   2.731569E+03   5.603674E+03   9.674463E-01
   3.226669E-01   2.729386E+03   5.603951E+03   9.673942E-01
   3.237838E-01   2.727105E+03   5.603876E+03   9.672983E-01
   3.249046E-01   2.724951E+03   5.603016E+03   9.673094E-01
   3.260293E-01   2.722556E+03   5.602829E+03   9.671383E-01
   3.271579E-01   2.720791E+03   5.603904E+03   9.670980E-01
   3.282904E-01   2.718709E+03   5.603026E+03   9.673072E-01
   3.294268E-01   2.716144E+03   5.602744E+03   9.671196E-01
   3.305671E-01   2.714113E+03   5.602976E+03   9.669670E-01
   3.317114E-01   2.711967E+03   5.602012E+03   9.669633E-01
   3.328596E-01   2.709668E+03   5.602481E+03   9.668884E-01
   3.340119E-01   2.707981E+03   5.602395E+03   9.669628E-01
   3.351681E-01   2.705420E+03   5.601073E+03   9.669157E-01
   3.363283E-01   2.703185E+03   5.602323E+03   9.666381E-01
   3.374925E-01   2.701644E+03   5.601951E+03   9.668887E-01
   3.386608E-01   2.699152E+03   5.600533E+03   9.668569E-01
   3.398331E-01   2.696768E+03   5.601638E+03   9.665290E-01
   3.410094E-01   2.695044E+03   5.601409E+03   9.667193E-01
   3.421899E-01   2.692688E+03   5.599862E+03   9.665973E-01
   3.433744E-01   2.690361E+03   5.600195E+03   9.663136E-01
   3.445630E-01   2.688691E+03   5.600925E+03   9.664621E-01
   3.457557E-01   2.686552E+03   5.599869E+03   9.666048E-01
   3.469526E-01   2.684149E+03   5.599590E+03   9.664646E-01
   3.481536E-01   2.682165E+03   5.599600E+03   9.663456E-01
   3.493588E-01   2.679983E+03   5.599431E+03   9.662063E-01
   3.505681E-01   2.677984E+03   5.598827E+03   9.662678E-01
   3.517816E-01   2.675731E+03   5.597964E+03   9.662595E-01
   3.529993E-01   2.673623E+03   5.599070E+03   9.659430E-01
   3.542213E-01   2.671937E+03   5.599018E+03   9.661567E-01
   3.554474E-01   2.669641E+03   5.597915E+03   9.663031E-01
   3.566778E-01   2.667445E+03   5.597593E+03   9.660258E-01
   3.579125E-01   2.665178E+03   5.596941E+03   9.658055E-01
   3.591515E-01   2.663253E+03   5.597168E+03   9.658516E-01
   3.603947E-01   2.661525E+03   5.596724E+03   9.659413E-01
   3.616422E-01   2.659231E+03   5.596483E+03   9.657698E-01
   3.628941E-01   2.657120E+03   5.597000E+03   9.658070E-01
   3.641503E-01   2.655185E+03   5.596407E+03   9.658663E-01
   3.654108E-01   2.652696E+03   5.594705E+03   9.656228E-01
   3.666757E-01   2.650437E+03   5.595190E+03   9.653388E-01
   3.679450E-01   2.649121E+03   5.595706E+03   9.654970E-01
   3.692187E-01   2.647322E+03   5.594475E+03   9.657447E-01
   3.704967E-01   2.644884E+03   5.593702E+03   9.656229E-01
   3.717792E-01   2.642589E+03   5.594151E+03   9.653771E-01
   3.730662E-01   2.640797E+03   5.594368E+03   9.652732E-01
   3.743576E-01   2.638865E+03   5.592859E+03   9.653828E-01
   3.756535E-01   2.636479E+03   5.592159E+03   9.653274E-01
   3.769538E-01   2.634562E+03   5.593267E+03   9.650713E-01
   3.782587E-01   2.632948E+03   5.592461E+03   9.651471E-01
   3.795680E-01   2.630496E+03   5.590526E+03   9.652028E-01
   3.808820E-01   2.628417E+03   5.591296E+03   9.649500E-01
   3.822004E-01   2.627103E+03   5.590957E+03   9.650630E-01
   3.835234E-01   2.624843E+03   5.589431E+03   9.651100E-01
   3.848510E-01   2.622529E+03   5.590135E+03   9.648758E-01
   3.861832E-01   2.620804E+03   5.590184E+03   9.648590E-01
   3.875200E-01   2.618565E+03   5.588231E+03   9.648233E-01
   3.888615E-01   2.616118E+03   5.587677E+03   9.645740E-01
   3.902075E-01   2.614718E+03   5.588251E+03   9.645815E-01
   3.915583E-01   2.613297E+03   5.586626E+03   9.648306E-01
   3.929137E-01   2.610766E+03   5.585503E+03   9.646422E-01
   3.942738E-01   2.608732E+03   5.586716E+03   9.643657E-01
   3.956386E-01   2.607256E+03   5.586030E+03   9.646000E-01
   3.970081E-01   2.605022E+03   5.583653E+03   9.646431E-01
   3.983824E-01   2.602539E+03   5.582727E+03   9.642652E-01
   3.997614E-01   2.600660E+03   5.583352E+03   9.640641E-01
   4.011452E-01   2.599325E+03   5.583425E+03   9.641912E-01
   4.025338E-01   2.597562E+03   5.581252E+03   9.643730E-01
   4.039272E-01   2.594954E+03   5.579681E+03   9.641704E-01
   4.053255E-01   2.592830E+03   5.580488E+03   9.638560E-01
   4.067285E-01   2.591435E+03   5.580249E+03   9.639161E-01
   4.081365E-01   2.589549E+03   5.577923E+03   9.640678E-01
   4.095493E-01   2.587264E+03   5.576649E+03   9.639577E-01
   4.109670E-01   2.585479E+03   5.576732E+03   9.637960E-01
   4.123896E-01   2.583815E+03   5.575960E+03   9.637473E-01
   4.138171E-01   2.581791E+03   5.574272E+03   9.637673E-01
   4.152495E-01   2.579673E+03   5.572830E+03   9.636827E-01
   4.166870E-01   2.577688E+03   5.572201E+03   9.634227E-01
   4.181294E-01   2.575993E+03   5.571817E+03   9.633171E-01
   4.195767E-01   2.574323E+03   5.570625E+03   9.635022E-01
   4.210291E-01   2.572288E+03   5.569067E+03   9.635764E-01
   4.224866E-01   2.570139E+03   5.568088E+03   9.633656E-01
   4.239490E-01   2.568215E+03   5.567129E+03   9.631335E-01
   4.254166E-01   2.566388E+03   5.565461E+03   9.630814E-01
   4.268892E-01   2.564399E+03   5.563833E+03   9.630406E-01
   4.283669E-01   2.562582E+03   5.563177E+03   9.628633E-01
   4.298497E-01   2.561030E+03   5.562010E+03   9.629183E-01
   4.313377E-01   2.559176E+03   5.560152E+03   9.631106E-01
   4.328308E-01   2.557082E+03   5.559040E+03   9.629802E-01
   4.343291E-01   2.555139E+03   5.558128E+03   9.626796E-01
   4.358325E-01   2.553186E+03   5.556358E+03   9.625747E-01
   4.373412E-01   2.551175E+03   5.554360E+03   9.625637E-01
   4.388551E-01   2.549325E+03   5.552615E+03   9.624894E-01
   4.403742E-01   2.547594E+03   5.551099E+03   9.623758E-01
   4.418986E-01   2.545927E+03   5.549781E+03   9.622903E-01
   4.434283E-01   2.544139E+03   5.548407E+03   9.622446E-01
   4.449633E-01   2.542196E+03   5.547279E+03   9.621967E-01
   4.465035E-01   2.540368E+03   5.545821E+03   9.622500E-01
   4.480492E-01   2.538400E+03   5.543304E+03   9.623029E-01
   4.496001E-01   2.536151E+03   5.541155E+03   9.620182E-01
   4.511564E-01   2.534222E+03   5.539928E+03   9.616358E-01
   4.527182E-01   2.532617E+03   5.538213E+03   9.615815E-01
   4.542853E-01   2.530793E+03   5.536020E+03   9.616757E-01
   4.558578E-01   2.528859E+03   5.534388E+03   9.616182E-01
   4.574358E-01   2.527141E+03   5.532707E+03   9.615372E-01
   4.590193E-01   2.525295E+03   5.530266E+03   9.614938E-01
   4.606082E-01   2.523224E+03   5.528202E+03   9.613589E-01
   4.622026E-01   2.521451E+03   5.526927E+03   9.612127E-01
   4.638026E-01   2.519958E+03   5.525040E+03   9.611927E-01
   4.654081E-01   2.518088E+03   5.522314E+03   9.611901E-01
   4.670191E-01   2.515844E+03   5.520264E+03   9.610571E-01
   4.686358E-01   2.513867E+03   5.519036E+03   9.608922E-01
   4.702580E-01   2.512155E+03   5.517145E+03   9.608231E-01
   4.718858E-01   2.510262E+03   5.514382E+03   9.607518E-01
   4.735193E-01   2.508171E+03   5.511849E+03   9.605489E-01
   4.751584E-01   2.506244E+03   5.510042E+03   9.603291E-01
   4.768032E-01   2.504613E+03   5.508221E+03   9.603126E-01
   4.784537E-01   2.502998E+03   5.505747E+03   9.604387E-01
   4.801099E-01   2.501073E+03   5.503054E+03   9.603636E-01
   4.817719E-01   2.498954E+03   5.501037E+03   9.600243E-01
   4.834395E-01   2.496973E+03   5.499712E+03   9.597796E-01
   4.851130E-01   2.495285E+03   5.498223E+03   9.598505E-01
   4.867923E-01   2.493621E+03   5.495379E+03   9.600961E-01
   4.884773E-01   2.491489E+03   5.491747E+03   9.600794E-01
   4.901682E-01   2.489207E+03   5.489274E+03   9.596336E-01
   4.918650E-01   2.487414E+03   5.487746E+03   9.591894E-01
   4.935676E-01   2.485855E+03   5.485706E+03   9.591068E-01
   4.952762E-01   2.483991E+03   5.483354E+03   9.591865E-01
   4.969906E-01   2.482022E+03   5.481491E+03   9.591726E-01
   4.987110E-01   2.480266E+03   5.479459E+03   9.591388E-01
   5.004373E-01   2.478405E+03   5.476652E+03   9.591078E-01
   5.021696E-01   2.476241E+03   5.473974E+03   9.589677E-01
   5.039079E-01   2.474127E+03   5.472019E+03   9.587966E-01
   5.056522E-01   2.472278E+03   5.470173E+03   9.587086E-01
   5.074026E-01   2.470502E+03   5.467831E+03   9.586135E-01
   5.091590E-01   2.468553E+03   5.465183E+03   9.583739E-01
   5.109215E-01   2.466490E+03   5.462729E+03   9.580559E-01
   5.126901E-01   2.464475E+03   5.460427E+03   9.578821E-01
   5.144648E-01   2.462460E+03   5.458181E+03   9.578762E-01
   5.162457E-01   2.460431E+03   5.456312E+03   9.578379E-01
   5.180327E-01   2.458570E+03   5.454704E+03   9.576996E-01
   5.198259E-01   2.456902E+03   5.452596E+03   9.576103E-01
   5.216253E-01   2.455177E+03   5.449758E+03   9.576713E-01
   5.234310E-01   2.453188E+03   5.446989E+03   9.577273E-01
   5.252429E-01   2.451068E+03   5.445242E+03   9.575395E-01
   5.270611E-01   2.449144E+03   5.444111E+03   9.572210E-01
   5.288855E-01   2.447344E+03   5.442198E+03   9.570660E-01
   5.307163E-01   2.445242E+03   5.439160E+03   9.570599E-01
   5.325534E-01   2.442727E+03   5.436197E+03   9.569338E-01
   5.343969E-01   2.440219E+03   5.434264E+03   9.566164E-01
   5.362468E-01   2.438100E+03   5.433072E+03   9.562893E-01
   5.381030E-01   2.436396E+03   5.431893E+03   9.561092E-01
   5.399657E-01   2.434885E+03   5.430138E+03   9.560937E-01
   5.418348E-01   2.433216E+03   5.427710E+03   9.561370E-01
   5.437105E-01   2.431186E+03   5.425211E+03   9.561142E-01
   5.455926E-01   2.428908E+03   5.423331E+03   9.559854E-01
   5.474812E-01   2.426670E+03   5.422077E+03   9.558082E-01
   5.493763E-01   2.424615E+03   5.420767E+03   9.556691E-01
   5.512780E-01   2.422613E+03   5.418787E+03   9.555786E-01
   5.531863E-01   2.420451E+03   5.416229E+03   9.554895E-01
   5.551012E-01   2.418109E+03   5.413882E+03   9.553583E-01
   5.570228E-01   2.415806E+03   5.412553E+03   9.551467E-01
   5.589509E-01   2.413812E+03   5.412231E+03   9.548587E-01
   5.608858E-01   2.412161E+03   5.411891E+03   9.546218E-01
   5.628273E-01   2.410527E+03   5.410408E+03   9.545820E-01
   5.647756E-01   2.408486E+03   5.407749E+03   9.547021E-01
   5.667306E-01   2.405952E+03   5.405007E+03   9.547643E-01
   5.686924E-01   2.403241E+03   5.403233E+03   9.545891E-01
   5.706610E-01   2.400714E+03   5.402557E+03   9.541897E-01
   5.726364E-01   2.398517E+03   5.402407E+03   9.537294E-01
   5.746186E-01   2.396607E+03   5.402026E+03   9.534153E-01
   5.766077E-01   2.394803E+03   5.400895E+03   9.533703E-01
   5.786037E-01   2.392888E+03   5.399168E+03   9.535170E-01
   5.806066E-01   2.390791E+03   5.397521E+03   9.536484E-01
   5.826164E-01   2.388597E+03   5.396360E+03   9.536342E-01
   5.846332E-01   2.386321E+03   5.395524E+03   9.534815E-01
   5.866569E-01   2.383899E+03   5.394897E+03   9.532126E-01
   5.886877E-01   2.381418E+03   5.394497E+03   9.528724E-01
   5.907255E-01   2.379048E+03   5.393968E+03   9.525961E-01
   5.927703E-01   2.376770E+03   5.392937E+03   9.524696E-01
   5.948222E-01   2.374458E+03   5.391663E+03   9.524190E-01
   5.968813E-01   2.372111E+03   5.390764E+03   9.523196E-01
   5.989474E-01   2.369886E+03   5.390519E+03   9.521359E-01
   6.010207E-01   2.367919E+03   5.390480E+03   9.519634E-01
   6.031012E-01   2.366067E+03   5.389873E+03   9.519063E-01
   6.051889E-01   2.363960E+03   5.388585E+03   9.519103E-01
   6.072838E-01   2.361387E+03   5.387510E+03   9.517979E-01
   6.093860E-01   2.358584E+03   5.387615E+03   9.514951E-01
   6.114954E-01   2.355997E+03   5.388713E+03   9.511576E-01
   6.136121E-01   2.353780E+03   5.389548E+03   9.510040E-01
   6.157362E-01   2.351649E+03   5.389095E+03   9.510682E-01
   6.178676E-01   2.349218E+03   5.387575E+03   9.511550E-01
   6.200064E-01   2.346411E+03   5.386242E+03   9.510174E-01
   6.221526E-01   2.343570E+03   5.386230E+03   9.505915E-01
   6.243063E-01   2.341141E+03   5.387534E+03   9.500786E-01
   6.264674E-01   2.339246E+03   5.389046E+03   9.497833E-01
   6.286359E-01   2.337538E+03   5.389577E+03   9.498395E-01
   6.308120E-01   2.335500E+03   5.388913E+03   9.500916E-01
   6.329956E-01   2.332902E+03   5.387871E+03   9.502609E-01
   6.351868E-01   2.329948E+03   5.387413E+03   9.501948E-01
   6.373855E-01   2.327005E+03   5.387880E+03   9.499305E-01
   6.395919E-01   2.324297E+03   5.389030E+03   9.495801E-01
   6.418059E-01   2.321855E+03   5.390420E+03   9.492445E-01
   6.440276E-01   2.319591E+03   5.391572E+03   9.490149E-01
   6.462569E-01   2.317335E+03   5.392177E+03   9.489356E-01
   6.484940E-01   2.314936E+03   5.392354E+03   9.489498E-01
   6.507388E-01   2.312373E+03   5.392474E+03   9.489455E-01
   6.529914E-01   2.309706E+03   5.392781E+03   9.488390E-01
   6.552518E-01   2.306975E+03   5.393307E+03   9.486079E-01
   6.575200E-01   2.304187E+03   5.393997E+03   9.482883E-01
   6.597960E-01   2.301359E+03   5.394840E+03   9.479517E-01
   6.620800E-01   2.298560E+03   5.395867E+03   9.476743E-01
   6.643718E-01   2.295887E+03   5.397061E+03   9.475104E-01
   6.666716E-01   2.293398E+03   5.398320E+03   9.474655E-01
   6.689793E-01   2.291074E+03   5.399496E+03   9.474937E-01
   6.712951E-01   2.288822E+03   5.400441E+03   9.475350E-01
   6.736188E-01   2.286492E+03   5.401109E+03   9.475446E-01
   6.759506E-01   2.283953E+03   5.401655E+03   9.474859E-01
   6.782905E-01   2.281167E+03   5.402363E+03   9.473276E-01
   6.806384E-01   2.278217E+03   5.403440E+03   9.470660E-01
   6.829945E-01   2.275240E+03   5.404843E+03   9.467545E-01
   6.853587E-01   2.272328E+03   5.406316E+03   9.464860E-01
   6.877312E-01   2.269478E+03   5.407631E+03   9.463199E-01
   6.901118E-01   2.266654E+03   5.408804E+03   9.462371E-01
   6.925007E-01   2.263866E+03   5.409998E+03   9.461779E-01
   6.948978E-01   2.261147E+03   5.411278E+03   9.460992E-01
   6.973033E-01   2.258485E+03   5.412595E+03   9.459821E-01
   6.997171E-01   2.255821E+03   5.413922E+03   9.458212E-01
   7.021392E-01   2.253115E+03   5.415296E+03   9.456311E-01
   7.045697E-01   2.250359E+03   5.416734E+03   9.454435E-01
   7.070086E-01   2.247554E+03   5.418206E+03   9.452796E-01
   7.094560E-01   2.244698E+03   5.419679E+03   9.451333E-01
   7.119118E-01   2.241800E+03   5.421127E+03   9.449887E-01
   7.143762E-01   2.238869E+03   5.422510E+03   9.448454E-01
   7.168490E-01   2.235912E+03   5.423792E+03   9.447200E-01
   7.193305E-01   2.232935E+03   5.424990E+03   9.446309E-01
   7.218205E-01   2.229949E+03   5.426180E+03   9.445778E-01
   7.243191E-01   2.226983E+03   5.427465E+03   9.445330E-01
   7.268264E-01   2.224084E+03   5.428894E+03   9.444630E-01
   7.293424E-01   2.221284E+03   5.430384E+03   9.443539E-01
   7.318671E-01   2.218553E+03   5.431772E+03   9.442095E-01
   7.344005E-01   2.215790E+03   5.432983E+03   9.440280E-01
   7.369427E-01   2.212887E+03   5.434138E+03   9.437955E-01
   7.394937E-01   2.209814E+03   5.435483E+03   9.435095E-01
   7.420535E-01   2.206645E+03   5.437162E+03   9.432073E-01
   7.446222E-01   2.203497E+03   5.439057E+03   9.429624E-01
   7.471998E-01   2.200439E+03   5.440836E+03   9.428447E-01
   7.497862E-01   2.197444E+03   5.442183E+03   9.428701E-01
   7.523817E-01   2.194419E+03   5.443029E+03   9.429763E-01
   7.549861E-01   2.191293E+03   5.443623E+03   9.430482E-01
   7.575996E-01   2.188082E+03   5.444364E+03   9.429820E-01
   7.602221E-01   2.184882E+03   5.445535E+03   9.427457E-01
   7.628536E-01   2.181799E+03   5.447138E+03   9.423911E-01
   7.654943E-01   2.178867E+03   5.448933E+03   9.420163E-01
   7.681441E-01   2.176022E+03   5.450618E+03   9.417104E-01
   7.708031E-01   2.173140E+03   5.452031E+03   9.415134E-01
   7.734713E-01   2.170123E+03   5.453208E+03   9.414123E-01
   7.761488E-01   2.166954E+03   5.454285E+03   9.413709E-01
   7.788355E-01   2.163693E+03   5.455326E+03   9.413653E-01
   7.815315E-01   2.160412E+03   5.456279E+03   9.413904E-01
   7.842368E-01   2.157152E+03   5.457075E+03   9.414390E-01
   7.869515E-01   2.153926E+03   5.457725E+03   9.414846E-01
   7.896756E-01   2.150746E+03   5.458291E+03   9.414912E-01
   7.924091E-01   2.147615E+03   5.458806E+03   9.414323E-01
   7.951521E-01   2.144508E+03   5.459268E+03   9.412969E-01
   7.979046E-01   2.141363E+03   5.459707E+03   9.410812E-01
   8.006666E-01   2.138125E+03   5.460242E+03   9.407867E-01
   8.034382E-01   2.134779E+03   5.461011E+03   9.404292E-01
   8.062194E-01   2.131365E+03   5.462068E+03   9.400455E-01
   8.090102E-01   2.127952E+03   5.463314E+03   9.396883E-01
   8.118106E-01   2.124599E+03   5.464529E+03   9.394092E-01
   8.146208E-01   2.121332E+03   5.465464E+03   9.392413E-01
   8.174406E-01   2.118133E+03   5.465934E+03   9.391885E-01
   8.202703E-01   2.114950E+03   5.465888E+03   9.392235E-01
   8.231097E-01   2.111727E+03   5.465429E+03   9.392946E-01
   8.259590E-01   2.108425E+03   5.464795E+03   9.393413E-01
   8.288181E-01   2.105044E+03   5.464271E+03   9.393167E-01
   8.316871E-01   2.101628E+03   5.464078E+03   9.392071E-01
   8.345661E-01   2.098232E+03   5.464290E+03   9.390333E-01
   8.374550E-01   2.094901E+03   5.464819E+03   9.388346E-01
   8.403539E-01   2.091644E+03   5.465468E+03   9.386477E-01
   8.432629E-01   2.088435E+03   5.466014E+03   9.384912E-01
   8.461819E-01   2.085226E+03   5.466276E+03   9.383628E-01
   8.491110E-01   2.081967E+03   5.466155E+03   9.382466E-01
   8.520503E-01   2.078621E+03   5.465630E+03   9.381274E-01
   8.549997E-01   2.075172E+03   5.464738E+03   9.380019E-01
   8.579594E-01   2.071624E+03   5.463561E+03   9.378782E-01
   8.609293E-01   2.067998E+03   5.462217E+03   9.377667E-01
   8.639095E-01   2.064326E+03   5.460839E+03   9.376685E-01
   8.669000E-01   2.060645E+03   5.459562E+03   9.375688E-01
   8.699008E-01   2.057000E+03   5.458492E+03   9.374427E-01
   8.729120E-01   2.053434E+03   5.457677E+03   9.372701E-01
   8.759337E-01   2.049981E+03   5.457070E+03   9.370503E-01
   8.789658E-01   2.046651E+03   5.456535E+03   9.368044E-01
   8.820084E-01   2.043420E+03   5.455879E+03   9.365648E-01
   8.850616E-01   2.040227E+03   5.454919E+03   9.363621E-01
   8.881253E-01   2.036992E+03   5.453538E+03   9.362145E-01
   8.911996E-01   2.033641E+03   5.451719E+03   9.361237E-01
   8.942846E-01   2.030124E+03   5.449553E+03   9.360750E-01
   8.973802E-01   2.026435E+03   5.447204E+03   9.360407E-01
   9.004866E-01   2.022613E+03   5.444864E+03   9.359892E-01
   9.036037E-01   2.018735E+03   5.442690E+03   9.358948E-01
   9.067316E-01   2.014892E+03   5.440753E+03   9.357479E-01
   9.098703E-01   2.011166E+03   5.439023E+03   9.355573E-01
   9.130199E-01   2.007600E+03   5.437385E+03   9.353451E-01
   9.161804E-01   2.004192E+03   5.435690E+03   9.351364E-01
   9.193518E-01   2.000898E+03   5.433801E+03   9.349510E-01
   9.225342E-01   1.997652E+03   5.431625E+03   9.347999E-01
   9.257277E-01   1.994382E+03   5.429112E+03   9.346857E-01
   9.289321E-01   1.991024E+03   5.426255E+03   9.346038E-01
   9.321477E-01   1.987531E+03   5.423088E+03   9.345422E-01
   9.353744E-01   1.983878E+03   5.419684E+03   9.344825E-01
   9.386123E-01   1.980074E+03   5.416150E+03   9.344042E-01
   9.418614E-01   1.976156E+03   5.412592E+03   9.342919E-01
   9.451217E-01   1.972186E+03   5.409082E+03   9.341422E-01
   9.483933E-01   1.968229E+03   5.405642E+03   9.339640E-01
   9.516763E-01   1.964340E+03   5.402248E+03   9.337740E-01
   9.549706E-01   1.960552E+03   5.398856E+03   9.335876E-01
   9.582763E-01   1.956873E+03   5.395424E+03   9.334128E-01
   9.615934E-01   1.953293E+03   5.391924E+03   9.332478E-01
   9.649221E-01   1.949789E+03   5.388336E+03   9.330849E-01
   9.682622E-01   1.946337E+03   5.384632E+03   9.329178E-01
   9.716140E-01   1.942906E+03   5.380770E+03   9.327462E-01
   9.749773E-01   1.939461E+03   5.376698E+03   9.325759E-01
   9.783522E-01   1.935960E+03   5.372380E+03   9.324134E-01
   9.817389E-01   1.932367E+03   5.367818E+03   9.322615E-01
   9.851373E-01   1.928662E+03   5.363058E+03   9.321172E-01
   9.885474E-01   1.924844E+03   5.358173E+03   9.319751E-01
   9.919693E-01   1.920942E+03   5.353239E+03   9.318315E-01
   9.954031E-01   1.916999E+03   5.348306E+03   9.316870E-01
   9.988488E-01   1.913067E+03   5.343382E+03   9.315461E-01
   1.002306E+00   1.909190E+03   5.338434E+03   9.314161E-01
   1.005776E+00   1.905397E+03   5.333391E+03   9.313044E-01
   1.009258E+00   1.901694E+03   5.328168E+03   9.312156E-01
   1.012751E+00   1.898062E+03   5.322692E+03   9.311493E-01
   1.016257E+00   1.894460E+03   5.316928E+03   9.310969E-01
   1.019775E+00   1.890842E+03   5.310904E+03   9.310414E-01
   1.023305E+00   1.887165E+03   5.304700E+03   9.309592E-01
   1.026847E+00   1.883406E+03   5.298431E+03   9.308266E-01
   1.030402E+00   1.879565E+03   5.292210E+03   9.306270E-01
   1.033968E+00   1.875664E+03   5.286110E+03   9.303566E-01
   1.037548E+00   1.871738E+03   5.280143E+03   9.300271E-01
   1.041139E+00   1.867822E+03   5.274266E+03   9.296629E-01
   1.044743E+00   1.863942E+03   5.268396E+03   9.292949E-01
   1.048360E+00   1.860113E+03   5.262433E+03   9.289550E-01
   1.051989E+00   1.856340E+03   5.256288E+03   9.286699E-01
   1.055630E+00   1.852618E+03   5.249888E+03   9.284588E-01
   1.059284E+00   1.848938E+03   5.243183E+03   9.283320E-01
   1.062951E+00   1.845285E+03   5.236147E+03   9.282901E-01
   1.066631E+00   1.841637E+03   5.228783E+03   9.283223E-01
   1.070323E+00   1.837970E+03   5.221125E+03   9.284062E-01
   1.074028E+00   1.834261E+03   5.213240E+03   9.285089E-01
   1.077746E+00   1.830492E+03   5.205221E+03   9.285918E-01
   1.081476E+00   1.826659E+03   5.197166E+03   9.286185E-01
   1.085220E+00   1.822770E+03   5.189154E+03   9.285629E-01
   1.088977E+00   1.818846E+03   5.181225E+03   9.284155E-01
   1.092746E+00   1.814909E+03   5.173367E+03   9.281842E-01
   1.096529E+00   1.810979E+03   5.165526E+03   9.278912E-01
   1.100324E+00   1.807066E+03   5.157625E+03   9.275652E-01
   1.104133E+00   1.803170E+03   5.149588E+03   9.272348E-01
   1.107955E+00   1.799283E+03   5.141361E+03   9.269219E-01
   1.111791E+00   1.795392E+03   5.132927E+03   9.266387E-01
   1.115639E+00   1.791486E+03   5.124306E+03   9.263877E-01
   1.119501E+00   1.787562E+03   5.115548E+03   9.261633E-01
   1.123376E+00   1.783625E+03   5.106719E+03   9.259555E-01
   1.127265E+00   1.779687E+03   5.097879E+03   9.257535E-01
   1.131167E+00   1.775768E+03   5.089066E+03   9.255498E-01
   1.135083E+00   1.771884E+03   5.080288E+03   9.253412E-01
   1.139012E+00   1.768052E+03   5.071518E+03   9.251300E-01
   1.142955E+00   1.764274E+03   5.062703E+03   9.249221E-01
   1.146911E+00   1.760548E+03   5.053775E+03   9.247261E-01
   1.150881E+00   1.756856E+03   5.044663E+03   9.245508E-01
   1.154865E+00   1.753176E+03   5.035304E+03   9.244031E-01
   1.158863E+00   1.749479E+03   5.025662E+03   9.242858E-01
   1.162874E+00   1.745739E+03   5.015730E+03   9.241957E-01
   1.166900E+00   1.741933E+03   5.005536E+03   9.241240E-01
   1.170939E+00   1.738051E+03   4.995138E+03   9.240570E-01
   1.174992E+00   1.734096E+03   4.984610E+03   9.239802E-01
   1.179060E+00   1.730084E+03   4.974027E+03   9.238807E-01
   1.183141E+00   1.726042E+03   4.963451E+03   9.237510E-01
   1.187237E+00   1.722004E+03   4.952916E+03   9.235901E-01
   1.191346E+00   1.718000E+03   4.942422E+03   9.234033E-01
   1.195470E+00   1.714051E+03   4.931943E+03   9.232002E-01
   1.199608E+00   1.710168E+03   4.921432E+03   9.229920E-01
   1.203761E+00   1.706345E+03   4.910833E+03   9.227881E-01
   1.207928E+00   1.702568E+03   4.900101E+03   9.225945E-01
   1.212109E+00   1.698810E+03   4.889204E+03   9.224121E-01
   1.216305E+00   1.695044E+03   4.878138E+03   9.222366E-01
   1.220515E+00   1.691241E+03   4.866919E+03   9.220593E-01
   1.224740E+00   1.687384E+03   4.855587E+03   9.218692E-01
   1.228980E+00   1.683461E+03   4.844194E+03   9.216549E-01
   1.233234E+00   1.679477E+03   4.832790E+03   9.214077E-01
   1.237503E+00   1.675445E+03   4.821417E+03   9.211234E-01
   1.241787E+00   1.671387E+03   4.810096E+03   9.208046E-01
   1.246085E+00   1.667331E+03   4.798826E+03   9.204598E-01
   1.250399E+00   1.663302E+03   4.787583E+03   9.201031E-01
   1.254727E+00   1.659322E+03   4.776324E+03   9.197518E-01
   1.259070E+00   1.655405E+03   4.764997E+03   9.194238E-01
   1.263429E+00   1.651556E+03   4.753542E+03   9.191347E-01
   1.267802E+00   1.647769E+03   4.741910E+03   9.188957E-01
   1.272191E+00   1.644032E+03   4.730059E+03   9.187115E-01
   1.276595E+00   1.640326E+03   4.717970E+03   9.185802E-01
   1.281014E+00   1.636631E+03   4.705638E+03   9.184934E-01
   1.285448E+00   1.632926E+03   4.693079E+03   9.184384E-01
   1.289898E+00   1.629193E+03   4.680322E+03   9.183998E-01
   1.294363E+00   1.625421E+03   4.667405E+03   9.183618E-01
   1.298843E+00   1.621601E+03   4.654370E+03   9.183104E-01
   1.303339E+00   1.617730E+03   4.641259E+03   9.182341E-01
   1.307851E+00   1.613811E+03   4.628109E+03   9.181252E-01
   1.312378E+00   1.609847E+03   4.614955E+03   9.179791E-01
   1.316921E+00   1.605848E+03   4.601824E+03   9.177945E-01
   1.321480E+00   1.601823E+03   4.588734E+03   9.175726E-01
   1.326054E+00   1.597783E+03   4.575702E+03   9.173166E-01
   1.330644E+00   1.593741E+03   4.562735E+03   9.170311E-01
   1.335251E+00   1.589709E+03   4.549834E+03   9.167215E-01
   1.339873E+00   1.585701E+03   4.536992E+03   9.163940E-01
   1.344511E+00   1.581726E+03   4.524196E+03   9.160554E-01
   1.349165E+00   1.577795E+03   4.511421E+03   9.157130E-01
   1.353835E+00   1.573915E+03   4.498637E+03   9.153747E-01
   1.358522E+00   1.570089E+03   4.485805E+03   9.150480E-01
   1.363224E+00   1.566314E+03   4.472883E+03   9.147406E-01
   1.367943E+00   1.562584E+03   4.459829E+03   9.144583E-01
   1.372678E+00   1.558888E+03   4.446608E+03   9.142053E-01
   1.377430E+00   1.555209E+03   4.433194E+03   9.139825E-01
   1.382198E+00   1.551531E+03   4.419575E+03   9.137879E-01
   1.386983E+00   1.547836E+03   4.405755E+03   9.136162E-01
   1.391784E+00   1.544109E+03   4.391755E+03   9.134597E-01
   1.396602E+00   1.540339E+03   4.377606E+03   9.133090E-01
   1.401436E+00   1.536521E+03   4.363349E+03   9.131549E-01
   1.406287E+00   1.532653E+03   4.349029E+03   9.129889E-01
   1.411155E+00   1.528743E+03   4.334687E+03   9.128049E-01
   1.416040E+00   1.524798E+03   4.320360E+03   9.125993E-01
   1.420942E+00   1.520833E+03   4.306074E+03   9.123714E-01
   1.425861E+00   1.516860E+03   4.291844E+03   9.121231E-01
   1.430796E+00   1.512894E+03   4.277675E+03   9.118581E-01
   1.435749E+00   1.508945E+03   4.263561E+03   9.115817E-01
   1.440719E+00   1.505024E+03   4.249488E+03   9.112994E-01
   1.445706E+00   1.501135E+03   4.235437E+03   9.110166E-01
   1.450711E+00   1.497280E+03   4.221386E+03   9.107382E-01
   1.455732E+00   1.493460E+03   4.207314E+03   9.104673E-01
   1.460772E+00   1.489671E+03   4.193199E+03   9.102062E-01
   1.465828E+00   1.485907E+03   4.179025E+03   9.099551E-01
   1.470902E+00   1.482162E+03   4.164780E+03   9.097132E-01
   1.475994E+00   1.478428E+03   4.150454E+03   9.094786E-01
   1.481103E+00   1.474699E+03   4.136045E+03   9.092486E-01
   1.486230E+00   1.470969E+03   4.121551E+03   9.090206E-01
   1.491375E+00   1.467233E+03   4.106975E+03   9.087917E-01
   1.496537E+00   1.463487E+03   4.092321E+03   9.085598E-01
   1.501718E+00   1.459728E+03   4.077598E+03   9.083227E-01
   1.506916E+00   1.455953E+03   4.062813E+03   9.080790E-01
   1.512132E+00   1.452163E+03   4.047977E+03   9.078273E-01
   1.517367E+00   1.448359E+03   4.033101E+03   9.075669E-01
   1.522619E+00   1.444543E+03   4.018197E+03   9.072970E-01
   1.527890E+00   1.440716E+03   4.003277E+03   9.070176E-01
   1.533179E+00   1.436885E+03   3.988350E+03   9.067292E-01
   1.538486E+00   1.433052E+03   3.973424E+03   9.064328E-01
   1.543812E+00   1.429223E+03   3.958503E+03   9.061299E-01
   1.549156E+00   1.425401E+03   3.943591E+03   9.058226E-01
   1.554518E+00   1.421589E+03   3.928688E+03   9.055130E-01
   1.559899E+00   1.417790E+03   3.913794E+03   9.052029E-01
   1.565299E+00   1.414003E+03   3.898907E+03   9.048939E-01
   1.570717E+00   1.410230E+03   3.884027E+03   9.045866E-01
   1.576155E+00   1.406469E+03   3.869154E+03   9.042812E-01
   1.581611E+00   1.402720E+03   3.854288E+03   9.039772E-01
   1.587085E+00   1.398982E+03   3.839431E+03   9.036739E-01
   1.592579E+00   1.395255E+03   3.824582E+03   9.033705E-01
   1.598092E+00   1.391539E+03   3.809742E+03   9.030666E-01
   1.603624E+00   1.387836E+03   3.794907E+03   9.027626E-01
   1.609175E+00   1.384147E+03   3.780073E+03   9.024595E-01
   1.614745E+00   1.380473E+03   3.765233E+03   9.021592E-01
   1.620335E+00   1.376815E+03   3.750378E+03   9.018643E-01
   1.625944E+00   1.373175E+03   3.735498E+03   9.015779E-01
   1.631572E+00   1.369550E+03   3.720581E+03   9.013030E-01
   1.637220E+00   1.365940E+03   3.705614E+03   9.010424E-01
   1.642887E+00   1.362343E+03   3.690589E+03   9.007981E-01
   1.648574E+00   1.358753E+03   3.675497E+03   9.005711E-01
   1.654281E+00   1.355167E+03   3.660331E+03   9.003610E-01
   1.660008E+00   1.351580E+03   3.645092E+03   9.001661E-01
   1.665754E+00   1.347985E+03   3.629780E+03   8.999832E-01
   1.671520E+00   1.344376E+03   3.614402E+03   8.998077E-01
   1.677306E+00   1.340750E+03   3.598968E+03   8.996339E-01
   1.683112E+00   1.337101E+03   3.583494E+03   8.994553E-01
   1.688938E+00   1.333427E+03   3.567995E+03   8.992650E-01
   1.694785E+00   1.329726E+03   3.552492E+03   8.990557E-01
   1.700651E+00   1.325997E+03   3.537006E+03   8.988208E-01
   1.706538E+00   1.322243E+03   3.521557E+03   8.985542E-01
   1.712446E+00   1.318467E+03   3.506166E+03   8.982511E-01
   1.718373E+00   1.314674E+03   3.490850E+03   8.979084E-01
   1.724322E+00   1.310872E+03   3.475624E+03   8.975249E-01
   1.730291E+00   1.307068E+03   3.460496E+03   8.971014E-01
   1.736280E+00   1.303270E+03   3.445472E+03   8.966411E-01
   1.742290E+00   1.299488E+03   3.430550E+03   8.961489E-01
   1.748322E+00   1.295728E+03   3.415724E+03   8.956319E-01
   1.754374E+00   1.292000E+03   3.400983E+03   8.950985E-01
   1.760446E+00   1.288308E+03   3.386312E+03   8.945580E-01
   1.766540E+00   1.284658E+03   3.371692E+03   8.940205E-01
   1.772655E+00   1.281052E+03   3.357103E+03   8.934960E-01
   1.778792E+00   1.277491E+03   3.342522E+03   8.929939E-01
   1.784949E+00   1.273973E+03   3.327929E+03   8.925226E-01
   1.791128E+00   1.270496E+03   3.313304E+03   8.920889E-01
   1.797328E+00   1.267055E+03   3.298630E+03   8.916981E-01
   1.803549E+00   1.263642E+03   3.283894E+03   8.913530E-01
   1.809793E+00   1.260252E+03   3.269086E+03   8.910542E-01
   1.816057E+00   1.256875E+03   3.254202E+03   8.908004E-01
   1.822344E+00   1.253505E+03   3.239242E+03   8.905876E-01
   1.828652E+00   1.250132E+03   3.224210E+03   8.904103E-01
   1.834982E+00   1.246750E+03   3.209114E+03   8.902611E-01
   1.841334E+00   1.243352E+03   3.193968E+03   8.901318E-01
   1.847708E+00   1.239935E+03   3.178785E+03   8.900130E-01
   1.854104E+00   1.236493E+03   3.163582E+03   8.898955E-01
   1.860522E+00   1.233025E+03   3.148377E+03   8.897702E-01
   1.866962E+00   1.229531E+03   3.133187E+03   8.896286E-01
   1.873425E+00   1.226012E+03   3.118029E+03   8.894634E-01
   1.879910E+00   1.222469E+03   3.102917E+03   8.892683E-01
   1.886418E+00   1.218907E+03   3.087865E+03   8.890386E-01
   1.892948E+00   1.215328E+03   3.072884E+03   8.887709E-01
   1.899500E+00   1.211739E+03   3.057983E+03   8.884636E-01
   1.906075E+00   1.208143E+03   3.043166E+03   8.881163E-01
   1.912673E+00   1.204547E+03   3.028437E+03   8.877299E-01
   1.919294E+00   1.200955E+03   3.013798E+03   8.873067E-01
   1.925938E+00   1.197373E+03   2.999246E+03   8.868501E-01
   1.932605E+00   1.193805E+03   2.984777E+03   8.863644E-01
   1.939295E+00   1.190256E+03   2.970385E+03   8.858546E-01
   1.946008E+00   1.186729E+03   2.956063E+03   8.853268E-01
   1.952744E+00   1.183226E+03   2.941801E+03   8.847872E-01
   1.959504E+00   1.179751E+03   2.927588E+03   8.842425E-01
   1.966287E+00   1.176305E+03   2.913414E+03   8.836993E-01
   1.973093E+00   1.172887E+03   2.899267E+03   8.831643E-01
   1.979923E+00   1.169497E+03   2.885136E+03   8.826435E-01
   1.986777E+00   1.166133E+03   2.871010E+03   8.821424E-01
   1.993654E+00   1.162793E+03   2.856881E+03   8.816655E-01
   2.000555E+00   1.159474E+03   2.842742E+03   8.812163E-01
   2.007480E+00   1.156173E+03   2.828586E+03   8.807970E-01
   2.014430E+00   1.152885E+03   2.814412E+03   8.804087E-01
   2.021403E+00   1.149606E+03   2.800217E+03   8.800509E-01
   2.028400E+00   1.146334E+03   2.786003E+03   8.797221E-01
   2.035421E+00   1.143063E+03   2.771774E+03   8.794197E-01
   2.042467E+00   1.139792E+03   2.757534E+03   8.791400E-01
   2.049537E+00   1.136516E+03   2.743289E+03   8.788788E-01
   2.056632E+00   1.133234E+03   2.729046E+03   8.786311E-01
   2.063751E+00   1.129944E+03   2.714814E+03   8.783917E-01
   2.070895E+00   1.126645E+03   2.700600E+03   8.781553E-01
   2.078064E+00   1.123337E+03   2.686413E+03   8.779168E-01
   2.085257E+00   1.120020E+03   2.672260E+03   8.776711E-01
   2.092475E+00   1.116694E+03   2.658150E+03   8.774137E-01
   2.099719E+00   1.113360E+03   2.644088E+03   8.771406E-01
   2.106987E+00   1.110021E+03   2.630081E+03   8.768484E-01
   2.114280E+00   1.106677E+03   2.616134E+03   8.765343E-01
   2.121599E+00   1.103330E+03   2.602249E+03   8.761963E-01
   2.128943E+00   1.099983E+03   2.588432E+03   8.758332E-01
   2.136313E+00   1.096638E+03   2.574682E+03   8.754444E-01
   2.143708E+00   1.093296E+03   2.561001E+03   8.750302E-01
   2.151128E+00   1.089960E+03   2.547388E+03   8.745911E-01
   2.158575E+00   1.086631E+03   2.533842E+03   8.741286E-01
   2.166047E+00   1.083311E+03   2.520362E+03   8.736445E-01
   2.173545E+00   1.080002E+03   2.506946E+03   8.731409E-01
   2.181069E+00   1.076704E+03   2.493589E+03   8.726203E-01
   2.188619E+00   1.073419E+03   2.480291E+03   8.720854E-01
   2.196195E+00   1.070148E+03   2.467046E+03   8.715391E-01
   2.203797E+00   1.066890E+03   2.453852E+03   8.709844E-01
   2.211426E+00   1.063648E+03   2.440705E+03   8.704242E-01
   2.219081E+00   1.060420E+03   2.427602E+03   8.698616E-01
   2.226762E+00   1.113898E+03   3.633255E+03   8.618305E-01
   2.234470E+00   1.123958E+03   3.848386E+03   8.596888E-01
   2.242205E+00   1.126221E+03   3.941274E+03   8.583639E-01
   2.249967E+00   1.129308E+03   3.992776E+03   8.573692E-01
   2.257755E+00   1.129847E+03   4.028768E+03   8.564766E-01
   2.265571E+00   1.129090E+03   4.053682E+03   8.556690E-01
   2.273413E+00   1.126505E+03   4.070492E+03   8.549200E-01
   2.281283E+00   1.123301E+03   4.080315E+03   8.542355E-01
   2.289179E+00   1.121613E+03   4.089420E+03   8.535896E-01
   2.297104E+00   1.122088E+03   4.087675E+03   8.530722E-01
   2.305055E+00   1.118795E+03   4.089731E+03   8.524992E-01
   2.313034E+00   1.119340E+03   4.082665E+03   8.520588E-01
   2.321041E+00   1.111486E+03   4.083025E+03   8.514789E-01
   2.329076E+00   1.112479E+03   4.073636E+03   8.510903E-01
   2.337138E+00   1.111326E+03   4.069780E+03   8.506437E-01
   2.345228E+00   1.106999E+03   4.058826E+03   8.502267E-01
   2.353346E+00   1.102503E+03   4.050957E+03   8.497881E-01
   2.361493E+00   1.103357E+03   4.036091E+03   8.494714E-01
   2.369667E+00   1.102497E+03   4.025662E+03   8.490998E-01
   2.377870E+00   1.097913E+03   4.013462E+03   8.486966E-01
   2.386101E+00   1.099341E+03   3.997073E+03   8.483946E-01
   2.394361E+00   1.100908E+03   3.980920E+03   8.480871E-01
   2.402649E+00   1.096816E+03   3.971209E+03   8.476525E-01
   2.410966E+00   1.092527E+03   3.957562E+03   8.472383E-01
   2.419312E+00   1.087676E+03   3.944413E+03   8.468034E-01
   2.427686E+00   1.082742E+03   3.930945E+03   8.463597E-01
   2.436090E+00   1.084977E+03   3.909190E+03   8.460616E-01
   2.444523E+00   1.083522E+03   3.892730E+03   8.456651E-01
   2.452985E+00   1.077514E+03   3.880445E+03   8.451678E-01
   2.461476E+00   1.078391E+03   3.859814E+03   8.448145E-01
   2.469997E+00   1.076856E+03   3.843807E+03   8.443840E-01
   2.478547E+00   1.073992E+03   3.827095E+03   8.439332E-01
   2.487126E+00   1.070161E+03   3.812280E+03   8.434458E-01
   2.495736E+00   1.070549E+03   3.791880E+03   8.430494E-01
   2.504375E+00   1.064379E+03   3.777661E+03   8.425112E-01
   2.513044E+00   1.061884E+03   3.761975E+03   8.420247E-01
   2.521743E+00   1.063180E+03   3.738684E+03   8.416434E-01
   2.530472E+00   1.061948E+03   3.724351E+03   8.411505E-01
   2.539232E+00   1.057550E+03   3.702174E+03   8.406786E-01
   2.548022E+00   1.053448E+03   3.688032E+03   8.401407E-01
   2.556842E+00   1.053964E+03   3.666517E+03   8.397221E-01
   2.565692E+00   1.049550E+03   3.651919E+03   8.391825E-01
   2.574574E+00   1.048746E+03   3.631221E+03   8.387419E-01
   2.583486E+00   1.047860E+03   3.610558E+03   8.383030E-01
   2.592429E+00   1.042969E+03   3.597703E+03   8.377510E-01
   2.601403E+00   1.039097E+03   3.578576E+03   8.372706E-01
   2.610408E+00   1.039499E+03   3.558347E+03   8.368603E-01
   2.619444E+00   1.036242E+03   3.540107E+03   8.363935E-01
   2.628511E+00   1.035937E+03   3.521137E+03   8.359779E-01
   2.637610E+00   1.032720E+03   3.500926E+03   8.355433E-01
   2.646740E+00   1.029098E+03   3.483666E+03   8.350858E-01
   2.655902E+00   1.029008E+03   3.463602E+03   8.347041E-01
   2.665096E+00   1.024553E+03   3.446264E+03   8.342497E-01
   2.674321E+00   1.023953E+03   3.425548E+03   8.338785E-01
   2.683579E+00   1.023990E+03   3.405923E+03   8.335105E-01
   2.692868E+00   1.018770E+03   3.388210E+03   8.330613E-01
   2.702190E+00   1.014756E+03   3.372595E+03   8.326114E-01
   2.711544E+00   1.013235E+03   3.349312E+03   8.322578E-01
   2.720930E+00   1.010804E+03   3.332196E+03   8.318393E-01
   2.730349E+00   1.008126E+03   3.311592E+03   8.314432E-01
   2.739800E+00   1.004376E+03   3.293117E+03   8.310106E-01
   2.749284E+00   1.001851E+03   3.273741E+03   8.305956E-01
   2.758801E+00   1.000536E+03   3.251826E+03   8.302103E-01
   2.768351E+00   9.979898E+02   3.233222E+03   8.297730E-01
   2.777934E+00   9.942766E+02   3.212484E+03   8.293272E-01
   2.787550E+00   9.918207E+02   3.192932E+03   8.288786E-01
   2.797199E+00   9.914617E+02   3.175154E+03   8.284343E-01
   2.806882E+00   9.883109E+02   3.148971E+03   8.280051E-01
   2.816598E+00   9.840247E+02   3.131487E+03   8.274792E-01
   2.826348E+00   9.840097E+02   3.110615E+03   8.270277E-01
   2.836131E+00   9.821618E+02   3.092045E+03   8.265197E-01
   2.845949E+00   9.793192E+02   3.070529E+03   8.260072E-01
   2.855800E+00   9.742528E+02   3.055376E+03   8.254006E-01
   2.865686E+00   9.715068E+02   3.032493E+03   8.248742E-01
   2.875606E+00   9.691892E+02   3.012198E+03   8.243220E-01
   2.885560E+00   9.664440E+02   2.992021E+03   8.237508E-01
   2.895549E+00   9.640689E+02   2.971878E+03   8.231736E-01
   2.905572E+00   9.632517E+02   2.952140E+03   8.226061E-01
   2.915630E+00   9.618627E+02   2.930850E+03   8.220323E-01
   2.925722E+00   9.615910E+02   2.909882E+03   8.214641E-01
   2.935850E+00   9.570510E+02   2.890497E+03   8.208112E-01
   2.946013E+00   9.542142E+02   2.870582E+03   8.201812E-01
   2.956211E+00   9.520219E+02   2.850087E+03   8.195596E-01
   2.966444E+00   9.503694E+02   2.829886E+03   8.189395E-01
   2.976712E+00   9.462188E+02   2.812310E+03   8.182573E-01
   2.987016E+00   9.441650E+02   2.790588E+03   8.176371E-01
   2.997356E+00   9.413109E+02   2.772472E+03   8.169758E-01
   3.007732E+00   9.394438E+02   2.752533E+03   8.163444E-01
   3.018143E+00   9.364971E+02   2.732171E+03   8.157011E-01
   3.028591E+00   9.342401E+02   2.712157E+03   8.150689E-01
   3.039075E+00   9.327721E+02   2.691447E+03   8.144590E-01
   3.049595E+00   9.324354E+02   2.670576E+03   8.138736E-01
   3.060151E+00   9.304864E+02   2.650447E+03   8.132636E-01
   3.070744E+00   9.277117E+02   2.631475E+03   8.126389E-01
   3.081374E+00   9.281697E+02   2.610454E+03   8.120901E-01
   3.092040E+00   9.251591E+02   2.592522E+03   8.114707E-01
   3.102743E+00   9.243180E+02   2.571268E+03   8.109228E-01
   3.113484E+00   9.251729E+02   2.550086E+03   8.104115E-01
   3.124261E+00   9.231963E+02   2.531232E+03   8.098469E-01
   3.135076E+00   9.226791E+02   2.511873E+03   8.093202E-01
   3.145929E+00   9.218173E+02   2.493520E+03   8.087902E-01
   3.156819E+00   9.191507E+02   2.475092E+03   8.082434E-01
   3.167746E+00   9.176392E+02   2.455860E+03   8.077321E-01
   3.178712E+00   9.180187E+02   2.436982E+03   8.072572E-01
   3.189715E+00   9.162804E+02   2.419182E+03   8.067490E-01
   3.200756E+00   9.176314E+02   2.399120E+03   8.063184E-01
   3.211836E+00   9.148154E+02   2.381283E+03   8.058107E-01
   3.222954E+00   9.131642E+02   2.363430E+03   8.053286E-01
   3.234111E+00   9.133453E+02   2.344312E+03   8.048931E-01
   3.245306E+00   9.111987E+02   2.325146E+03   8.044278E-01
   3.256540E+00   9.099826E+02   2.306199E+03   8.039797E-01
   3.267812E+00   9.086252E+02   2.289325E+03   8.035136E-01
   3.279124E+00   9.095382E+02   2.270143E+03   8.031077E-01
   3.290475E+00   9.063213E+02   2.252749E+03   8.026230E-01
   3.301866E+00   9.056232E+02   2.234587E+03   8.021863E-01
   3.313295E+00   9.046393E+02   2.215965E+03   8.017504E-01
   3.324764E+00   9.028523E+02   2.198785E+03   8.012882E-01
   3.336273E+00   9.015587E+02   2.180533E+03   8.008437E-01
   3.347822E+00   9.006892E+02   2.162133E+03   8.004063E-01
   3.359411E+00   9.000949E+02   2.143954E+03   7.999695E-01
   3.371040E+00   8.995832E+02   2.125927E+03   7.995306E-01
   3.382709E+00   8.990252E+02   2.108343E+03   7.990843E-01
   3.394418E+00   8.976452E+02   2.089624E+03   7.986334E-01
   3.406169E+00   9.000539E+02   2.071317E+03   7.982348E-01
   3.417959E+00   9.039924E+02   2.053406E+03   7.978530E-01
   3.429791E+00   9.017604E+02   2.042871E+03   7.972975E-01
   3.441663E+00   8.927072E+02   2.028922E+03   7.966622E-01
   3.453577E+00   8.889904E+02   2.010209E+03   7.961529E-01
   3.465532E+00   8.882472E+02   1.992358E+03   7.956770E-01
   3.477528E+00   8.854261E+02   1.975870E+03   7.951480E-01
   3.489566E+00   8.845767E+02   1.955523E+03   7.946819E-01
   3.501645E+00   8.862058E+02   1.938168E+03   7.942200E-01
   3.513766E+00   8.848755E+02   1.926683E+03   7.936453E-01
   3.525930E+00   8.786633E+02   1.909379E+03   7.930380E-01
   3.538135E+00   8.774877E+02   1.892240E+03   7.925035E-01
   3.550382E+00   8.756211E+02   1.876215E+03   7.919377E-01
   3.562672E+00   8.742767E+02   1.857252E+03   7.913994E-01
   3.575005E+00   8.717494E+02   1.841291E+03   7.908024E-01
   3.587380E+00   8.706179E+02   1.824230E+03   7.902297E-01
   3.599798E+00   8.696075E+02   1.808437E+03   7.896369E-01
   3.612259E+00   8.677673E+02   1.791339E+03   7.890322E-01
   3.624763E+00   8.668457E+02   1.775808E+03   7.884185E-01
   3.637311E+00   8.642687E+02   1.759163E+03   7.877764E-01
   3.649901E+00   8.632647E+02   1.742668E+03   7.871510E-01
   3.662536E+00   8.611825E+02   1.726558E+03   7.864933E-01
   3.675214E+00   8.600988E+02   1.711028E+03   7.858391E-01
   3.687936E+00   8.584066E+02   1.694445E+03   7.851756E-01
   3.700702E+00   8.577850E+02   1.679478E+03   7.845082E-01
   3.713513E+00   8.557237E+02   1.664058E+03   7.838117E-01
   3.726367E+00   8.535452E+02   1.648474E+03   7.831080E-01
   3.739266E+00   8.534201E+02   1.631886E+03   7.824463E-01
   3.752210E+00   8.526659E+02   1.616900E+03   7.817523E-01
   3.765199E+00   8.505334E+02   1.602537E+03   7.810219E-01
   3.778232E+00   8.510632E+02   1.586063E+03   7.803589E-01
   3.791311E+00   8.478182E+02   1.572455E+03   7.795929E-01
   3.804435E+00   8.462951E+02   1.558000E+03   7.788653E-01
   3.817604E+00   8.451195E+02   1.542875E+03   7.781493E-01
   3.830819E+00   8.429239E+02   1.528178E+03   7.774080E-01
   3.844080E+00   8.418016E+02   1.513674E+03   7.766843E-01
   3.857386E+00   8.399809E+02   1.499418E+03   7.759439E-01
   3.870739E+00   8.384501E+02   1.484721E+03   7.752136E-01
   3.884138E+00   8.379887E+02   1.469873E+03   7.745055E-01
   3.897583E+00   8.351702E+02   1.456655E+03   7.737339E-01
   3.911075E+00   8.345967E+02   1.440804E+03   7.730350E-01
   3.924614E+00   8.328050E+02   1.427739E+03   7.722814E-01
   3.938199E+00   8.320114E+02   1.412363E+03   7.715732E-01
   3.951831E+00   8.309698E+02   1.399098E+03   7.708358E-01
   3.965511E+00   8.291962E+02   1.385133E+03   7.700913E-01
   3.979238E+00   8.277979E+02   1.371590E+03   7.693483E-01
   3.993012E+00   8.273756E+02   1.356757E+03   7.686382E-01
   4.006834E+00   8.273271E+02   1.343830E+03   7.679110E-01
   4.020704E+00   8.274252E+02   1.329715E+03   7.671987E-01
   4.034622E+00   8.245487E+02   1.317881E+03   7.663974E-01
   4.048589E+00   8.232309E+02   1.303895E+03   7.656494E-01
   4.062603E+00   8.223383E+02   1.290180E+03   7.649028E-01
   4.076666E+00   8.213861E+02   1.277364E+03   7.641395E-01
   4.090778E+00   8.198159E+02   1.263992E+03   7.633661E-01
   4.104938E+00   8.187130E+02   1.250433E+03   7.625990E-01
   4.119148E+00   8.177886E+02   1.237738E+03   7.618188E-01
   4.133407E+00   8.176702E+02   1.224623E+03   7.610537E-01
   4.147715E+00   8.169810E+02   1.211561E+03   7.602703E-01
   4.162073E+00   8.155970E+02   1.198609E+03   7.594649E-01
   4.176480E+00   8.146651E+02   1.186032E+03   7.586566E-01
   4.190937E+00   8.146305E+02   1.173640E+03   7.578564E-01
   4.205445E+00   8.137069E+02   1.161451E+03   7.570286E-01
   4.220002E+00   8.120556E+02   1.148806E+03   7.561848E-01
   4.234610E+00   8.115624E+02   1.136621E+03   7.553504E-01
   4.249268E+00   8.102032E+02   1.124017E+03   7.544967E-01
   4.263978E+00   8.098104E+02   1.111427E+03   7.536544E-01
   4.278738E+00   8.092991E+02   1.099456E+03   7.527944E-01
   4.293549E+00   8.080782E+02   1.087077E+03   7.519183E-01
   4.308411E+00   8.087499E+02   1.075394E+03   7.510635E-01
   4.323325E+00   8.070101E+02   1.063154E+03   7.501613E-01
   4.338291E+00   8.068025E+02   1.051602E+03   7.492740E-01
   4.353308E+00   8.066374E+02   1.039722E+03   7.483854E-01
   4.368377E+00   8.052889E+02   1.027694E+03   7.474691E-01
   4.383499E+00   8.055380E+02   1.016869E+03   7.465634E-01
   4.398673E+00   8.047634E+02   1.005468E+03   7.456394E-01
   4.413899E+00   8.037578E+02   9.941409E+02   7.447047E-01
   4.429178E+00   8.033150E+02   9.839925E+02   7.437613E-01
   4.444510E+00   8.009891E+02   9.723537E+02   7.427950E-01
   4.459895E+00   8.005779E+02   9.609062E+02   7.418611E-01
   4.475334E+00   7.998861E+02   9.498521E+02   7.409130E-01
   4.490825E+00   7.987052E+02   9.387206E+02   7.399529E-01
   4.506371E+00   7.978652E+02   9.278981E+02   7.389931E-01
   4.521970E+00   7.967701E+02   9.163414E+02   7.380356E-01
   4.537623E+00   7.959994E+02   9.050430E+02   7.370797E-01
   4.553330E+00   7.953612E+02   8.945407E+02   7.361148E-01
   4.569092E+00   7.955165E+02   8.838665E+02   7.351682E-01
   4.584908E+00   7.937443E+02   8.726965E+02   7.341875E-01
   4.600779E+00   7.937524E+02   8.621230E+02   7.332366E-01
   4.616705E+00   7.937140E+02   8.514373E+02   7.322871E-01
   4.632687E+00   7.927763E+02   8.410711E+02   7.313154E-01
   4.648723E+00   7.924381E+02   8.305378E+02   7.303606E-01
   4.664815E+00   7.921603E+02   8.204503E+02   7.294033E-01
   4.680963E+00   7.915963E+02   8.100153E+02   7.284476E-01
   4.697166E+00   7.909842E+02   7.995907E+02   7.274941E-01
   4.713426E+00   7.897682E+02   7.892216E+02   7.265307E-01
   4.729742E+00   7.897302E+02   7.788805E+02   7.255974E-01
   4.746114E+00   7.896745E+02   7.685003E+02   7.246697E-01
   4.762543E+00   7.898820E+02   7.580747E+02   7.237546E-01
   4.779029E+00   7.897078E+02   7.480410E+02   7.228314E-01
   4.795572E+00   7.901016E+02   7.376565E+02   7.219340E-01
   4.812172E+00   7.909247E+02   7.272073E+02   7.210555E-01
   4.828830E+00   7.927714E+02   7.171351E+02   7.202026E-01
   4.845545E+00   7.937930E+02   7.065142E+02   7.193505E-01
   4.862319E+00   7.961954E+02   6.968661E+02   7.185224E-01
   4.879150E+00   7.992191E+02   6.865654E+02   7.177316E-01
   4.896040E+00   8.030168E+02   6.773484E+02   7.169491E-01
   4.912988E+00   8.077042E+02   6.680058E+02   7.162012E-01
   4.929994E+00   8.147516E+02   6.599787E+02   7.154923E-01
   4.947060E+00   8.196399E+02   6.535565E+02   7.147108E-01
   4.964185E+00   8.207394E+02   6.480741E+02   7.138310E-01
   4.981369E+00   8.187766E+02   6.418006E+02   7.129070E-01
   4.998612E+00   8.173279E+02   6.346108E+02   7.120260E-01
   5.015915E+00   8.159076E+02   6.274056E+02   7.111575E-01
   5.033278E+00   8.149872E+02   6.199581E+02   7.103186E-01
   5.050701E+00   8.118864E+02   6.128934E+02   7.094320E-01
   5.068185E+00   8.072325E+02   6.048840E+02   7.085465E-01
   5.085729E+00   8.042151E+02   5.962498E+02   7.077311E-01
   5.103333E+00   8.016206E+02   5.870445E+02   7.069582E-01
   5.120999E+00   8.006727E+02   5.773457E+02   7.062568E-01
   5.138726E+00   8.008228E+02   5.673966E+02   7.056089E-01
   5.156514E+00   8.019276E+02   5.584109E+02   7.049748E-01
   5.174363E+00   8.038208E+02   5.489903E+02   7.043931E-01
   5.192275E+00   8.070521E+02   5.393716E+02   7.038709E-01
   5.210248E+00   8.124706E+02   5.300646E+02   7.034113E-01
   5.228284E+00   8.202943E+02   5.213292E+02   7.030093E-01
   5.246382E+00   8.319014E+02   5.142352E+02   7.026556E-01
   5.264543E+00   8.426209E+02   5.094608E+02   7.022117E-01
   5.282767E+00   8.506709E+02   5.063598E+02   7.016556E-01
   5.301053E+00   8.557252E+02   5.045860E+02   7.009903E-01
   5.319403E+00   8.563013E+02   5.031595E+02   7.002187E-01
   5.337817E+00   8.506534E+02   5.020598E+02   6.993019E-01
   5.356294E+00   8.377516E+02   4.995959E+02   6.982857E-01
   5.374836E+00   8.201533E+02   4.935912E+02   6.973242E-01
   5.393441E+00   8.056066E+02   4.839465E+02   6.966106E-01
   5.412111E+00   7.978437E+02   4.734860E+02   6.961179E-01
   5.430845E+00   7.949529E+02   4.632059E+02   6.957591E-01
   5.449645E+00   7.935871E+02   4.541116E+02   6.954090E-01
   5.468509E+00   7.929723E+02   4.454329E+02   6.950831E-01
   5.487439E+00   7.936033E+02   4.369756E+02   6.948007E-01
   5.506434E+00   7.940553E+02   4.287759E+02   6.945271E-01
   5.525495E+00   7.964727E+02   4.209557E+02   6.943020E-01
   5.544622E+00   7.969142E+02   4.136539E+02   6.940301E-01
   5.563815E+00   7.982382E+02   4.062582E+02   6.938059E-01
   5.583075E+00   7.993624E+02   3.994043E+02   6.935701E-01
   5.602401E+00   8.013401E+02   3.923969E+02   6.933833E-01
   5.621794E+00   8.033546E+02   3.861323E+02   6.931755E-01
   5.641254E+00   8.028041E+02   3.796400E+02   6.929479E-01
   5.660782E+00   8.048275E+02   3.731363E+02   6.927956E-01
   5.680377E+00   8.041426E+02   3.668577E+02   6.925939E-01
   5.700040E+00   8.040439E+02   3.602829E+02   6.924434E-01
   5.719772E+00   8.043704E+02   3.540830E+02   6.922976E-01
   5.739571E+00   8.037347E+02   3.475265E+02   6.921752E-01
   5.759439E+00   8.039243E+02   3.412654E+02   6.920693E-01
   5.779376E+00   8.025251E+02   3.348410E+02   6.919618E-01
   5.799382E+00   8.016887E+02   3.279975E+02   6.919133E-01
   5.819457E+00   8.015267E+02   3.213380E+02   6.918838E-01
   5.839601E+00   8.015260E+02   3.141609E+02   6.919125E-01
   5.859815E+00   8.022923E+02   3.072144E+02   6.919570E-01
   5.880100E+00   8.062098E+02   2.997214E+02   6.921174E-01
   5.900454E+00   8.082208E+02   2.943900E+02   6.920961E-01
   5.920879E+00   8.122795E+02   2.873102E+02   6.922566E-01
   5.941375E+00   8.185876E+02   2.812618E+02   6.923911E-01
   5.961941E+00   8.265792E+02   2.765463E+02   6.924611E-01
   5.982579E+00   8.321734E+02   2.721468E+02   6.924699E-01
   6.003288E+00   8.363093E+02   2.678984E+02   6.924469E-01
   6.024069E+00   8.386289E+02   2.636618E+02   6.923970E-01
   6.044922E+00   8.393526E+02   2.588452E+02   6.923718E-01
   6.065847E+00   8.417649E+02   2.541845E+02   6.923679E-01
   6.086844E+00   8.446401E+02   2.493054E+02   6.923934E-01
   6.107914E+00   8.475101E+02   2.450670E+02   6.923691E-01
   6.129058E+00   8.506021E+02   2.408471E+02   6.923484E-01
   6.150274E+00   8.519178E+02   2.370464E+02   6.922651E-01
   6.171563E+00   8.519220E+02   2.329493E+02   6.921861E-01
   6.192927E+00   8.513865E+02   2.289765E+02   6.920882E-01
   6.214364E+00   8.496874E+02   2.245669E+02   6.920084E-01
   6.235876E+00   8.469976E+02   2.197219E+02   6.919493E-01
   6.257462E+00   8.450729E+02   2.148441E+02   6.919032E-01
   6.279122E+00   8.422215E+02   2.097600E+02   6.918583E-01
   6.300858E+00   8.399303E+02   2.045269E+02   6.918312E-01
   6.322669E+00   8.383795E+02   1.988428E+02   6.918487E-01
   6.344555E+00   8.379896E+02   1.933337E+02   6.918622E-01
   6.366518E+00   8.388491E+02   1.879813E+02   6.918724E-01
   6.388556E+00   8.420327E+02   1.832782E+02   6.918504E-01
   6.410670E+00   8.446105E+02   1.784784E+02   6.918173E-01
   6.432862E+00   8.478869E+02   1.739167E+02   6.917617E-01
   6.455129E+00   8.519294E+02   1.697217E+02   6.916720E-01
   6.477474E+00   8.562545E+02   1.657274E+02   6.915549E-01
   6.499897E+00   8.602210E+02   1.615044E+02   6.914374E-01
   6.522397E+00   8.658186E+02   1.578517E+02   6.912769E-01
   6.544974E+00   8.695200E+02   1.541667E+02   6.910785E-01
   6.567630E+00   8.751962E+02   1.507262E+02   6.908668E-01
   6.590365E+00   8.787572E+02   1.472958E+02   6.906106E-01
   6.613178E+00   8.825427E+02   1.439638E+02   6.903308E-01
   6.636070E+00   8.844171E+02   1.404407E+02   6.900249E-01
   6.659041E+00   8.871530E+02   1.367788E+02   6.897196E-01
   6.682092E+00   8.904152E+02   1.334238E+02   6.893755E-01
   6.705223E+00   8.950650E+02   1.301151E+02   6.890209E-01
   6.728433E+00   8.994010E+02   1.272358E+02   6.886083E-01
   6.751724E+00   9.024938E+02   1.242201E+02   6.881703E-01
   6.775096E+00   9.079869E+02   1.212316E+02   6.877307E-01
   6.798549E+00   9.134588E+02   1.183478E+02   6.872583E-01
   6.822082E+00   9.183575E+02   1.156299E+02   6.867437E-01
   6.845698E+00   9.231566E+02   1.129989E+02   6.861967E-01
   6.869395E+00   9.268387E+02   1.103105E+02   6.856173E-01
   6.893173E+00   9.310972E+02   1.077007E+02   6.850112E-01
   6.917035E+00   9.359690E+02   1.052283E+02   6.843743E-01
   6.940979E+00   9.418502E+02   1.030375E+02   6.837014E-01
   6.965005E+00   9.464691E+02   1.008230E+02   6.829922E-01
   6.989115E+00   9.502174E+02   9.852194E+01   6.822522E-01
   7.013309E+00   9.535444E+02   9.600403E+01   6.814891E-01
   7.037586E+00   9.571183E+02   9.332264E+01   6.807012E-01
   7.061947E+00   9.627961E+02   9.120365E+01   6.798694E-01
   7.086393E+00   9.672374E+02   8.931584E+01   6.789907E-01
   7.110923E+00   9.722814E+02   8.731038E+01   6.780847E-01
   7.135538E+00   9.791068E+02   8.558330E+01   6.771428E-01
   7.160238E+00   9.864272E+02   8.380478E+01   6.761648E-01
   7.185024E+00   9.935374E+02   8.216943E+01   6.751437E-01
   7.209895E+00   9.995046E+02   8.060192E+01   6.740802E-01
   7.234853E+00   1.007613E+03   7.942475E+01   6.729767E-01
   7.259897E+00   1.016274E+03   7.849360E+01   6.718331E-01
   7.285028E+00   1.025822E+03   7.767360E+01   6.706444E-01
   7.310246E+00   1.036469E+03   7.710159E+01   6.694101E-01
   7.335551E+00   1.046432E+03   7.663603E+01   6.681332E-01
   7.360943E+00   1.058379E+03   7.661318E+01   6.668142E-01
   7.386424E+00   1.070357E+03   7.677859E+01   6.654541E-01
   7.411992E+00   1.082742E+03   7.713192E+01   6.640477E-01
   7.437650E+00   1.095126E+03   7.761689E+01   6.625917E-01
   7.463396E+00   1.108222E+03   7.838457E+01   6.610920E-01
   7.489231E+00   1.119773E+03   7.914723E+01   6.595621E-01
   7.515155E+00   1.131906E+03   8.007743E+01   6.579588E-01
   7.541170E+00   1.146003E+03   8.149569E+01   6.563057E-01
   7.567274E+00   1.160739E+03   8.320167E+01   6.545828E-01
   7.593469E+00   1.175984E+03   8.522497E+01   6.528143E-01
   7.619754E+00   1.191472E+03   8.752555E+01   6.509873E-01
   7.646131E+00   1.208540E+03   9.033467E+01   6.490940E-01
   7.672598E+00   1.227307E+03   9.374141E+01   6.471061E-01
   7.699158E+00   1.248840E+03   9.792124E+01   6.450520E-01
   7.725809E+00   1.269772E+03   1.023918E+02   6.429175E-01
   7.752553E+00   1.294566E+03   1.079634E+02   6.406753E-01
   7.779389E+00   1.321771E+03   1.143509E+02   6.383601E-01
   7.806318E+00   1.353088E+03   1.219807E+02   6.359294E-01
   7.833340E+00   1.386651E+03   1.306389E+02   6.333711E-01
   7.860456E+00   1.425332E+03   1.407445E+02   6.307049E-01
   7.887665E+00   1.468535E+03   1.521908E+02   6.279351E-01
   7.914969E+00   1.514972E+03   1.646281E+02   6.250929E-01
   7.942367E+00   1.564557E+03   1.780710E+02   6.221681E-01
   7.969861E+00   1.612633E+03   1.914496E+02   6.192245E-01
   7.997449E+00   1.660055E+03   2.048778E+02   6.162621E-01
   8.025133E+00   1.704169E+03   2.180440E+02   6.132478E-01
   8.052912E+00   1.745542E+03   2.316531E+02   6.100468E-01
   8.080788E+00   1.789568E+03   2.469438E+02   6.065928E-01
   8.108761E+00   1.837000E+03   2.643798E+02   6.028204E-01
   8.136830E+00   1.892507E+03   2.855527E+02   5.985739E-01
   8.164996E+00   1.955668E+03   3.098098E+02   5.939871E-01
   8.193260E+00   2.029142E+03   3.381052E+02   5.889884E-01
   8.221621E+00   2.110055E+03   3.691652E+02   5.837992E-01
   8.250081E+00   2.196919E+03   4.020006E+02   5.786951E-01
   8.278640E+00   2.288037E+03   4.358085E+02   5.739801E-01
   8.307297E+00   2.381924E+03   4.665959E+02   5.708102E-01
   8.336053E+00   2.455004E+03   4.806246E+02   5.710788E-01
   8.364909E+00   2.437596E+03   4.554972E+02   5.744250E-01
   8.393865E+00   2.361235E+03   4.277911E+02   5.735270E-01
   8.422921E+00   2.359671E+03   4.472589E+02   5.663002E-01
   8.452078E+00   2.427032E+03   4.961697E+02   5.571415E-01
   8.481335E+00   2.518293E+03   5.513735E+02   5.491095E-01
   8.510694E+00   2.611731E+03   6.041396E+02   5.431882E-01
   8.540155E+00   2.702417E+03   6.519546E+02   5.395733E-01
   8.569717E+00   2.790375E+03   6.959791E+02   5.376284E-01
   8.599382E+00   2.874620E+03   7.362730E+02   5.367755E-01
   8.629149E+00   2.955633E+03   7.755830E+02   5.362313E-01
   8.659020E+00   3.035278E+03   8.137988E+02   5.360179E-01
   8.688994E+00   3.113325E+03   8.521285E+02   5.358197E-01
   8.719071E+00   3.188961E+03   8.898152E+02   5.356176E-01
   8.749253E+00   3.261157E+03   9.262221E+02   5.353685E-01
   8.779539E+00   3.329358E+03   9.617491E+02   5.349538E-01
   8.809931E+00   3.396268E+03   1.000221E+03   5.341329E-01
   8.840427E+00   3.462836E+03   1.040551E+03   5.331367E-01
   8.871029E+00   3.530711E+03   1.085433E+03   5.318099E-01
   8.901737E+00   3.606095E+03   1.139810E+03   5.301533E-01
   8.932551E+00   3.689260E+03   1.204441E+03   5.281926E-01
   8.963471E+00   3.782853E+03   1.282371E+03   5.259225E-01
   8.994499E+00   3.891119E+03   1.380446E+03   5.231624E-01
   9.025634E+00   4.011212E+03   1.496900E+03   5.200618E-01
   9.056877E+00   4.132090E+03   1.625472E+03   5.166255E-01
   9.088229E+00   4.238453E+03   1.754115E+03   5.131389E-01
   9.119688E+00   4.317568E+03   1.875105E+03   5.099416E-01
   9.151257E+00   4.347352E+03   1.961529E+03   5.080313E-01
   9.182935E+00   4.326187E+03   2.011005E+03   5.076961E-01
   9.214722E+00   4.256042E+03   2.018869E+03   5.091068E-01
   9.246620E+00   4.156655E+03   1.993481E+03   5.116329E-01
   9.278628E+00   4.051184E+03   1.958611E+03   5.143012E-01
   9.310746E+00   3.944273E+03   1.927554E+03   5.168145E-01
   9.342976E+00   3.833146E+03   1.896931E+03   5.194027E-01
   9.375318E+00   3.714803E+03   1.859942E+03   5.224025E-01
   9.407771E+00   3.598273E+03   1.820478E+03   5.255246E-01
   9.440337E+00   3.483429E+03   1.777925E+03   5.288201E-01
   9.473015E+00   3.370352E+03   1.733826E+03   5.322374E-01
   9.505807E+00   3.268360E+03   1.691979E+03   5.353798E-01
   9.538712E+00   3.167622E+03   1.653538E+03   5.384419E-01
   9.571731E+00   3.070036E+03   1.620614E+03   5.412807E-01
   9.604865E+00   2.974915E+03   1.587279E+03   5.440750E-01
   9.638113E+00   2.876201E+03   1.556027E+03   5.468866E-01
   9.671476E+00   2.778186E+03   1.527866E+03   5.495472E-01
   9.704954E+00   2.675964E+03   1.495800E+03   5.523500E-01
   9.738549E+00   2.570889E+03   1.464061E+03   5.551000E-01
   9.772260E+00   2.464805E+03   1.429035E+03   5.577957E-01
   9.806087E+00   2.358903E+03   1.391730E+03   5.603355E-01
   9.840032E+00   2.252316E+03   1.352411E+03   5.626890E-01
   9.874094E+00   2.148837E+03   1.312474E+03   5.647161E-01
   9.908274E+00   2.046837E+03   1.271710E+03   5.664352E-01
   9.942572E+00   1.945230E+03   1.230278E+03   5.678431E-01
   9.976989E+00   1.847854E+03   1.187403E+03   5.688650E-01
   1.001153E+01   1.753373E+03   1.145301E+03   5.695055E-01
   1.004618E+01   1.663833E+03   1.101752E+03   5.697463E-01
   1.008096E+01   1.580931E+03   1.060130E+03   5.695833E-01
   1.011585E+01   1.502929E+03   1.021696E+03   5.690825E-01
   1.015087E+01   1.422964E+03   9.834391E+02   5.683037E-01
   1.018601E+01   1.346539E+03   9.452668E+02   5.671988E-01
   1.022127E+01   1.279320E+03   9.069123E+02   5.657471E-01
   1.025665E+01   1.213748E+03   8.713876E+02   5.640698E-01
   1.029215E+01   1.155127E+03   8.364679E+02   5.621295E-01
   1.032778E+01   1.097723E+03   8.034574E+02   5.599966E-01
   1.036353E+01   1.045491E+03   7.717697E+02   5.576745E-01
   1.039941E+01   9.968025E+02   7.403293E+02   5.551467E-01
   1.043540E+01   9.538417E+02   7.118984E+02   5.525468E-01
   1.047153E+01   9.143142E+02   6.850372E+02   5.498474E-01
   1.050777E+01   8.716401E+02   6.602045E+02   5.470670E-01
   1.054415E+01   8.339402E+02   6.350184E+02   5.441325E-01
   1.058065E+01   7.946578E+02   6.115570E+02   5.411300E-01
   1.061727E+01   7.622188E+02   5.875526E+02   5.379935E-01
   1.065403E+01   7.292847E+02   5.657269E+02   5.348508E-01
   1.069091E+01   6.993634E+02   5.445888E+02   5.316513E-01
   1.072791E+01   6.700119E+02   5.232696E+02   5.283240E-01
   1.076505E+01   6.465973E+02   5.038644E+02   5.250756E-01
   1.080231E+01   6.214649E+02   4.848060E+02   5.217360E-01
   1.083971E+01   6.002990E+02   4.671037E+02   5.184483E-01
   1.087723E+01   5.776228E+02   4.489841E+02   5.150208E-01
   1.091488E+01   5.593700E+02   4.329140E+02   5.117327E-01
   1.095266E+01   5.410981E+02   4.163785E+02   5.083274E-01
   1.099058E+01   5.226937E+02   4.015723E+02   5.050060E-01
   1.102862E+01   5.067000E+02   3.859180E+02   5.015658E-01
   1.106680E+01   4.906445E+02   3.716752E+02   4.981965E-01
   1.110511E+01   4.770588E+02   3.577783E+02   4.948346E-01
   1.114355E+01   4.615396E+02   3.436676E+02   4.913657E-01
   1.118212E+01   4.520243E+02   3.305445E+02   4.880283E-01
   1.122083E+01   4.401458E+02   3.173100E+02   4.845938E-01
   1.125967E+01   4.314643E+02   3.053258E+02   4.812965E-01
   1.129865E+01   4.215027E+02   2.927541E+02   4.778664E-01
   1.133776E+01   4.149148E+02   2.811635E+02   4.745559E-01
   1.137701E+01   4.104153E+02   2.696718E+02   4.712458E-01
   1.141639E+01   4.035324E+02   2.589852E+02   4.679622E-01
   1.145591E+01   3.994672E+02   2.483469E+02   4.646883E-01
   1.149556E+01   3.941951E+02   2.378063E+02   4.613724E-01
   1.153536E+01   3.935566E+02   2.276438E+02   4.581378E-01
   1.157529E+01   3.918247E+02   2.178425E+02   4.549020E-01
   1.161536E+01   3.922644E+02   2.084440E+02   4.517202E-01
   1.165556E+01   3.897043E+02   1.992157E+02   4.484877E-01
   1.169591E+01   3.916790E+02   1.900801E+02   4.453000E-01
   1.173640E+01   3.935449E+02   1.810835E+02   4.420978E-01
   1.177702E+01   3.952752E+02   1.724943E+02   4.389233E-01
   1.181779E+01   3.978186E+02   1.635635E+02   4.356717E-01
   1.185870E+01   4.011257E+02   1.550340E+02   4.324584E-01
   1.189975E+01   4.079130E+02   1.459984E+02   4.291662E-01
   1.194094E+01   4.152001E+02   1.374329E+02   4.259153E-01
   1.198227E+01   4.251774E+02   1.286828E+02   4.226164E-01
   1.202375E+01   4.382597E+02   1.196295E+02   4.192402E-01
   1.206537E+01   4.558638E+02   1.108864E+02   4.159003E-01
   1.210714E+01   4.772216E+02   1.019676E+02   4.124792E-01
   1.214905E+01   5.071489E+02   9.309265E+01   4.090302E-01
   1.219110E+01   5.456653E+02   8.433559E+01   4.055143E-01
   1.223330E+01   6.003982E+02   7.639953E+01   4.020413E-01
   1.227565E+01   6.752360E+02   6.958981E+01   3.985299E-01
   1.231814E+01   7.864339E+02   6.639990E+01   3.952815E-01
   1.236078E+01   9.451571E+02   7.027360E+01   3.925817E-01
   1.240357E+01   1.162490E+03   8.663242E+01   3.909502E-01
   1.244651E+01   1.404416E+03   1.173785E+02   3.909637E-01
   1.248959E+01   1.638346E+03   1.607832E+02   3.929569E-01
   1.253283E+01   1.811417E+03   2.092325E+02   3.971672E-01
   1.257621E+01   1.910064E+03   2.570720E+02   4.029642E-01
   1.261974E+01   1.918687E+03   2.987426E+02   4.097901E-01
   1.266343E+01   1.826910E+03   3.279218E+02   4.164933E-01
   1.270726E+01   1.652964E+03   3.386172E+02   4.209462E-01
   1.275125E+01   1.456460E+03   3.362408E+02   4.223943E-01
   1.279539E+01   1.260933E+03   3.250300E+02   4.212884E-01
   1.283968E+01   1.085300E+03   3.104037E+02   4.185503E-01
   1.288413E+01   9.221623E+02   2.927695E+02   4.145708E-01
   1.292873E+01   7.846037E+02   2.712584E+02   4.094189E-01
   1.297348E+01   6.842781E+02   2.500997E+02   4.040382E-01
   1.301839E+01   6.156220E+02   2.312235E+02   3.989479E-01
   1.306345E+01   5.663229E+02   2.155946E+02   3.943729E-01
   1.310867E+01   5.294145E+02   2.018558E+02   3.901146E-01
   1.315405E+01   5.037648E+02   1.907248E+02   3.863291E-01
   1.319959E+01   4.786343E+02   1.808577E+02   3.827261E-01
   1.324528E+01   4.589515E+02   1.722565E+02   3.793608E-01
   1.329113E+01   4.387246E+02   1.640322E+02   3.760318E-01
   1.333713E+01   4.231977E+02   1.565548E+02   3.728582E-01
   1.338330E+01   4.095464E+02   1.496533E+02   3.697894E-01
   1.342963E+01   3.951969E+02   1.434446E+02   3.668288E-01
   1.347612E+01   3.841567E+02   1.371818E+02   3.638741E-01
   1.352277E+01   3.736106E+02   1.314380E+02   3.610113E-01
   1.356958E+01   3.647636E+02   1.260837E+02   3.582296E-01
   1.361655E+01   3.577716E+02   1.210664E+02   3.555228E-01
   1.366368E+01   3.482096E+02   1.163891E+02   3.528520E-01
   1.371098E+01   3.407343E+02   1.114919E+02   3.501463E-01
   1.375844E+01   3.349084E+02   1.072015E+02   3.475744E-01
   1.380607E+01   3.287290E+02   1.027422E+02   3.449552E-01
   1.385386E+01   3.252073E+02   9.882244E+01   3.424693E-01
   1.390182E+01   3.183666E+02   9.489127E+01   3.399440E-01
   1.394994E+01   3.147065E+02   9.106216E+01   3.374631E-01
   1.399823E+01   3.100453E+02   8.736089E+01   3.349951E-01
   1.404668E+01   3.080265E+02   8.366733E+01   3.325446E-01
   1.409531E+01   3.053614E+02   8.036532E+01   3.301728E-01
   1.414410E+01   3.044036E+02   7.701161E+01   3.277965E-01
   1.419306E+01   3.035881E+02   7.415324E+01   3.255347E-01
   1.424219E+01   3.002716E+02   7.100037E+01   3.231751E-01
   1.429149E+01   3.003359E+02   6.817340E+01   3.209171E-01
   1.434096E+01   2.978851E+02   6.536952E+01   3.186399E-01
   1.439060E+01   2.969846E+02   6.260417E+01   3.163784E-01
   1.444042E+01   2.952461E+02   5.992234E+01   3.141264E-01
   1.449041E+01   2.957051E+02   5.723327E+01   3.118811E-01
   1.454057E+01   2.956761E+02   5.477075E+01   3.096867E-01
   1.459090E+01   2.939226E+02   5.229452E+01   3.074708E-01
   1.464141E+01   2.955737E+02   4.974618E+01   3.052481E-01
   1.469209E+01   2.972869E+02   4.754097E+01   3.031157E-01
   1.474295E+01   2.981019E+02   4.529011E+01   3.009570E-01
   1.479398E+01   2.980094E+02   4.316275E+01   2.988227E-01
   1.484519E+01   2.981669E+02   4.080155E+01   2.966092E-01
   1.489658E+01   3.019177E+02   3.869416E+01   2.944807E-01
   1.494814E+01   3.047980E+02   3.682044E+01   2.924124E-01
   1.499989E+01   3.028868E+02   3.463482E+01   2.902123E-01
   1.505181E+01   3.076080E+02   3.249207E+01   2.880363E-01
   1.510392E+01   3.129589E+02   3.057061E+01   2.859208E-01
   1.515620E+01   3.180450E+02   2.873960E+01   2.838193E-01
   1.520866E+01   3.228050E+02   2.690237E+01   2.816965E-01
   1.526131E+01   3.291895E+02   2.506670E+01   2.795546E-01
   1.531414E+01   3.368953E+02   2.329257E+01   2.774108E-01
   1.536715E+01   3.466578E+02   2.160672E+01   2.752711E-01
   1.542034E+01   3.595557E+02   2.001553E+01   2.731290E-01
   1.547372E+01   3.735913E+02   1.858262E+01   2.710085E-01
   1.552729E+01   3.921322E+02   1.721133E+01   2.688416E-01
   1.558103E+01   4.160190E+02   1.619160E+01   2.667437E-01
   1.563497E+01   4.430998E+02   1.536536E+01   2.646284E-01
   1.568909E+01   4.784708E+02   1.490493E+01   2.625041E-01
   1.574340E+01   5.251840E+02   1.507435E+01   2.604158E-01
   1.579790E+01   5.860765E+02   1.621641E+01   2.584327E-01
   1.585258E+01   6.669198E+02   1.880272E+01   2.565736E-01
   1.590746E+01   7.737540E+02   2.372985E+01   2.550439E-01
   1.596252E+01   9.089814E+02   3.226654E+01   2.543645E-01
   1.601778E+01   1.037331E+03   4.337628E+01   2.550493E-01
   1.607323E+01   1.119608E+03   5.476498E+01   2.572904E-01
   1.612886E+01   1.120346E+03   6.313416E+01   2.604766E-01
   1.618470E+01   1.020255E+03   6.497310E+01   2.630755E-01
   1.624072E+01   8.616879E+02   5.982217E+01   2.632025E-01
   1.629694E+01   7.166953E+02   5.192639E+01   2.611572E-01
   1.635335E+01   6.021677E+02   4.413829E+01   2.582047E-01
   1.640996E+01   5.208861E+02   3.693054E+01   2.548284E-01
   1.646677E+01   4.705305E+02   3.135909E+01   2.516641E-01
   1.652377E+01   4.346139E+02   2.684883E+01   2.487130E-01
   1.658097E+01   4.088575E+02   2.315934E+01   2.459566E-01
   1.663836E+01   3.915548E+02   1.994026E+01   2.432807E-01
   1.669596E+01   3.794880E+02   1.736800E+01   2.408074E-01
   1.675375E+01   3.732993E+02   1.511751E+01   2.383910E-01
   1.681175E+01   3.675349E+02   1.326251E+01   2.361180E-01
   1.686994E+01   3.657526E+02   1.156158E+01   2.338331E-01
   1.692834E+01   3.669350E+02   1.025753E+01   2.316999E-01
   1.698694E+01   3.660216E+02   9.037179E+00   2.295735E-01
   1.704574E+01   3.678387E+02   7.944019E+00   2.274226E-01
   1.710474E+01   3.723229E+02   7.101160E+00   2.253428E-01
   1.716395E+01   3.788219E+02   6.428928E+00   2.232725E-01
   1.722337E+01   3.904914E+02   6.080320E+00   2.213160E-01
   1.728299E+01   3.927087E+02   5.660466E+00   2.193987E-01
   1.734281E+01   3.981810E+02   5.323602E+00   2.172889E-01
   1.740285E+01   4.126904E+02   5.419592E+00   2.153546E-01
   1.746309E+01   4.191067E+02   5.438858E+00   2.133949E-01
   1.752354E+01   4.330989E+02   5.804245E+00   2.113619E-01
   1.758420E+01   4.485136E+02   6.343603E+00   2.094987E-01
   1.764507E+01   4.558711E+02   6.839513E+00   2.075037E-01
   1.770615E+01   4.737996E+02   7.863630E+00   2.054607E-01
   1.776744E+01   4.893678E+02   8.957356E+00   2.035001E-01
   1.782894E+01   5.121220E+02   1.069095E+01   2.013565E-01
   1.789066E+01   5.414570E+02   1.249728E+01   1.994984E-01
   1.795259E+01   5.550412E+02   1.443414E+01   1.973625E-01
   1.801473E+01   5.937313E+02   1.733505E+01   1.952807E-01
   1.807709E+01   6.154172E+02   2.006333E+01   1.931531E-01
   1.813967E+01   6.545359E+02   2.391446E+01   1.908881E-01
   1.820246E+01   6.920929E+02   2.855651E+01   1.884412E-01
   1.826547E+01   7.559657E+02   3.480033E+01   1.857493E-01
   1.832870E+01   8.242117E+02   4.131516E+01   1.829938E-01
   1.839214E+01   8.994065E+02   4.898147E+01   1.798807E-01
   1.845581E+01   9.914000E+02   5.756670E+01   1.763558E-01
   1.851969E+01   1.081521E+03   6.588995E+01   1.726361E-01
   1.858380E+01   1.166426E+03   7.394100E+01   1.687075E-01
   1.864813E+01   1.243833E+03   8.196991E+01   1.644859E-01
   1.871268E+01   1.322519E+03   9.112814E+01   1.594264E-01
   1.877746E+01   1.406330E+03   1.013447E+02   1.531345E-01
   1.884246E+01   1.475703E+03   1.099805E+02   1.464583E-01
   1.890768E+01   1.506122E+03   1.148905E+02   1.414443E-01
   1.897313E+01   1.503762E+03   1.183929E+02   1.393582E-01
   1.903881E+01   1.509589E+03   1.260190E+02   1.404263E-01
   1.910472E+01   1.556327E+03   1.411461E+02   1.416917E-01
   1.917085E+01   1.656722E+03   1.665364E+02   1.419618E-01
   1.923721E+01   1.844456E+03   1.993022E+02   1.414604E-01
   1.930380E+01   1.979799E+03   2.186627E+02   1.405215E-01
   1.937062E+01   2.146182E+03   2.559545E+02   1.380258E-01
   1.943768E+01   2.366691E+03   2.923770E+02   1.362545E-01
   1.950496E+01   2.548349E+03   3.186673E+02   1.352594E-01
   1.957248E+01   2.703827E+03   3.413877E+02   1.345501E-01
   1.964023E+01   2.843817E+03   3.612827E+02   1.342200E-01
   1.970822E+01   2.963786E+03   3.796674E+02   1.338882E-01
   1.977644E+01   3.089259E+03   4.025863E+02   1.333753E-01
   1.984490E+01   3.223817E+03   4.280417E+02   1.332090E-01
   1.991359E+01   3.339033E+03   4.471947E+02   1.338082E-01
   1.998252E+01   3.436826E+03   4.641459E+02   1.344414E-01
   2.005169E+01   3.535512E+03   4.839395E+02   1.350314E-01
   2.012110E+01   3.630852E+03   5.049205E+02   1.356607E-01
   2.019076E+01   3.746117E+03   5.359971E+02   1.360143E-01
   2.026065E+01   3.878640E+03   5.733497E+02   1.375421E-01
   2.033078E+01   3.975528E+03   5.980767E+02   1.410781E-01
   2.040116E+01   4.024305E+03   6.078110E+02   1.462263E-01
   2.047178E+01   4.012149E+03   5.987754E+02   1.525115E-01
   2.054264E+01   3.971467E+03   5.838321E+02   1.581884E-01
   2.061375E+01   3.924237E+03   5.706686E+02   1.637074E-01
   2.068511E+01   3.863167E+03   5.549040E+02   1.687486E-01
   2.075671E+01   3.814304E+03   5.464796E+02   1.736455E-01
   2.082856E+01   3.747179E+03   5.344775E+02   1.788867E-01
   2.090066E+01   3.675998E+03   5.234251E+02   1.841035E-01
   2.097301E+01   3.602035E+03   5.127149E+02   1.890187E-01
   2.104561E+01   3.530179E+03   5.061617E+02   1.944330E-01
   2.111846E+01   3.440783E+03   4.982099E+02   2.005866E-01
   2.119157E+01   3.318941E+03   4.861545E+02   2.077695E-01
   2.126492E+01   3.163528E+03   4.667342E+02   2.146010E-01
   2.133853E+01   2.994128E+03   4.441939E+02   2.203623E-01
   2.141240E+01   2.818896E+03   4.195835E+02   2.246687E-01
   2.148652E+01   2.651785E+03   3.958203E+02   2.275436E-01
   2.156090E+01   2.491001E+03   3.731572E+02   2.293790E-01
   2.163553E+01   2.338320E+03   3.512783E+02   2.301554E-01
   2.171043E+01   2.198113E+03   3.309138E+02   2.300584E-01
   2.178558E+01   2.064497E+03   3.114761E+02   2.293394E-01
   2.186099E+01   1.944685E+03   2.932246E+02   2.279116E-01
   2.193666E+01   1.831665E+03   2.754821E+02   2.259613E-01
   2.201260E+01   1.737361E+03   2.584380E+02   2.232413E-01
   2.208880E+01   1.670859E+03   2.440873E+02   2.202510E-01
   2.216526E+01   1.622982E+03   2.332542E+02   2.176840E-01
   2.224199E+01   1.583139E+03   2.247601E+02   2.155555E-01
   2.231898E+01   1.554307E+03   2.188451E+02   2.139031E-01
   2.239624E+01   1.522893E+03   2.160460E+02   2.133153E-01
   2.247377E+01   1.458865E+03   2.129308E+02   2.134451E-01
   2.255156E+01   1.370316E+03   2.062769E+02   2.128817E-01
   2.262962E+01   1.286922E+03   1.974387E+02   2.112822E-01
   2.270796E+01   1.216604E+03   1.890743E+02   2.094007E-01
   2.278656E+01   1.149558E+03   1.807894E+02   2.073507E-01
   2.286544E+01   1.090784E+03   1.727698E+02   2.051255E-01
   2.294459E+01   1.038904E+03   1.651193E+02   2.028162E-01
   2.302402E+01   9.949677E+02   1.587133E+02   2.007372E-01
   2.310372E+01   9.419478E+02   1.521613E+02   1.986751E-01
   2.318369E+01   8.978575E+02   1.450684E+02   1.962223E-01
   2.326394E+01   8.594496E+02   1.389647E+02   1.939864E-01
   2.334447E+01   8.197598E+02   1.324593E+02   1.915665E-01
   2.342528E+01   7.930134E+02   1.257828E+02   1.888783E-01
   2.350637E+01   7.892938E+02   1.214687E+02   1.867649E-01
   2.358774E+01   7.501092E+02   1.183141E+02   1.854644E-01
   2.366939E+01   7.111023E+02   1.101541E+02   1.822216E-01
   2.375133E+01   7.579690E+02   1.068691E+02   1.798940E-01
   2.383354E+01   7.385562E+02   1.087713E+02   1.802901E-01
   2.391604E+01   6.737424E+02   1.023785E+02   1.779059E-01
   2.399883E+01   6.903233E+02   9.884933E+01   1.757941E-01
   2.408191E+01   6.611428E+02   9.824143E+01   1.752833E-01
   2.416527E+01   6.114636E+02   9.308019E+01   1.731065E-01
   2.424892E+01   6.106431E+02   8.875222E+01   1.707998E-01
   2.433286E+01   5.988301E+02   8.648452E+01   1.694130E-01
   2.441709E+01   5.821277E+02   8.287994E+01   1.674990E-01
   2.450161E+01   5.785798E+02   8.064038E+01   1.660318E-01
   2.458642E+01   5.553860E+02   7.799498E+01   1.645414E-01
   2.467153E+01   5.379369E+02   7.484336E+01   1.627690E-01
   2.475693E+01   5.180728E+02   7.093118E+01   1.606587E-01
   2.484263E+01   5.290978E+02   6.750491E+01   1.585022E-01
   2.492863E+01   5.383728E+02   6.573156E+01   1.570755E-01
   2.501492E+01   5.357991E+02   6.338876E+01   1.554751E-01
   2.510151E+01   5.406991E+02   6.107198E+01   1.538104E-01
   2.518840E+01   5.503159E+02   5.892537E+01   1.521675E-01
   2.527559E+01   5.651832E+02   5.706119E+01   1.505922E-01
   2.536309E+01   5.856227E+02   5.553139E+01   1.491032E-01
   2.545088E+01   6.123020E+02   5.451422E+01   1.477764E-01
   2.553898E+01   6.431101E+02   5.407054E+01   1.466610E-01
   2.562739E+01   6.773982E+02   5.427595E+01   1.458015E-01
   2.571610E+01   7.121845E+02   5.521644E+01   1.452800E-01
   2.580512E+01   7.427748E+02   5.686301E+01   1.451529E-01
   2.589444E+01   7.621543E+02   5.889743E+01   1.453726E-01
   2.598408E+01   7.679285E+02   6.098092E+01   1.458150E-01
   2.607403E+01   7.569656E+02   6.276441E+01   1.463509E-01
   2.616428E+01   7.315873E+02   6.384761E+01   1.467341E-01
   2.625485E+01   6.970848E+02   6.419851E+01   1.468570E-01
   2.634574E+01   6.578699E+02   6.387189E+01   1.466747E-01
   2.643694E+01   6.180332E+02   6.304946E+01   1.462206E-01
   2.652845E+01   5.791354E+02   6.184881E+01   1.455349E-01
   2.662028E+01   5.431010E+02   6.038144E+01   1.446563E-01
   2.671243E+01   5.109435E+02   5.877870E+01   1.436468E-01
   2.680489E+01   4.825445E+02   5.714868E+01   1.425686E-01
   2.689768E+01   4.570993E+02   5.553673E+01   1.414564E-01
   2.699079E+01   4.338357E+02   5.394382E+01   1.403205E-01
   2.708422E+01   4.125281E+02   5.235263E+01   1.391562E-01
   2.717798E+01   3.937869E+02   5.079256E+01   1.379776E-01
   2.727205E+01   3.771331E+02   4.930128E+01   1.368102E-01
   2.736646E+01   3.617891E+02   4.787050E+01   1.356564E-01
   2.746119E+01   3.477412E+02   4.648902E+01   1.345117E-01
   2.755625E+01   3.346803E+02   4.516077E+01   1.333815E-01
   2.765164E+01   3.222830E+02   4.387119E+01   1.322602E-01
   2.774736E+01   3.106348E+02   4.260315E+01   1.311388E-01
   2.784341E+01   3.001161E+02   4.136277E+01   1.300196E-01
   2.793979E+01   2.907575E+02   4.017039E+01   1.289150E-01
   2.803650E+01   2.822276E+02   3.903647E+01   1.278333E-01
   2.813355E+01   2.737977E+02   3.794802E+01   1.267708E-01
   2.823094E+01   2.655157E+02   3.686537E+01   1.257046E-01
   2.832867E+01   2.581553E+02   3.579537E+01   1.246358E-01
   2.842673E+01   2.518584E+02   3.476435E+01   1.235803E-01
   2.852513E+01   2.461555E+02   3.378181E+01   1.225460E-01
   2.862387E+01   2.406633E+02   3.283204E+01   1.215254E-01
   2.872295E+01   2.354721E+02   3.190202E+01   1.205106E-01
   2.882238E+01   2.308053E+02   3.099053E+01   1.195002E-01
   2.892215E+01   2.268515E+02   3.010577E+01   1.184992E-01
   2.902227E+01   2.234155E+02   2.925939E+01   1.175159E-01
   2.912273E+01   2.200065E+02   2.844044E+01   1.165455E-01
   2.922354E+01   2.167966E+02   2.763058E+01   1.155756E-01
   2.932470E+01   2.140445E+02   2.683542E+01   1.146093E-01
   2.942621E+01   2.117326E+02   2.604975E+01   1.136431E-01
   2.952807E+01   2.101904E+02   2.527732E+01   1.126786E-01
   2.963029E+01   2.093455E+02   2.452627E+01   1.117215E-01
   2.973286E+01   2.092226E+02   2.378939E+01   1.107671E-01
   2.983578E+01   2.102031E+02   2.306888E+01   1.098155E-01
   2.993906E+01   2.125790E+02   2.237836E+01   1.088754E-01
   3.004269E+01   2.164293E+02   2.173209E+01   1.079568E-01
   3.014669E+01   2.215933E+02   2.114310E+01   1.070702E-01
   3.025104E+01   2.279353E+02   2.061674E+01   1.062206E-01
   3.035576E+01   2.354306E+02   2.016741E+01   1.054196E-01
   3.046084E+01   2.435057E+02   1.981636E+01   1.046866E-01
   3.056628E+01   2.509066E+02   1.956758E+01   1.040325E-01
   3.067209E+01   2.557668E+02   1.939992E+01   1.034524E-01
   3.077826E+01   2.561760E+02   1.923835E+01   1.029001E-01
   3.088481E+01   2.528735E+02   1.899575E+01   1.023044E-01
   3.099172E+01   2.482011E+02   1.867217E+01   1.016524E-01
   3.109900E+01   2.429529E+02   1.828257E+01   1.009503E-01
   3.120665E+01   2.378773E+02   1.783262E+01   1.001974E-01
   3.131467E+01   2.337899E+02   1.734220E+01   9.940467E-02
   3.142307E+01   2.309882E+02   1.683384E+01   9.858814E-02
   3.153184E+01   2.294146E+02   1.632338E+01   9.776054E-02
   3.164099E+01   2.285821E+02   1.581160E+01   9.692441E-02
   3.175052E+01   2.283808E+02   1.528664E+01   9.606970E-02
   3.186043E+01   2.292792E+02   1.474319E+01   9.518871E-02
   3.197072E+01   2.318240E+02   1.418808E+01   9.428336E-02
   3.208139E+01   2.362408E+02   1.362776E+01   9.335659E-02
   3.219244E+01   2.429005E+02   1.305996E+01   9.240230E-02
   3.230388E+01   2.528164E+02   1.249014E+01   9.141664E-02
   3.241570E+01   2.671654E+02   1.193977E+01   9.040757E-02
   3.252791E+01   2.871327E+02   1.143148E+01   8.938121E-02
   3.264051E+01   3.148172E+02   1.100828E+01   8.835186E-02
   3.275349E+01   3.527780E+02   1.076483E+01   8.737211E-02
   3.286687E+01   4.023348E+02   1.082685E+01   8.652616E-02
   3.298064E+01   4.633438E+02   1.134980E+01   8.593585E-02
   3.309481E+01   5.311819E+02   1.249561E+01   8.578834E-02
   3.320937E+01   5.938768E+02   1.428060E+01   8.625641E-02
   3.332433E+01   6.353098E+02   1.646245E+01   8.736803E-02
   3.343968E+01   6.422930E+02   1.857829E+01   8.891408E-02
   3.355544E+01   6.122241E+02   2.012781E+01   9.045606E-02
   3.367159E+01   5.554190E+02   2.082639E+01   9.152880E-02
   3.378815E+01   4.894017E+02   2.073389E+01   9.190688E-02
   3.390511E+01   4.291372E+02   2.012930E+01   9.166570E-02
   3.402247E+01   3.810227E+02   1.930306E+01   9.103472E-02
   3.414024E+01   3.448335E+02   1.844937E+01   9.022745E-02
   3.425842E+01   3.176620E+02   1.763826E+01   8.935683E-02
   3.437701E+01   2.973035E+02   1.687971E+01   8.846415E-02
   3.449601E+01   2.828136E+02   1.618068E+01   8.757232E-02
   3.461542E+01   2.736020E+02   1.555845E+01   8.670813E-02
   3.473525E+01   2.686576E+02   1.503056E+01   8.589940E-02
   3.485549E+01   2.666678E+02   1.459899E+01   8.515974E-02
   3.497614E+01   2.665196E+02   1.425941E+01   8.449456E-02
   3.509721E+01   2.669569E+02   1.400813E+01   8.391015E-02
   3.521871E+01   2.663863E+02   1.382538E+01   8.339867E-02
   3.534062E+01   2.636431E+02   1.367255E+01   8.293020E-02
   3.546295E+01   2.587212E+02   1.351105E+01   8.246649E-02
   3.558571E+01   2.525393E+02   1.332434E+01   8.198480E-02
   3.570889E+01   2.458416E+02   1.311759E+01   8.148525E-02
   3.583250E+01   2.388543E+02   1.289239E+01   8.096750E-02
   3.595654E+01   2.322206E+02   1.264394E+01   8.042271E-02
   3.608101E+01   2.268587E+02   1.238739E+01   7.986148E-02
   3.620590E+01   2.227620E+02   1.214819E+01   7.931062E-02
   3.633123E+01   2.192111E+02   1.193232E+01   7.878066E-02
   3.645700E+01   2.156061E+02   1.173340E+01   7.826836E-02
   3.658320E+01   2.116473E+02   1.154257E+01   7.776600E-02
   3.670983E+01   2.074146E+02   1.135118E+01   7.726396E-02
   3.683691E+01   2.031851E+02   1.115937E+01   7.676098E-02
   3.696442E+01   1.989877E+02   1.097177E+01   7.626197E-02
   3.709238E+01   1.946079E+02   1.078712E+01   7.576652E-02
   3.722077E+01   1.899906E+02   1.059897E+01   7.526766E-02
   3.734962E+01   1.853713E+02   1.040489E+01   7.476146E-02
   3.747890E+01   1.810250E+02   1.020742E+01   7.424947E-02
   3.760864E+01   1.770887E+02   1.001117E+01   7.373635E-02
   3.773883E+01   1.734924E+02   9.820506E+00   7.322749E-02
   3.786946E+01   1.699849E+02   9.632721E+00   7.272086E-02
   3.800055E+01   1.666072E+02   9.444755E+00   7.221278E-02
   3.813209E+01   1.636258E+02   9.258796E+00   7.170483E-02
   3.826409E+01   1.610216E+02   9.076234E+00   7.119880E-02
   3.839654E+01   1.589935E+02   8.899932E+00   7.069755E-02
   3.852946E+01   1.575239E+02   8.735571E+00   7.020825E-02
   3.866283E+01   1.559607E+02   8.585033E+00   6.973589E-02
   3.879667E+01   1.541014E+02   8.441631E+00   6.927328E-02
   3.893096E+01   1.521394E+02   8.301947E+00   6.881563E-02
   3.906573E+01   1.497325E+02   8.169350E+00   6.836840E-02
   3.920096E+01   1.465852E+02   8.033058E+00   6.791902E-02
   3.933665E+01   1.433203E+02   7.879159E+00   6.744735E-02
   3.947282E+01   1.409560E+02   7.720673E+00   6.696626E-02
   3.960946E+01   1.395864E+02   7.576415E+00   6.649988E-02
   3.974657E+01   1.383104E+02   7.445948E+00   6.605100E-02
   3.988416E+01   1.365497E+02   7.321603E+00   6.561173E-02
   4.002222E+01   1.342420E+02   7.197132E+00   6.517402E-02
   4.016076E+01   1.316326E+02   7.068077E+00   6.473100E-02
   4.029978E+01   1.292296E+02   6.932532E+00   6.427829E-02
   4.043928E+01   1.273847E+02   6.795133E+00   6.382097E-02
   4.057926E+01   1.260477E+02   6.663316E+00   6.336941E-02
   4.071973E+01   1.249933E+02   6.538482E+00   6.292641E-02
   4.086069E+01   1.240344E+02   6.419829E+00   6.249162E-02
   4.100213E+01   1.230331E+02   6.306082E+00   6.206381E-02
   4.114406E+01   1.217650E+02   6.192773E+00   6.163736E-02
   4.128648E+01   1.206039E+02   6.078203E+00   6.120871E-02
   4.142940E+01   1.200091E+02   5.964365E+00   6.077935E-02
   4.157281E+01   1.198251E+02   5.858139E+00   6.035985E-02
   4.171672E+01   1.196711E+02   5.761913E+00   5.995509E-02
   4.186113E+01   1.192435E+02   5.671306E+00   5.955975E-02
   4.200603E+01   1.184633E+02   5.582005E+00   5.916770E-02
   4.215144E+01   1.174088E+02   5.491599E+00   5.877506E-02
   4.229735E+01   1.164034E+02   5.400586E+00   5.838159E-02
   4.244377E+01   1.155917E+02   5.310655E+00   5.798944E-02
   4.259069E+01   1.147531E+02   5.224278E+00   5.760309E-02
   4.273812E+01   1.138273E+02   5.138829E+00   5.721869E-02
   4.288606E+01   1.129180E+02   5.052738E+00   5.683347E-02
   4.303451E+01   1.122454E+02   4.969321E+00   5.645204E-02
   4.318348E+01   1.116927E+02   4.889718E+00   5.607665E-02
   4.333297E+01   1.109958E+02   4.814052E+00   5.570835E-02
   4.348297E+01   1.099424E+02   4.740868E+00   5.534548E-02
   4.363349E+01   1.085733E+02   4.665292E+00   5.497993E-02
   4.378453E+01   1.071364E+02   4.584445E+00   5.460607E-02
   4.393609E+01   1.061623E+02   4.503894E+00   5.423158E-02
   4.408818E+01   1.056627E+02   4.426332E+00   5.386097E-02
   4.424079E+01   1.052168E+02   4.353432E+00   5.349833E-02
   4.439394E+01   1.046991E+02   4.284185E+00   5.314244E-02
   4.454761E+01   1.040308E+02   4.216984E+00   5.279084E-02
   4.470182E+01   1.031670E+02   4.149615E+00   5.243983E-02
   4.485655E+01   1.022652E+02   4.082019E+00   5.208885E-02
   4.501183E+01   1.014900E+02   4.014568E+00   5.173807E-02
   4.516764E+01   1.007776E+02   3.948708E+00   5.139026E-02
   4.532399E+01   1.000632E+02   3.884394E+00   5.104552E-02
   4.548089E+01   9.927842E+01   3.819793E+00   5.070075E-02
   4.563832E+01   9.875587E+01   3.756133E+00   5.035729E-02
   4.579630E+01   9.836162E+01   3.694691E+00   5.001787E-02
   4.595483E+01   9.797774E+01   3.636390E+00   4.968459E-02
   4.611391E+01   9.750474E+01   3.580341E+00   4.935616E-02
   4.627353E+01   9.680630E+01   3.524915E+00   4.902991E-02
   4.643371E+01   9.590092E+01   3.469427E+00   4.870447E-02
   4.659445E+01   9.496368E+01   3.412522E+00   4.837677E-02
   4.675574E+01   9.412805E+01   3.354013E+00   4.804598E-02
   4.691759E+01   9.358141E+01   3.296568E+00   4.771678E-02
   4.708000E+01   9.338162E+01   3.241206E+00   4.739105E-02
   4.724297E+01   9.323536E+01   3.188980E+00   4.707171E-02
   4.740650E+01   9.304702E+01   3.139771E+00   4.675890E-02
   4.757060E+01   9.272421E+01   3.092354E+00   4.645048E-02
   4.773527E+01   9.200965E+01   3.045170E+00   4.614398E-02
   4.790051E+01   9.108145E+01   2.996924E+00   4.583628E-02
   4.806633E+01   9.018248E+01   2.944891E+00   4.552103E-02
   4.823271E+01   8.958025E+01   2.891510E+00   4.520243E-02
   4.839967E+01   8.999088E+01   2.840628E+00   4.488674E-02
   4.856721E+01   9.076132E+01   2.795378E+00   4.458232E-02
   4.873533E+01   9.141676E+01   2.759907E+00   4.429951E-02
   4.890403E+01   9.126512E+01   2.726173E+00   4.402320E-02
   4.907332E+01   8.968519E+01   2.690080E+00   4.374612E-02
   4.924319E+01   8.810675E+01   2.645400E+00   4.345079E-02
   4.941365E+01   8.691354E+01   2.594617E+00   4.314131E-02
   4.958470E+01   8.700415E+01   2.547242E+00   4.283631E-02
   4.975634E+01   8.762837E+01   2.504033E+00   4.253950E-02
   4.992858E+01   8.822964E+01   2.467636E+00   4.225846E-02
   5.010141E+01   8.857956E+01   2.434127E+00   4.198515E-02
   5.027484E+01   8.827010E+01   2.401024E+00   4.171505E-02
   5.044887E+01   8.786989E+01   2.367206E+00   4.144412E-02
   5.062350E+01   8.742647E+01   2.332880E+00   4.117266E-02
   5.079874E+01   8.703972E+01   2.299502E+00   4.090380E-02
   5.097458E+01   8.631854E+01   2.266861E+00   4.063805E-02
   5.115104E+01   8.542015E+01   2.232926E+00   4.037019E-02
   5.132810E+01   8.437252E+01   2.196165E+00   4.009634E-02
   5.150578E+01   8.389399E+01   2.158536E+00   3.981932E-02
   5.168407E+01   8.380757E+01   2.121440E+00   3.954292E-02
   5.186298E+01   8.406990E+01   2.088456E+00   3.927609E-02
   5.204250E+01   8.428011E+01   2.058025E+00   3.901617E-02
   5.222265E+01   8.423743E+01   2.029857E+00   3.876304E-02
   5.240343E+01   8.399003E+01   2.001939E+00   3.851162E-02
   5.258482E+01   8.351086E+01   1.973953E+00   3.826117E-02
   5.276685E+01   8.281604E+01   1.946058E+00   3.801203E-02
   5.294951E+01   8.198904E+01   1.917052E+00   3.776087E-02
   5.313280E+01   8.103792E+01   1.886415E+00   3.750622E-02
   5.331672E+01   8.043382E+01   1.854339E+00   3.724734E-02
   5.350128E+01   8.013350E+01   1.822252E+00   3.698799E-02
   5.368648E+01   8.038527E+01   1.793226E+00   3.673574E-02
   5.387232E+01   8.059424E+01   1.766763E+00   3.649088E-02
   5.405880E+01   8.063499E+01   1.742887E+00   3.625391E-02
   5.424593E+01   8.018984E+01   1.718202E+00   3.601649E-02
   5.443371E+01   7.969631E+01   1.692999E+00   3.577828E-02
   5.462214E+01   7.922858E+01   1.667171E+00   3.553876E-02
   5.481122E+01   7.892395E+01   1.642063E+00   3.530129E-02
   5.500095E+01   7.856583E+01   1.617681E+00   3.506644E-02
   5.519134E+01   7.816823E+01   1.593685E+00   3.483324E-02
   5.538239E+01   7.767951E+01   1.569788E+00   3.460101E-02
   5.557410E+01   7.708234E+01   1.546009E+00   3.436983E-02
   5.576647E+01   7.641887E+01   1.521391E+00   3.413681E-02
   5.595951E+01   7.579997E+01   1.496110E+00   3.390212E-02
   5.615322E+01   7.549753E+01   1.469652E+00   3.366355E-02
   5.634760E+01   7.552594E+01   1.444547E+00   3.342849E-02
   5.654265E+01   7.611170E+01   1.421126E+00   3.319746E-02
   5.673838E+01   7.668839E+01   1.400841E+00   3.297628E-02
   5.693479E+01   7.715038E+01   1.382450E+00   3.276163E-02
   5.713187E+01   7.701268E+01   1.365542E+00   3.255353E-02
   5.732964E+01   7.662157E+01   1.347729E+00   3.234387E-02
   5.752809E+01   7.590250E+01   1.328646E+00   3.213162E-02
   5.772723E+01   7.530809E+01   1.308470E+00   3.191613E-02
   5.792705E+01   7.481061E+01   1.288423E+00   3.170124E-02
   5.812757E+01   7.441406E+01   1.268499E+00   3.148692E-02
   5.832879E+01   7.405210E+01   1.248744E+00   3.127346E-02
   5.853070E+01   7.374693E+01   1.229258E+00   3.106115E-02
   5.873331E+01   7.360865E+01   1.210034E+00   3.084969E-02
   5.893662E+01   7.353210E+01   1.192080E+00   3.064266E-02
   5.914063E+01   7.329714E+01   1.174620E+00   3.043808E-02
   5.934535E+01   7.291972E+01   1.157717E+00   3.023614E-02
   5.955078E+01   7.233792E+01   1.139985E+00   3.003236E-02
   5.975692E+01   7.179307E+01   1.121788E+00   2.982733E-02
   5.996377E+01   7.128404E+01   1.103130E+00   2.962101E-02
   6.017134E+01   7.101019E+01   1.084631E+00   2.941502E-02
   6.037963E+01   7.085430E+01   1.066161E+00   2.920919E-02
   6.058864E+01   7.087018E+01   1.048542E+00   2.900624E-02
   6.079837E+01   7.099348E+01   1.031465E+00   2.880529E-02
   6.100883E+01   7.115187E+01   1.015365E+00   2.860809E-02
   6.122002E+01   7.117528E+01   9.996413E-01   2.841293E-02
   6.143194E+01   7.116670E+01   9.841364E-01   2.821904E-02
   6.164459E+01   7.109474E+01   9.685524E-01   2.802540E-02
   6.185797E+01   7.108626E+01   9.529044E-01   2.783175E-02
   6.207210E+01   7.111995E+01   9.375288E-01   2.763936E-02
   6.228697E+01   7.120861E+01   9.223254E-01   2.744785E-02
   6.250258E+01   7.130913E+01   9.073063E-01   2.725735E-02
   6.271894E+01   7.144414E+01   8.923986E-01   2.706753E-02
   6.293605E+01   7.165867E+01   8.773595E-01   2.687736E-02
   6.315390E+01   7.200295E+01   8.627372E-01   2.668880E-02
   6.337252E+01   7.250947E+01   8.482287E-01   2.650060E-02
   6.359189E+01   7.311069E+01   8.343814E-01   2.631506E-02
   6.381201E+01   7.388564E+01   8.209989E-01   2.613125E-02
   6.403290E+01   7.468953E+01   8.082685E-01   2.595029E-02
   6.425456E+01   7.558529E+01   7.961422E-01   2.577189E-02
   6.447698E+01   7.645386E+01   7.845769E-01   2.559619E-02
   6.470017E+01   7.727215E+01   7.731881E-01   2.542175E-02
   6.492414E+01   7.818482E+01   7.618081E-01   2.524748E-02
   6.514888E+01   7.920090E+01   7.509434E-01   2.507546E-02
   6.537440E+01   8.045909E+01   7.403938E-01   2.490448E-02
   6.560070E+01   8.183041E+01   7.311259E-01   2.473896E-02
   6.582778E+01   8.309589E+01   7.225771E-01   2.457722E-02
   6.605565E+01   8.432279E+01   7.145520E-01   2.441831E-02
   6.628430E+01   8.535040E+01   7.067041E-01   2.426125E-02
   6.651375E+01   8.637849E+01   6.987704E-01   2.410434E-02
   6.674400E+01   8.749601E+01   6.911126E-01   2.394888E-02
   6.697504E+01   8.868482E+01   6.835363E-01   2.379407E-02
   6.720688E+01   9.006885E+01   6.767603E-01   2.364268E-02
   6.743952E+01   9.151167E+01   6.705112E-01   2.349397E-02
   6.767297E+01   9.304360E+01   6.652074E-01   2.334972E-02
   6.790722E+01   9.455022E+01   6.606907E-01   2.320966E-02
   6.814229E+01   9.603148E+01   6.569947E-01   2.307399E-02
   6.837817E+01   9.732277E+01   6.541497E-01   2.294346E-02
   6.861486E+01   9.849657E+01   6.517503E-01   2.281604E-02
   6.885238E+01   9.934236E+01   6.500075E-01   2.269345E-02
   6.909072E+01   1.000544E+02   6.484037E-01   2.257270E-02
   6.932988E+01   1.003678E+02   6.471871E-01   2.245587E-02
   6.956987E+01   1.005749E+02   6.461158E-01   2.234084E-02
   6.981069E+01   1.001866E+02   6.451454E-01   2.222908E-02
   7.005235E+01   9.969770E+01   6.441258E-01   2.211818E-02
   7.029484E+01   9.833058E+01   6.425877E-01   2.200855E-02
   7.053817E+01   9.686875E+01   6.400952E-01   2.189544E-02
   7.078235E+01   9.482264E+01   6.365967E-01   2.178009E-02
   7.102737E+01   9.275153E+01   6.317693E-01   2.165907E-02
   7.127323E+01   9.072063E+01   6.262613E-01   2.153515E-02
   7.151995E+01   8.871508E+01   6.202398E-01   2.140912E-02
   7.176752E+01   8.680253E+01   6.139397E-01   2.128187E-02
   7.201595E+01   8.490502E+01   6.075624E-01   2.115458E-02
   7.226524E+01   8.288183E+01   6.008710E-01   2.102648E-02
   7.251539E+01   8.087104E+01   5.937895E-01   2.089677E-02
   7.276641E+01   7.885210E+01   5.863831E-01   2.076580E-02
   7.301830E+01   7.685677E+01   5.786081E-01   2.063321E-02
   7.327106E+01   7.498633E+01   5.706185E-01   2.049949E-02
   7.352469E+01   7.314532E+01   5.624561E-01   2.036508E-02
   7.377920E+01   7.145675E+01   5.541604E-01   2.022984E-02
   7.403460E+01   6.980182E+01   5.457784E-01   2.009430E-02
   7.429087E+01   6.837019E+01   5.373303E-01   1.995812E-02
   7.454804E+01   6.699357E+01   5.290501E-01   1.982288E-02
   7.480609E+01   6.579780E+01   5.208072E-01   1.968765E-02
   7.506504E+01   6.466585E+01   5.128775E-01   1.955414E-02
   7.532488E+01   6.358562E+01   5.050589E-01   1.942134E-02
   7.558563E+01   6.253572E+01   4.973812E-01   1.928946E-02
   7.584727E+01   6.155275E+01   4.897366E-01   1.915787E-02
   7.610982E+01   6.062271E+01   4.822627E-01   1.902733E-02
   7.637328E+01   5.978828E+01   4.748019E-01   1.889691E-02
   7.663766E+01   5.906922E+01   4.677120E-01   1.876853E-02
   7.690295E+01   5.835483E+01   4.608706E-01   1.864177E-02
   7.716915E+01   5.764443E+01   4.542335E-01   1.851642E-02
   7.743628E+01   5.691225E+01   4.478649E-01   1.839289E-02
   7.770433E+01   5.604026E+01   4.414691E-01   1.826976E-02
   7.797331E+01   5.517414E+01   4.350454E-01   1.814675E-02
   7.824322E+01   5.427302E+01   4.285830E-01   1.802386E-02
   7.851407E+01   5.337799E+01   4.219929E-01   1.790048E-02
   7.878585E+01   5.264295E+01   4.153659E-01   1.777683E-02
   7.905857E+01   5.195110E+01   4.088785E-01   1.765416E-02
   7.933224E+01   5.143886E+01   4.023888E-01   1.753139E-02
   7.960686E+01   5.104288E+01   3.963427E-01   1.741128E-02
   7.988242E+01   5.065835E+01   3.905518E-01   1.729294E-02
   8.015894E+01   5.029063E+01   3.850273E-01   1.717644E-02
   8.043642E+01   4.988692E+01   3.798434E-01   1.706235E-02
   8.071486E+01   4.928895E+01   3.746573E-01   1.694889E-02
   8.099426E+01   4.869264E+01   3.694859E-01   1.683581E-02
   8.127463E+01   4.800321E+01   3.643272E-01   1.672326E-02
   8.155596E+01   4.730699E+01   3.590936E-01   1.661054E-02
   8.183828E+01   4.664147E+01   3.538479E-01   1.649796E-02
   8.212157E+01   4.599605E+01   3.486626E-01   1.638599E-02
   8.240584E+01   4.534977E+01   3.435267E-01   1.627460E-02
   8.269109E+01   4.469668E+01   3.384024E-01   1.616354E-02
   8.297733E+01   4.404924E+01   3.332876E-01   1.605278E-02
   8.326457E+01   4.340137E+01   3.281598E-01   1.594218E-02
   8.355279E+01   4.275977E+01   3.229614E-01   1.583134E-02
   8.384202E+01   4.226807E+01   3.176998E-01   1.572007E-02
   8.413225E+01   4.183849E+01   3.125733E-01   1.560983E-02
   8.442348E+01   4.153354E+01   3.073586E-01   1.549902E-02
   8.471572E+01   4.143594E+01   3.024766E-01   1.539036E-02
   8.500897E+01   4.135267E+01   2.977273E-01   1.528281E-02
   8.530323E+01   4.148778E+01   2.932456E-01   1.517701E-02
   8.559852E+01   4.163215E+01   2.891312E-01   1.507397E-02
   8.589482E+01   4.173174E+01   2.852943E-01   1.497321E-02
   8.619215E+01   4.180364E+01   2.816607E-01   1.487421E-02
   8.649052E+01   4.178356E+01   2.783914E-01   1.477821E-02
   8.678991E+01   4.145424E+01   2.750108E-01   1.468220E-02
   8.709034E+01   4.112784E+01   2.715922E-01   1.458624E-02
   8.739181E+01   4.066094E+01   2.681667E-01   1.449074E-02
   8.769432E+01   4.016347E+01   2.645851E-01   1.439444E-02
   8.799789E+01   3.972791E+01   2.608907E-01   1.429752E-02
   8.830250E+01   3.939703E+01   2.572992E-01   1.420147E-02
   8.860816E+01   3.906940E+01   2.537696E-01   1.410613E-02
   8.891489E+01   3.878605E+01   2.503012E-01   1.401146E-02
   8.922267E+01   3.851041E+01   2.469187E-01   1.391769E-02
   8.953153E+01   3.823614E+01   2.435990E-01   1.382466E-02
   8.984145E+01   3.796310E+01   2.403293E-01   1.373228E-02
   9.015244E+01   3.769214E+01   2.370825E-01   1.364035E-02
   9.046451E+01   3.751489E+01   2.339097E-01   1.354912E-02
   9.077766E+01   3.734757E+01   2.308745E-01   1.345922E-02
   9.109190E+01   3.716509E+01   2.279544E-01   1.337051E-02
   9.140722E+01   3.695798E+01   2.251045E-01   1.328267E-02
   9.172363E+01   3.675157E+01   2.223740E-01   1.319605E-02
   9.204114E+01   3.637442E+01   2.196973E-01   1.311037E-02
   9.235975E+01   3.596570E+01   2.169275E-01   1.302427E-02
   9.267946E+01   3.556185E+01   2.141288E-01   1.293821E-02
   9.300028E+01   3.516467E+01   2.113059E-01   1.285220E-02
   9.332221E+01   3.477153E+01   2.084149E-01   1.276589E-02
   9.364525E+01   3.459305E+01   2.054604E-01   1.267904E-02
   9.396941E+01   3.452231E+01   2.027104E-01   1.259399E-02
   9.429469E+01   3.448487E+01   1.999621E-01   1.250917E-02
   9.462110E+01   3.476727E+01   1.974278E-01   1.242601E-02
   9.494864E+01   3.506133E+01   1.951997E-01   1.234569E-02
   9.527731E+01   3.537616E+01   1.931751E-01   1.226736E-02
   9.560712E+01   3.572419E+01   1.914167E-01   1.219158E-02
   9.593807E+01   3.606494E+01   1.899862E-01   1.211896E-02
   9.627017E+01   3.606812E+01   1.888220E-01   1.204942E-02
   9.660342E+01   3.594967E+01   1.876183E-01   1.198007E-02
   9.693782E+01   3.579356E+01   1.866368E-01   1.191306E-02
   9.727338E+01   3.526572E+01   1.856757E-01   1.184707E-02
   9.761010E+01   3.472405E+01   1.846761E-01   1.178113E-02
   9.794798E+01   3.419065E+01   1.837919E-01   1.171656E-02
   9.828704E+01   3.366883E+01   1.831453E-01   1.165445E-02
   9.862727E+01   3.314905E+01   1.828564E-01   1.159590E-02
   9.896867E+01   3.275057E+01   1.832069E-01   1.154330E-02
   9.931126E+01   3.243192E+01   1.849945E-01   1.150385E-02
   9.965504E+01   3.208606E+01   1.905611E-01   1.149833E-02
   1.000000E+02   3.189564E+01   2.175283E-01   1.167724E-02
