#============================================================================
# Opacities computed by OpTool        <a^n>=  3.0000E+0  3.0000E+0  3.0000E+0
# Method:   DHS  fmax=  0.990
# Parameters:
#   amin [um]=      3.000 amax [um]=      3.000  na  =    1     apow=   3.5    
#   lmin [um]=      0.100 lmax [um]=    100.000  nlam= 2000     nang=   180
#   porosity =      0.000 p_mantle =      0.000  fmax= 0.99     chop=   0.0
# Composition:
#  Where   mfrac  rho   Material
#  -----   -----  ----  -----------------------------------------------------
#  core    1.000  2.21  /Users/jvarga/Dokumentumok/MATISSE/pro/optool_misc_lnk//nk_annealed_sil.dat
#  - - -   - - -  -  -  - - - - - - - - - - - - - - - - - - - - - - - - - - -
#  grain   1.000  2.21  mixture of  1 materials
#----------------------------------------------------------------------------
# Command: /Users/jvarga/bin/optool -dhs 0.99 -l 0.1 100 2000 -a 3.000000 \
#   /Users/jvarga/Dokumentumok/MATISSE/pro/optool_misc_lnk//nk_annealed_sil.dat \
#   -o /Users/jvarga/Dokumentumok/MATISSE/pro/opacities/
#============================================================================
# Standard output file, no scattering matrix
#    iformat
#    nlambda
#    lambda[um]  kabs [cm^2/g]  ksca [cm^2/g]    g_asymmetry
#============================================================================
           3
        2000
   1.000000E-01   2.407299E+03   3.355174E+03   9.818441E-01
   1.003462E-01   2.406500E+03   3.357134E+03   9.821476E-01
   1.006935E-01   2.405674E+03   3.359159E+03   9.823643E-01
   1.010421E-01   2.404855E+03   3.361162E+03   9.821627E-01
   1.013918E-01   2.404048E+03   3.363130E+03   9.823024E-01
   1.017428E-01   2.403200E+03   3.365064E+03   9.822879E-01
   1.020950E-01   2.402409E+03   3.366931E+03   9.821897E-01
   1.024484E-01   2.401587E+03   3.368832E+03   9.825201E-01
   1.028031E-01   2.400739E+03   3.370703E+03   9.822744E-01
   1.031589E-01   2.399912E+03   3.372512E+03   9.828086E-01
   1.035160E-01   2.399030E+03   3.374388E+03   9.821479E-01
   1.038743E-01   2.398208E+03   3.376091E+03   9.826543E-01
   1.042339E-01   2.397371E+03   3.377847E+03   9.827473E-01
   1.045947E-01   2.396525E+03   3.379538E+03   9.826012E-01
   1.049568E-01   2.395672E+03   3.381193E+03   9.828512E-01
   1.053201E-01   2.394792E+03   3.382836E+03   9.827177E-01
   1.056847E-01   2.393907E+03   3.384456E+03   9.827631E-01
   1.060505E-01   2.392996E+03   3.386050E+03   9.827333E-01
   1.064176E-01   2.392141E+03   3.387540E+03   9.831225E-01
   1.067860E-01   2.391232E+03   3.389068E+03   9.826218E-01
   1.071556E-01   2.390366E+03   3.390454E+03   9.829279E-01
   1.075266E-01   2.389432E+03   3.391914E+03   9.830259E-01
   1.078988E-01   2.388538E+03   3.393207E+03   9.828394E-01
   1.082723E-01   2.387602E+03   3.394597E+03   9.829566E-01
   1.086471E-01   2.386714E+03   3.395820E+03   9.828751E-01
   1.090232E-01   2.385794E+03   3.397099E+03   9.828119E-01
   1.094006E-01   2.384885E+03   3.398203E+03   9.831491E-01
   1.097793E-01   2.383944E+03   3.399324E+03   9.827062E-01
   1.101593E-01   2.382990E+03   3.400462E+03   9.830269E-01
   1.105406E-01   2.382069E+03   3.401571E+03   9.828873E-01
   1.109232E-01   2.381148E+03   3.402685E+03   9.828190E-01
   1.113072E-01   2.380235E+03   3.403621E+03   9.829700E-01
   1.116925E-01   2.379316E+03   3.404564E+03   9.827313E-01
   1.120791E-01   2.378356E+03   3.405523E+03   9.827659E-01
   1.124671E-01   2.377396E+03   3.406447E+03   9.826729E-01
   1.128564E-01   2.376466E+03   3.407371E+03   9.823582E-01
   1.132471E-01   2.375528E+03   3.408296E+03   9.828995E-01
   1.136391E-01   2.374585E+03   3.409104E+03   9.824844E-01
   1.140325E-01   2.373621E+03   3.409916E+03   9.827733E-01
   1.144272E-01   2.372685E+03   3.410785E+03   9.825685E-01
   1.148233E-01   2.371763E+03   3.411555E+03   9.830419E-01
   1.152208E-01   2.370741E+03   3.412455E+03   9.825373E-01
   1.156196E-01   2.369762E+03   3.413251E+03   9.827136E-01
   1.160198E-01   2.368829E+03   3.414064E+03   9.823516E-01
   1.164215E-01   2.367795E+03   3.414912E+03   9.822463E-01
   1.168245E-01   2.366805E+03   3.415633E+03   9.821916E-01
   1.172289E-01   2.365822E+03   3.416463E+03   9.824329E-01
   1.176347E-01   2.364818E+03   3.417308E+03   9.826393E-01
   1.180419E-01   2.363829E+03   3.418062E+03   9.825051E-01
   1.184505E-01   2.362841E+03   3.418812E+03   9.823275E-01
   1.188605E-01   2.361758E+03   3.419702E+03   9.819322E-01
   1.192719E-01   2.360765E+03   3.420536E+03   9.817409E-01
   1.196848E-01   2.359716E+03   3.421282E+03   9.820287E-01
   1.200991E-01   2.358707E+03   3.422175E+03   9.820983E-01
   1.205148E-01   2.357682E+03   3.423066E+03   9.822411E-01
   1.209320E-01   2.356591E+03   3.423888E+03   9.818306E-01
   1.213506E-01   2.355578E+03   3.424781E+03   9.814405E-01
   1.217707E-01   2.354576E+03   3.425612E+03   9.815136E-01
   1.221922E-01   2.353457E+03   3.426550E+03   9.817987E-01
   1.226152E-01   2.352484E+03   3.427588E+03   9.818450E-01
   1.230396E-01   2.351411E+03   3.428353E+03   9.814430E-01
   1.234655E-01   2.350333E+03   3.429447E+03   9.812232E-01
   1.238929E-01   2.349253E+03   3.430413E+03   9.811887E-01
   1.243218E-01   2.348222E+03   3.431398E+03   9.816840E-01
   1.247521E-01   2.347188E+03   3.432513E+03   9.814720E-01
   1.251840E-01   2.346103E+03   3.433660E+03   9.808574E-01
   1.256173E-01   2.345047E+03   3.434806E+03   9.810554E-01
   1.260522E-01   2.343910E+03   3.435943E+03   9.812069E-01
   1.264885E-01   2.342825E+03   3.437197E+03   9.812298E-01
   1.269263E-01   2.341714E+03   3.438469E+03   9.807223E-01
   1.273657E-01   2.340623E+03   3.439790E+03   9.808124E-01
   1.278066E-01   2.339539E+03   3.441130E+03   9.812442E-01
   1.282490E-01   2.338525E+03   3.442434E+03   9.806264E-01
   1.286930E-01   2.337340E+03   3.443847E+03   9.809227E-01
   1.291384E-01   2.336307E+03   3.445365E+03   9.809014E-01
   1.295855E-01   2.335110E+03   3.446736E+03   9.801553E-01
   1.300340E-01   2.334057E+03   3.448315E+03   9.808233E-01
   1.304842E-01   2.332898E+03   3.449747E+03   9.807539E-01
   1.309358E-01   2.331785E+03   3.451328E+03   9.799329E-01
   1.313891E-01   2.330664E+03   3.452971E+03   9.800988E-01
   1.318439E-01   2.329558E+03   3.454601E+03   9.805956E-01
   1.323003E-01   2.328423E+03   3.456197E+03   9.804813E-01
   1.327583E-01   2.327364E+03   3.457966E+03   9.795827E-01
   1.332178E-01   2.326251E+03   3.459672E+03   9.804163E-01
   1.336790E-01   2.325096E+03   3.461402E+03   9.803108E-01
   1.341417E-01   2.324089E+03   3.463196E+03   9.800805E-01
   1.346060E-01   2.322911E+03   3.464932E+03   9.803703E-01
   1.350720E-01   2.321801E+03   3.466819E+03   9.803919E-01
   1.355395E-01   2.320656E+03   3.468755E+03   9.804144E-01
   1.360087E-01   2.319571E+03   3.470605E+03   9.801138E-01
   1.364795E-01   2.318391E+03   3.472521E+03   9.803571E-01
   1.369520E-01   2.317280E+03   3.474550E+03   9.802798E-01
   1.374260E-01   2.316168E+03   3.476628E+03   9.799687E-01
   1.379018E-01   2.314990E+03   3.478467E+03   9.797722E-01
   1.383791E-01   2.313934E+03   3.480502E+03   9.800546E-01
   1.388581E-01   2.312788E+03   3.482643E+03   9.796672E-01
   1.393388E-01   2.311629E+03   3.484696E+03   9.799342E-01
   1.398211E-01   2.310489E+03   3.486770E+03   9.800526E-01
   1.403051E-01   2.309390E+03   3.488870E+03   9.802941E-01
   1.407908E-01   2.308296E+03   3.491097E+03   9.799862E-01
   1.412782E-01   2.307166E+03   3.493228E+03   9.805871E-01
   1.417672E-01   2.305992E+03   3.495333E+03   9.800775E-01
   1.422579E-01   2.304940E+03   3.497558E+03   9.797237E-01
   1.427504E-01   2.303815E+03   3.499824E+03   9.800791E-01
   1.432445E-01   2.302662E+03   3.501933E+03   9.798412E-01
   1.437404E-01   2.301579E+03   3.504155E+03   9.803206E-01
   1.442379E-01   2.300488E+03   3.506441E+03   9.803935E-01
   1.447372E-01   2.299411E+03   3.508680E+03   9.804428E-01
   1.452383E-01   2.298326E+03   3.510894E+03   9.804971E-01
   1.457410E-01   2.297151E+03   3.513092E+03   9.800664E-01
   1.462455E-01   2.295996E+03   3.515306E+03   9.797750E-01
   1.467518E-01   2.294949E+03   3.517611E+03   9.802740E-01
   1.472597E-01   2.293833E+03   3.519691E+03   9.803711E-01
   1.477695E-01   2.292722E+03   3.521816E+03   9.807048E-01
   1.482810E-01   2.291622E+03   3.524022E+03   9.806904E-01
   1.487943E-01   2.290493E+03   3.526227E+03   9.804079E-01
   1.493094E-01   2.289409E+03   3.528343E+03   9.803585E-01
   1.498262E-01   2.288256E+03   3.530398E+03   9.802827E-01
   1.503448E-01   2.287153E+03   3.532337E+03   9.805080E-01
   1.508653E-01   2.286033E+03   3.534332E+03   9.808686E-01
   1.513875E-01   2.284942E+03   3.536361E+03   9.807745E-01
   1.519116E-01   2.283841E+03   3.538324E+03   9.805043E-01
   1.524374E-01   2.282730E+03   3.540186E+03   9.807157E-01
   1.529651E-01   2.281585E+03   3.541999E+03   9.806702E-01
   1.534946E-01   2.280486E+03   3.543896E+03   9.807903E-01
   1.540259E-01   2.279339E+03   3.545687E+03   9.809297E-01
   1.545591E-01   2.278134E+03   3.547309E+03   9.805687E-01
   1.550941E-01   2.277028E+03   3.548863E+03   9.808026E-01
   1.556310E-01   2.275973E+03   3.550528E+03   9.809544E-01
   1.561697E-01   2.274878E+03   3.552112E+03   9.812393E-01
   1.567103E-01   2.273649E+03   3.553544E+03   9.810016E-01
   1.572528E-01   2.272455E+03   3.554800E+03   9.808690E-01
   1.577971E-01   2.271400E+03   3.556397E+03   9.812280E-01
   1.583433E-01   2.270141E+03   3.557613E+03   9.809590E-01
   1.588915E-01   2.268969E+03   3.558610E+03   9.812871E-01
   1.594415E-01   2.267916E+03   3.559972E+03   9.809615E-01
   1.599934E-01   2.266671E+03   3.561161E+03   9.809777E-01
   1.605472E-01   2.265449E+03   3.562041E+03   9.810550E-01
   1.611030E-01   2.264353E+03   3.563268E+03   9.809976E-01
   1.616606E-01   2.263133E+03   3.564156E+03   9.812652E-01
   1.622202E-01   2.261899E+03   3.564769E+03   9.807366E-01
   1.627818E-01   2.260748E+03   3.565735E+03   9.808900E-01
   1.633453E-01   2.259466E+03   3.566459E+03   9.809665E-01
   1.639107E-01   2.258277E+03   3.567140E+03   9.807739E-01
   1.644781E-01   2.257074E+03   3.567841E+03   9.806811E-01
   1.650474E-01   2.255857E+03   3.568392E+03   9.808757E-01
   1.656188E-01   2.254627E+03   3.568789E+03   9.810606E-01
   1.661921E-01   2.253343E+03   3.569518E+03   9.807606E-01
   1.667674E-01   2.252159E+03   3.569800E+03   9.803356E-01
   1.673446E-01   2.250882E+03   3.570308E+03   9.810994E-01
   1.679239E-01   2.249637E+03   3.570542E+03   9.803094E-01
   1.685052E-01   2.248337E+03   3.570950E+03   9.800875E-01
   1.690885E-01   2.247072E+03   3.571108E+03   9.808063E-01
   1.696738E-01   2.245792E+03   3.571521E+03   9.804303E-01
   1.702611E-01   2.244505E+03   3.571445E+03   9.800579E-01
   1.708505E-01   2.243238E+03   3.571865E+03   9.805577E-01
   1.714419E-01   2.241898E+03   3.571958E+03   9.798261E-01
   1.720354E-01   2.240654E+03   3.571920E+03   9.798967E-01
   1.726309E-01   2.239335E+03   3.572215E+03   9.801537E-01
   1.732285E-01   2.238059E+03   3.572159E+03   9.796615E-01
   1.738281E-01   2.236659E+03   3.572302E+03   9.796148E-01
   1.744299E-01   2.235397E+03   3.572344E+03   9.800353E-01
   1.750337E-01   2.234070E+03   3.572274E+03   9.794429E-01
   1.756395E-01   2.232697E+03   3.572460E+03   9.801055E-01
   1.762475E-01   2.231411E+03   3.572414E+03   9.791745E-01
   1.768576E-01   2.230086E+03   3.572720E+03   9.795004E-01
   1.774698E-01   2.228788E+03   3.572611E+03   9.792749E-01
   1.780842E-01   2.227429E+03   3.572815E+03   9.794032E-01
   1.787006E-01   2.226159E+03   3.573050E+03   9.790823E-01
   1.793192E-01   2.224825E+03   3.573036E+03   9.787073E-01
   1.799399E-01   2.223454E+03   3.573343E+03   9.787862E-01
   1.805628E-01   2.222166E+03   3.573427E+03   9.791472E-01
   1.811878E-01   2.220763E+03   3.573736E+03   9.789937E-01
   1.818150E-01   2.219560E+03   3.574100E+03   9.787997E-01
   1.824444E-01   2.218214E+03   3.574512E+03   9.786503E-01
   1.830760E-01   2.216848E+03   3.574816E+03   9.783778E-01
   1.837097E-01   2.215562E+03   3.575270E+03   9.784861E-01
   1.843456E-01   2.214288E+03   3.575857E+03   9.783993E-01
   1.849837E-01   2.212900E+03   3.576247E+03   9.784415E-01
   1.856241E-01   2.211633E+03   3.577097E+03   9.785029E-01
   1.862666E-01   2.210374E+03   3.577513E+03   9.782916E-01
   1.869114E-01   2.208964E+03   3.578395E+03   9.783987E-01
   1.875584E-01   2.207751E+03   3.579271E+03   9.778881E-01
   1.882077E-01   2.206431E+03   3.579929E+03   9.784300E-01
   1.888592E-01   2.205104E+03   3.580849E+03   9.776081E-01
   1.895129E-01   2.203859E+03   3.581753E+03   9.786606E-01
   1.901689E-01   2.202601E+03   3.583022E+03   9.779688E-01
   1.908272E-01   2.201303E+03   3.583831E+03   9.784491E-01
   1.914878E-01   2.199908E+03   3.585025E+03   9.779292E-01
   1.921506E-01   2.198725E+03   3.586175E+03   9.775340E-01
   1.928158E-01   2.197371E+03   3.587286E+03   9.787725E-01
   1.934832E-01   2.196214E+03   3.588734E+03   9.772490E-01
   1.941530E-01   2.194897E+03   3.589890E+03   9.787196E-01
   1.948251E-01   2.193615E+03   3.591067E+03   9.775719E-01
   1.954995E-01   2.192323E+03   3.592528E+03   9.779143E-01
   1.961762E-01   2.191011E+03   3.593872E+03   9.780165E-01
   1.968553E-01   2.189776E+03   3.595246E+03   9.775824E-01
   1.975367E-01   2.188544E+03   3.596786E+03   9.783790E-01
   1.982205E-01   2.187279E+03   3.598199E+03   9.781367E-01
   1.989067E-01   2.185911E+03   3.599434E+03   9.770811E-01
   1.995952E-01   2.184651E+03   3.601043E+03   9.784512E-01
   2.002861E-01   2.183481E+03   3.602671E+03   9.776478E-01
   2.009794E-01   2.182187E+03   3.603781E+03   9.784262E-01
   2.016751E-01   2.180771E+03   3.604972E+03   9.778430E-01
   2.023732E-01   2.179502E+03   3.606830E+03   9.771068E-01
   2.030738E-01   2.178340E+03   3.608354E+03   9.783690E-01
   2.037767E-01   2.176931E+03   3.609340E+03   9.782154E-01
   2.044821E-01   2.175568E+03   3.610938E+03   9.775277E-01
   2.051899E-01   2.174425E+03   3.612366E+03   9.779091E-01
   2.059002E-01   2.173005E+03   3.613459E+03   9.780976E-01
   2.066130E-01   2.171691E+03   3.614829E+03   9.777192E-01
   2.073282E-01   2.170421E+03   3.616167E+03   9.781027E-01
   2.080459E-01   2.169032E+03   3.617259E+03   9.779146E-01
   2.087660E-01   2.167645E+03   3.618278E+03   9.781165E-01
   2.094887E-01   2.166322E+03   3.619949E+03   9.779380E-01
   2.102139E-01   2.165052E+03   3.620839E+03   9.771288E-01
   2.109415E-01   2.163546E+03   3.621925E+03   9.778317E-01
   2.116717E-01   2.162317E+03   3.623116E+03   9.785141E-01
   2.124044E-01   2.160949E+03   3.624334E+03   9.775706E-01
   2.131397E-01   2.159541E+03   3.624904E+03   9.770043E-01
   2.138775E-01   2.158087E+03   3.626078E+03   9.777407E-01
   2.146178E-01   2.156815E+03   3.627206E+03   9.774581E-01
   2.153608E-01   2.155425E+03   3.628025E+03   9.771636E-01
   2.161063E-01   2.154049E+03   3.628945E+03   9.778124E-01
   2.168543E-01   2.152678E+03   3.629572E+03   9.777656E-01
   2.176050E-01   2.151178E+03   3.630343E+03   9.770973E-01
   2.183582E-01   2.149802E+03   3.631457E+03   9.772083E-01
   2.191141E-01   2.148439E+03   3.632279E+03   9.771826E-01
   2.198726E-01   2.147019E+03   3.632979E+03   9.769105E-01
   2.206337E-01   2.145606E+03   3.634102E+03   9.768473E-01
   2.213974E-01   2.144294E+03   3.634678E+03   9.772130E-01
   2.221638E-01   2.142821E+03   3.635582E+03   9.770312E-01
   2.229329E-01   2.141509E+03   3.636220E+03   9.766980E-01
   2.237046E-01   2.139937E+03   3.636951E+03   9.771826E-01
   2.244789E-01   2.138585E+03   3.638096E+03   9.769233E-01
   2.252560E-01   2.137288E+03   3.638871E+03   9.763773E-01
   2.260357E-01   2.135801E+03   3.639667E+03   9.766519E-01
   2.268182E-01   2.134462E+03   3.640531E+03   9.768856E-01
   2.276033E-01   2.133012E+03   3.641200E+03   9.758900E-01
   2.283912E-01   2.131507E+03   3.642015E+03   9.764894E-01
   2.291818E-01   2.130274E+03   3.642934E+03   9.767355E-01
   2.299751E-01   2.128858E+03   3.643739E+03   9.761688E-01
   2.307712E-01   2.127490E+03   3.644602E+03   9.764030E-01
   2.315700E-01   2.126249E+03   3.645313E+03   9.762749E-01
   2.323716E-01   2.124775E+03   3.646061E+03   9.761262E-01
   2.331760E-01   2.123505E+03   3.646855E+03   9.765468E-01
   2.339832E-01   2.122035E+03   3.647854E+03   9.760372E-01
   2.347931E-01   2.120724E+03   3.648645E+03   9.758847E-01
   2.356059E-01   2.119314E+03   3.649681E+03   9.764174E-01
   2.364214E-01   2.117937E+03   3.650583E+03   9.756120E-01
   2.372398E-01   2.116606E+03   3.651561E+03   9.761031E-01
   2.380610E-01   2.115255E+03   3.652217E+03   9.762711E-01
   2.388851E-01   2.113898E+03   3.653119E+03   9.756972E-01
   2.397120E-01   2.112668E+03   3.653914E+03   9.764648E-01
   2.405418E-01   2.111133E+03   3.654773E+03   9.754664E-01
   2.413745E-01   2.109922E+03   3.655693E+03   9.760520E-01
   2.422100E-01   2.108528E+03   3.656417E+03   9.762690E-01
   2.430484E-01   2.107079E+03   3.657498E+03   9.752083E-01
   2.438898E-01   2.105744E+03   3.658105E+03   9.763512E-01
   2.447340E-01   2.104328E+03   3.658753E+03   9.753681E-01
   2.455812E-01   2.103005E+03   3.659453E+03   9.759722E-01
   2.464313E-01   2.101642E+03   3.659966E+03   9.758420E-01
   2.472843E-01   2.100423E+03   3.660813E+03   9.755240E-01
   2.481403E-01   2.098935E+03   3.661549E+03   9.760202E-01
   2.489993E-01   2.097573E+03   3.662370E+03   9.756846E-01
   2.498612E-01   2.096024E+03   3.662719E+03   9.753269E-01
   2.507261E-01   2.094759E+03   3.663177E+03   9.759170E-01
   2.515940E-01   2.093275E+03   3.663936E+03   9.754311E-01
   2.524650E-01   2.091890E+03   3.664792E+03   9.757707E-01
   2.533389E-01   2.090472E+03   3.665351E+03   9.751800E-01
   2.542158E-01   2.088996E+03   3.665719E+03   9.753392E-01
   2.550958E-01   2.087556E+03   3.666155E+03   9.751463E-01
   2.559789E-01   2.086145E+03   3.666778E+03   9.760453E-01
   2.568650E-01   2.084840E+03   3.667083E+03   9.747557E-01
   2.577541E-01   2.083383E+03   3.667999E+03   9.756613E-01
   2.586463E-01   2.081895E+03   3.668281E+03   9.750934E-01
   2.595417E-01   2.080519E+03   3.668902E+03   9.746134E-01
   2.604401E-01   2.079076E+03   3.669228E+03   9.754642E-01
   2.613416E-01   2.077643E+03   3.669905E+03   9.747935E-01
   2.622463E-01   2.076148E+03   3.670310E+03   9.748659E-01
   2.631541E-01   2.074745E+03   3.670589E+03   9.751069E-01
   2.640650E-01   2.073436E+03   3.671180E+03   9.752967E-01
   2.649791E-01   2.071906E+03   3.671847E+03   9.740336E-01
   2.658963E-01   2.070564E+03   3.672458E+03   9.751650E-01
   2.668168E-01   2.068997E+03   3.672893E+03   9.744607E-01
   2.677404E-01   2.067581E+03   3.673327E+03   9.743262E-01
   2.686672E-01   2.066197E+03   3.673703E+03   9.743503E-01
   2.695972E-01   2.064811E+03   3.674502E+03   9.753098E-01
   2.705304E-01   2.063358E+03   3.674757E+03   9.735577E-01
   2.714669E-01   2.061857E+03   3.675270E+03   9.750964E-01
   2.724066E-01   2.060626E+03   3.675948E+03   9.745208E-01
   2.733495E-01   2.059186E+03   3.676659E+03   9.741174E-01
   2.742958E-01   2.057663E+03   3.677078E+03   9.744146E-01
   2.752453E-01   2.056335E+03   3.677382E+03   9.749237E-01
   2.761981E-01   2.055006E+03   3.678227E+03   9.738427E-01
   2.771541E-01   2.053538E+03   3.679062E+03   9.745312E-01
   2.781135E-01   2.052079E+03   3.679442E+03   9.738566E-01
   2.790762E-01   2.050661E+03   3.679966E+03   9.748098E-01
   2.800423E-01   2.049209E+03   3.680221E+03   9.732330E-01
   2.810117E-01   2.047982E+03   3.681092E+03   9.744360E-01
   2.819844E-01   2.046539E+03   3.681561E+03   9.746284E-01
   2.829605E-01   2.045093E+03   3.682444E+03   9.738184E-01
   2.839400E-01   2.043640E+03   3.682687E+03   9.732997E-01
   2.849229E-01   2.042414E+03   3.683638E+03   9.750290E-01
   2.859092E-01   2.040820E+03   3.684276E+03   9.736898E-01
   2.868989E-01   2.039381E+03   3.684554E+03   9.737599E-01
   2.878920E-01   2.037999E+03   3.685292E+03   9.738743E-01
   2.888886E-01   2.036640E+03   3.685922E+03   9.739697E-01
   2.898886E-01   2.035041E+03   3.686321E+03   9.743801E-01
   2.908921E-01   2.033828E+03   3.686864E+03   9.731612E-01
   2.918990E-01   2.032415E+03   3.687870E+03   9.737618E-01
   2.929094E-01   2.030906E+03   3.688495E+03   9.737379E-01
   2.939234E-01   2.029357E+03   3.688927E+03   9.745047E-01
   2.949408E-01   2.028041E+03   3.689358E+03   9.727872E-01
   2.959618E-01   2.026779E+03   3.690488E+03   9.734608E-01
   2.969863E-01   2.025045E+03   3.690889E+03   9.741799E-01
   2.980143E-01   2.023758E+03   3.691494E+03   9.733687E-01
   2.990459E-01   2.022278E+03   3.692228E+03   9.731652E-01
   3.000811E-01   2.020840E+03   3.692813E+03   9.727659E-01
   3.011198E-01   2.019385E+03   3.693480E+03   9.741551E-01
   3.021622E-01   2.017817E+03   3.694014E+03   9.732481E-01
   3.032081E-01   2.016607E+03   3.694897E+03   9.732346E-01
   3.042577E-01   2.015060E+03   3.695189E+03   9.728021E-01
   3.053109E-01   2.013699E+03   3.696070E+03   9.728642E-01
   3.063678E-01   2.012154E+03   3.697015E+03   9.735340E-01
   3.074283E-01   2.010703E+03   3.697064E+03   9.733738E-01
   3.084925E-01   2.009456E+03   3.698291E+03   9.733432E-01
   3.095604E-01   2.007808E+03   3.698833E+03   9.724037E-01
   3.106320E-01   2.006464E+03   3.699059E+03   9.722941E-01
   3.117072E-01   2.005014E+03   3.699995E+03   9.734902E-01
   3.127862E-01   2.003609E+03   3.700549E+03   9.730325E-01
   3.138690E-01   2.002293E+03   3.701475E+03   9.732805E-01
   3.149554E-01   2.000777E+03   3.701892E+03   9.722566E-01
   3.160457E-01   1.999308E+03   3.702561E+03   9.720306E-01
   3.171397E-01   1.997869E+03   3.703240E+03   9.729062E-01
   3.182375E-01   1.996489E+03   3.703544E+03   9.729738E-01
   3.193391E-01   1.995218E+03   3.704349E+03   9.730650E-01
   3.204445E-01   1.993708E+03   3.705299E+03   9.728775E-01
   3.215538E-01   1.992034E+03   3.705262E+03   9.715645E-01
   3.226669E-01   1.991049E+03   3.706081E+03   9.726276E-01
   3.237838E-01   1.989350E+03   3.707074E+03   9.722776E-01
   3.249046E-01   1.987861E+03   3.706752E+03   9.723954E-01
   3.260293E-01   1.986768E+03   3.708095E+03   9.730195E-01
   3.271579E-01   1.984987E+03   3.708121E+03   9.726144E-01
   3.282904E-01   1.983744E+03   3.708746E+03   9.720306E-01
   3.294268E-01   1.982308E+03   3.709510E+03   9.724562E-01
   3.305671E-01   1.980731E+03   3.709435E+03   9.717851E-01
   3.317114E-01   1.979512E+03   3.710435E+03   9.719752E-01
   3.328596E-01   1.977934E+03   3.710782E+03   9.723828E-01
   3.340119E-01   1.976439E+03   3.710729E+03   9.718008E-01
   3.351681E-01   1.975220E+03   3.711802E+03   9.722706E-01
   3.363283E-01   1.973526E+03   3.712058E+03   9.723407E-01
   3.374925E-01   1.972125E+03   3.712015E+03   9.718235E-01
   3.386608E-01   1.970877E+03   3.713096E+03   9.719790E-01
   3.398331E-01   1.969173E+03   3.713077E+03   9.721689E-01
   3.410094E-01   1.967868E+03   3.713311E+03   9.716042E-01
   3.421899E-01   1.966459E+03   3.714063E+03   9.716205E-01
   3.433744E-01   1.964880E+03   3.714025E+03   9.722202E-01
   3.445630E-01   1.963495E+03   3.714664E+03   9.715580E-01
   3.457557E-01   1.962041E+03   3.715087E+03   9.714304E-01
   3.469526E-01   1.960520E+03   3.715223E+03   9.719568E-01
   3.481536E-01   1.959244E+03   3.715523E+03   9.712574E-01
   3.493588E-01   1.957723E+03   3.715866E+03   9.713836E-01
   3.505681E-01   1.956219E+03   3.716562E+03   9.715492E-01
   3.517816E-01   1.954710E+03   3.716267E+03   9.713331E-01
   3.529993E-01   1.953590E+03   3.717144E+03   9.713382E-01
   3.542213E-01   1.951720E+03   3.717134E+03   9.711879E-01
   3.554474E-01   1.950565E+03   3.717613E+03   9.716672E-01
   3.566778E-01   1.948998E+03   3.718029E+03   9.710831E-01
   3.579125E-01   1.947698E+03   3.718370E+03   9.710318E-01
   3.591515E-01   1.946012E+03   3.718374E+03   9.715357E-01
   3.603947E-01   1.944771E+03   3.719023E+03   9.712419E-01
   3.616422E-01   1.943305E+03   3.719061E+03   9.707474E-01
   3.628941E-01   1.941890E+03   3.719876E+03   9.713214E-01
   3.641503E-01   1.940249E+03   3.719883E+03   9.711940E-01
   3.654108E-01   1.938956E+03   3.720292E+03   9.708786E-01
   3.666757E-01   1.937504E+03   3.720740E+03   9.707935E-01
   3.679450E-01   1.936016E+03   3.720810E+03   9.709961E-01
   3.692187E-01   1.934635E+03   3.721516E+03   9.711124E-01
   3.704967E-01   1.933055E+03   3.721624E+03   9.707718E-01
   3.717792E-01   1.931790E+03   3.722141E+03   9.705241E-01
   3.730662E-01   1.930094E+03   3.722329E+03   9.707557E-01
   3.743576E-01   1.928883E+03   3.722873E+03   9.711501E-01
   3.756535E-01   1.927235E+03   3.723045E+03   9.704525E-01
   3.769538E-01   1.925821E+03   3.723349E+03   9.702787E-01
   3.782587E-01   1.924333E+03   3.723928E+03   9.706678E-01
   3.795680E-01   1.923032E+03   3.724292E+03   9.709726E-01
   3.808820E-01   1.921291E+03   3.724584E+03   9.701435E-01
   3.822004E-01   1.920053E+03   3.724664E+03   9.702070E-01
   3.835234E-01   1.918547E+03   3.725353E+03   9.704377E-01
   3.848510E-01   1.917091E+03   3.725527E+03   9.706716E-01
   3.861832E-01   1.915335E+03   3.726028E+03   9.700998E-01
   3.875200E-01   1.914204E+03   3.726019E+03   9.701743E-01
   3.888615E-01   1.912655E+03   3.726902E+03   9.700165E-01
   3.902075E-01   1.911253E+03   3.726768E+03   9.702503E-01
   3.915583E-01   1.909579E+03   3.727103E+03   9.702794E-01
   3.929137E-01   1.908282E+03   3.728076E+03   9.700928E-01
   3.942738E-01   1.906583E+03   3.727775E+03   9.698676E-01
   3.956386E-01   1.905395E+03   3.728275E+03   9.696617E-01
   3.970081E-01   1.903845E+03   3.728198E+03   9.699984E-01
   3.983824E-01   1.902474E+03   3.729116E+03   9.702221E-01
   3.997614E-01   1.900810E+03   3.729397E+03   9.700063E-01
   4.011452E-01   1.899362E+03   3.729384E+03   9.696137E-01
   4.025338E-01   1.897948E+03   3.730082E+03   9.693954E-01
   4.039272E-01   1.896411E+03   3.729799E+03   9.696151E-01
   4.053255E-01   1.895065E+03   3.730853E+03   9.698190E-01
   4.067285E-01   1.893766E+03   3.730299E+03   9.701536E-01
   4.081365E-01   1.891914E+03   3.731344E+03   9.694792E-01
   4.095493E-01   1.890674E+03   3.731245E+03   9.693663E-01
   4.109670E-01   1.889090E+03   3.731592E+03   9.692941E-01
   4.123896E-01   1.887719E+03   3.731881E+03   9.693779E-01
   4.138171E-01   1.886110E+03   3.732095E+03   9.694932E-01
   4.152495E-01   1.884687E+03   3.732606E+03   9.694664E-01
   4.166870E-01   1.883389E+03   3.732529E+03   9.696484E-01
   4.181294E-01   1.881765E+03   3.733087E+03   9.692468E-01
   4.195767E-01   1.880347E+03   3.733087E+03   9.692636E-01
   4.210291E-01   1.878671E+03   3.733146E+03   9.688475E-01
   4.224866E-01   1.877451E+03   3.734162E+03   9.690573E-01
   4.239490E-01   1.875888E+03   3.733231E+03   9.692312E-01
   4.254166E-01   1.874230E+03   3.734472E+03   9.689876E-01
   4.268892E-01   1.873093E+03   3.734081E+03   9.692512E-01
   4.283669E-01   1.871285E+03   3.734555E+03   9.689135E-01
   4.298497E-01   1.870049E+03   3.734605E+03   9.689563E-01
   4.313377E-01   1.868298E+03   3.734706E+03   9.687768E-01
   4.328308E-01   1.867157E+03   3.734784E+03   9.689989E-01
   4.343291E-01   1.865443E+03   3.735158E+03   9.690253E-01
   4.358325E-01   1.864113E+03   3.735383E+03   9.688629E-01
   4.373412E-01   1.862323E+03   3.735277E+03   9.686709E-01
   4.388551E-01   1.861236E+03   3.735705E+03   9.685816E-01
   4.403742E-01   1.859507E+03   3.735216E+03   9.683986E-01
   4.418986E-01   1.858297E+03   3.735968E+03   9.684891E-01
   4.434283E-01   1.856534E+03   3.735411E+03   9.683172E-01
   4.449633E-01   1.855141E+03   3.736264E+03   9.682625E-01
   4.465035E-01   1.853685E+03   3.735999E+03   9.683548E-01
   4.480492E-01   1.852222E+03   3.736129E+03   9.683587E-01
   4.496001E-01   1.850776E+03   3.735803E+03   9.683970E-01
   4.511564E-01   1.849288E+03   3.736227E+03   9.682846E-01
   4.527182E-01   1.847991E+03   3.736050E+03   9.683454E-01
   4.542853E-01   1.846147E+03   3.736085E+03   9.681836E-01
   4.558578E-01   1.844941E+03   3.737022E+03   9.680272E-01
   4.574358E-01   1.843354E+03   3.735617E+03   9.683392E-01
   4.590193E-01   1.841861E+03   3.736718E+03   9.679236E-01
   4.606082E-01   1.840668E+03   3.736248E+03   9.681392E-01
   4.622026E-01   1.838950E+03   3.735954E+03   9.680166E-01
   4.638026E-01   1.837524E+03   3.736680E+03   9.678038E-01
   4.654081E-01   1.836196E+03   3.736416E+03   9.680150E-01
   4.670191E-01   1.834583E+03   3.736204E+03   9.678590E-01
   4.686358E-01   1.833159E+03   3.736540E+03   9.677306E-01
   4.702580E-01   1.831618E+03   3.736151E+03   9.677896E-01
   4.718858E-01   1.830136E+03   3.736156E+03   9.676354E-01
   4.735193E-01   1.828824E+03   3.736208E+03   9.676499E-01
   4.751584E-01   1.827366E+03   3.736367E+03   9.676782E-01
   4.768032E-01   1.825998E+03   3.736094E+03   9.676341E-01
   4.784537E-01   1.824200E+03   3.735634E+03   9.674749E-01
   4.801099E-01   1.822876E+03   3.736365E+03   9.673713E-01
   4.817719E-01   1.821574E+03   3.735855E+03   9.674681E-01
   4.834395E-01   1.820066E+03   3.735912E+03   9.674031E-01
   4.851130E-01   1.818587E+03   3.735956E+03   9.673412E-01
   4.867923E-01   1.817119E+03   3.735631E+03   9.672858E-01
   4.884773E-01   1.815560E+03   3.735039E+03   9.672377E-01
   4.901682E-01   1.814214E+03   3.735815E+03   9.670431E-01
   4.918650E-01   1.813019E+03   3.735611E+03   9.672782E-01
   4.935676E-01   1.811309E+03   3.735122E+03   9.672002E-01
   4.952762E-01   1.809830E+03   3.735329E+03   9.669980E-01
   4.969906E-01   1.808512E+03   3.734917E+03   9.669628E-01
   4.987110E-01   1.806897E+03   3.734723E+03   9.669158E-01
   5.004373E-01   1.805723E+03   3.735189E+03   9.669149E-01
   5.021696E-01   1.804243E+03   3.734182E+03   9.669869E-01
   5.039079E-01   1.802523E+03   3.734530E+03   9.666931E-01
   5.056522E-01   1.801476E+03   3.734974E+03   9.667658E-01
   5.074026E-01   1.800055E+03   3.733830E+03   9.669551E-01
   5.091590E-01   1.798298E+03   3.734095E+03   9.665905E-01
   5.109215E-01   1.797105E+03   3.734557E+03   9.666364E-01
   5.126901E-01   1.795692E+03   3.733507E+03   9.667001E-01
   5.144648E-01   1.794041E+03   3.733230E+03   9.663718E-01
   5.162457E-01   1.792822E+03   3.733927E+03   9.663751E-01
   5.180327E-01   1.791579E+03   3.733522E+03   9.665952E-01
   5.198259E-01   1.789929E+03   3.733021E+03   9.665227E-01
   5.216253E-01   1.788559E+03   3.733113E+03   9.663801E-01
   5.234310E-01   1.787144E+03   3.732971E+03   9.662515E-01
   5.252429E-01   1.785762E+03   3.732783E+03   9.662144E-01
   5.270611E-01   1.784356E+03   3.732043E+03   9.663203E-01
   5.288855E-01   1.782829E+03   3.732400E+03   9.660238E-01
   5.307163E-01   1.781695E+03   3.732891E+03   9.660278E-01
   5.325534E-01   1.780302E+03   3.732106E+03   9.663231E-01
   5.343969E-01   1.778766E+03   3.731832E+03   9.661268E-01
   5.362468E-01   1.777307E+03   3.731384E+03   9.658620E-01
   5.381030E-01   1.775877E+03   3.731392E+03   9.658009E-01
   5.399657E-01   1.774777E+03   3.731308E+03   9.659449E-01
   5.418348E-01   1.773350E+03   3.730950E+03   9.658287E-01
   5.437105E-01   1.771854E+03   3.731233E+03   9.657649E-01
   5.455926E-01   1.770575E+03   3.731225E+03   9.658720E-01
   5.474812E-01   1.769064E+03   3.730106E+03   9.657393E-01
   5.493763E-01   1.767375E+03   3.729857E+03   9.653962E-01
   5.512780E-01   1.766362E+03   3.730519E+03   9.653983E-01
   5.531863E-01   1.765354E+03   3.729964E+03   9.656972E-01
   5.551012E-01   1.763814E+03   3.729211E+03   9.656954E-01
   5.570228E-01   1.762202E+03   3.729273E+03   9.654544E-01
   5.589509E-01   1.760908E+03   3.729649E+03   9.652807E-01
   5.608858E-01   1.759724E+03   3.728983E+03   9.653385E-01
   5.628273E-01   1.758183E+03   3.728071E+03   9.653870E-01
   5.647756E-01   1.756746E+03   3.728599E+03   9.651430E-01
   5.667306E-01   1.755700E+03   3.728733E+03   9.650797E-01
   5.686924E-01   1.754258E+03   3.727284E+03   9.652378E-01
   5.706610E-01   1.752643E+03   3.727251E+03   9.650205E-01
   5.726364E-01   1.751725E+03   3.727613E+03   9.649844E-01
   5.746186E-01   1.750472E+03   3.726494E+03   9.651486E-01
   5.766077E-01   1.748808E+03   3.726501E+03   9.649438E-01
   5.786037E-01   1.747589E+03   3.726970E+03   9.648416E-01
   5.806066E-01   1.746273E+03   3.725949E+03   9.648668E-01
   5.826164E-01   1.744571E+03   3.725044E+03   9.646559E-01
   5.846332E-01   1.743390E+03   3.725472E+03   9.645285E-01
   5.866569E-01   1.742603E+03   3.724923E+03   9.647648E-01
   5.886877E-01   1.741108E+03   3.723681E+03   9.647669E-01
   5.907255E-01   1.739522E+03   3.724208E+03   9.644017E-01
   5.927703E-01   1.738531E+03   3.724404E+03   9.644939E-01
   5.948222E-01   1.737241E+03   3.722936E+03   9.646955E-01
   5.968813E-01   1.735551E+03   3.721870E+03   9.643986E-01
   5.989474E-01   1.734140E+03   3.722046E+03   9.640921E-01
   6.010207E-01   1.733170E+03   3.722425E+03   9.641199E-01
   6.031012E-01   1.732181E+03   3.721427E+03   9.643395E-01
   6.051889E-01   1.730569E+03   3.719930E+03   9.642838E-01
   6.072838E-01   1.728947E+03   3.720083E+03   9.639301E-01
   6.093860E-01   1.727933E+03   3.720426E+03   9.638582E-01
   6.114954E-01   1.726850E+03   3.719170E+03   9.640405E-01
   6.136121E-01   1.725333E+03   3.717886E+03   9.640174E-01
   6.157362E-01   1.724016E+03   3.717807E+03   9.638401E-01
   6.178676E-01   1.722939E+03   3.717585E+03   9.637497E-01
   6.200064E-01   1.721666E+03   3.716570E+03   9.637632E-01
   6.221526E-01   1.720252E+03   3.715494E+03   9.637335E-01
   6.243063E-01   1.718883E+03   3.714881E+03   9.635156E-01
   6.264674E-01   1.717690E+03   3.714668E+03   9.633126E-01
   6.286359E-01   1.716608E+03   3.714084E+03   9.634279E-01
   6.308120E-01   1.715340E+03   3.713030E+03   9.635881E-01
   6.329956E-01   1.713895E+03   3.712242E+03   9.634542E-01
   6.351868E-01   1.712556E+03   3.711673E+03   9.631964E-01
   6.373855E-01   1.711343E+03   3.710730E+03   9.630798E-01
   6.395919E-01   1.710050E+03   3.709513E+03   9.630752E-01
   6.418059E-01   1.708762E+03   3.708903E+03   9.629172E-01
   6.440276E-01   1.707706E+03   3.708361E+03   9.628615E-01
   6.462569E-01   1.706565E+03   3.707164E+03   9.630659E-01
   6.484940E-01   1.705186E+03   3.706209E+03   9.630656E-01
   6.507388E-01   1.703850E+03   3.705675E+03   9.627686E-01
   6.529914E-01   1.702572E+03   3.704686E+03   9.625864E-01
   6.552518E-01   1.701226E+03   3.703336E+03   9.625718E-01
   6.575200E-01   1.699950E+03   3.702119E+03   9.625212E-01
   6.597960E-01   1.698778E+03   3.701049E+03   9.624150E-01
   6.620800E-01   1.697657E+03   3.700152E+03   9.623115E-01
   6.643718E-01   1.696511E+03   3.699239E+03   9.622608E-01
   6.666716E-01   1.695230E+03   3.698421E+03   9.622082E-01
   6.689793E-01   1.693980E+03   3.697621E+03   9.622168E-01
   6.712951E-01   1.692736E+03   3.696139E+03   9.623107E-01
   6.736188E-01   1.691268E+03   3.694490E+03   9.621523E-01
   6.759506E-01   1.689873E+03   3.693549E+03   9.617384E-01
   6.782905E-01   1.688772E+03   3.692595E+03   9.615627E-01
   6.806384E-01   1.687627E+03   3.691152E+03   9.616541E-01
   6.829945E-01   1.686325E+03   3.689913E+03   9.616530E-01
   6.853587E-01   1.685137E+03   3.688908E+03   9.615549E-01
   6.877312E-01   1.683969E+03   3.687413E+03   9.615143E-01
   6.901118E-01   1.682609E+03   3.685851E+03   9.614146E-01
   6.925007E-01   1.681327E+03   3.684896E+03   9.612506E-01
   6.948978E-01   1.680314E+03   3.683873E+03   9.611872E-01
   6.973033E-01   1.679188E+03   3.682156E+03   9.612020E-01
   6.997171E-01   1.677731E+03   3.680539E+03   9.611150E-01
   7.021392E-01   1.676321E+03   3.679634E+03   9.609390E-01
   7.045697E-01   1.675154E+03   3.678607E+03   9.608376E-01
   7.070086E-01   1.673954E+03   3.676896E+03   9.607872E-01
   7.094560E-01   1.672583E+03   3.675074E+03   9.606307E-01
   7.119118E-01   1.671236E+03   3.673733E+03   9.603881E-01
   7.143762E-01   1.670093E+03   3.672593E+03   9.602910E-01
   7.168490E-01   1.669043E+03   3.671099E+03   9.604003E-01
   7.193305E-01   1.667838E+03   3.669277E+03   9.604280E-01
   7.218205E-01   1.666443E+03   3.667744E+03   9.601475E-01
   7.243191E-01   1.665071E+03   3.666744E+03   9.598305E-01
   7.268264E-01   1.663882E+03   3.665884E+03   9.597920E-01
   7.293424E-01   1.662810E+03   3.664338E+03   9.600192E-01
   7.318671E-01   1.661506E+03   3.661945E+03   9.601384E-01
   7.344005E-01   1.659958E+03   3.659951E+03   9.598123E-01
   7.369427E-01   1.658638E+03   3.658841E+03   9.593047E-01
   7.394937E-01   1.657597E+03   3.657651E+03   9.590972E-01
   7.420535E-01   1.656436E+03   3.656070E+03   9.591648E-01
   7.446222E-01   1.655108E+03   3.654716E+03   9.591871E-01
   7.471998E-01   1.653895E+03   3.653487E+03   9.591454E-01
   7.497862E-01   1.652711E+03   3.651762E+03   9.591265E-01
   7.523817E-01   1.651323E+03   3.649860E+03   9.590268E-01
   7.549861E-01   1.649872E+03   3.648412E+03   9.588467E-01
   7.575996E-01   1.648583E+03   3.647221E+03   9.587307E-01
   7.602221E-01   1.647406E+03   3.645785E+03   9.586570E-01
   7.628536E-01   1.646153E+03   3.644045E+03   9.584721E-01
   7.654943E-01   1.644788E+03   3.642347E+03   9.581570E-01
   7.681441E-01   1.643430E+03   3.640799E+03   9.579157E-01
   7.708031E-01   1.642095E+03   3.639274E+03   9.578710E-01
   7.734713E-01   1.640736E+03   3.637923E+03   9.578645E-01
   7.761488E-01   1.639445E+03   3.636840E+03   9.577500E-01
   7.788355E-01   1.638302E+03   3.635597E+03   9.576243E-01
   7.815315E-01   1.637186E+03   3.633839E+03   9.576378E-01
   7.842368E-01   1.635924E+03   3.631891E+03   9.577278E-01
   7.869515E-01   1.634514E+03   3.630468E+03   9.576318E-01
   7.896756E-01   1.633173E+03   3.629674E+03   9.573212E-01
   7.924091E-01   1.631973E+03   3.628658E+03   9.570918E-01
   7.951521E-01   1.630667E+03   3.626832E+03   9.570619E-01
   7.979046E-01   1.629064E+03   3.624731E+03   9.570014E-01
   8.006666E-01   1.627352E+03   3.623198E+03   9.567349E-01
   8.034382E-01   1.625839E+03   3.622290E+03   9.563878E-01
   8.062194E-01   1.624621E+03   3.621553E+03   9.561492E-01
   8.090102E-01   1.623595E+03   3.620542E+03   9.560853E-01
   8.118106E-01   1.622541E+03   3.619048E+03   9.561249E-01
   8.146208E-01   1.621271E+03   3.617337E+03   9.561339E-01
   8.174406E-01   1.619788E+03   3.615915E+03   9.560386E-01
   8.202703E-01   1.618267E+03   3.614975E+03   9.558668E-01
   8.231097E-01   1.616858E+03   3.614174E+03   9.557089E-01
   8.259590E-01   1.615529E+03   3.613025E+03   9.556062E-01
   8.288181E-01   1.614134E+03   3.611408E+03   9.555222E-01
   8.316871E-01   1.612603E+03   3.609724E+03   9.554094E-01
   8.345661E-01   1.611037E+03   3.608575E+03   9.552285E-01
   8.374550E-01   1.609625E+03   3.608184E+03   9.549585E-01
   8.403539E-01   1.608461E+03   3.608060E+03   9.546843E-01
   8.432629E-01   1.607402E+03   3.607377E+03   9.545706E-01
   8.461819E-01   1.606155E+03   3.605812E+03   9.546558E-01
   8.491110E-01   1.604562E+03   3.603904E+03   9.547644E-01
   8.520503E-01   1.602763E+03   3.602461E+03   9.546777E-01
   8.549997E-01   1.601018E+03   3.601793E+03   9.543405E-01
   8.579594E-01   1.599478E+03   3.601630E+03   9.538775E-01
   8.609293E-01   1.598149E+03   3.601482E+03   9.534933E-01
   8.639095E-01   1.596941E+03   3.600910E+03   9.533558E-01
   8.669000E-01   1.595701E+03   3.599850E+03   9.534588E-01
   8.699008E-01   1.594340E+03   3.598684E+03   9.536176E-01
   8.729120E-01   1.592893E+03   3.597799E+03   9.536563E-01
   8.759337E-01   1.591399E+03   3.597188E+03   9.535462E-01
   8.789658E-01   1.589818E+03   3.596719E+03   9.533149E-01
   8.820084E-01   1.588163E+03   3.596413E+03   9.529872E-01
   8.850616E-01   1.586552E+03   3.596128E+03   9.526731E-01
   8.881253E-01   1.585022E+03   3.595558E+03   9.524972E-01
   8.911996E-01   1.583494E+03   3.594719E+03   9.524360E-01
   8.942846E-01   1.581930E+03   3.593995E+03   9.523635E-01
   8.973802E-01   1.580405E+03   3.593694E+03   9.522031E-01
   9.004866E-01   1.579034E+03   3.593681E+03   9.520115E-01
   9.036037E-01   1.577798E+03   3.593447E+03   9.519119E-01
   9.067316E-01   1.576478E+03   3.592702E+03   9.519127E-01
   9.098703E-01   1.574865E+03   3.591848E+03   9.518579E-01
   9.130199E-01   1.573014E+03   3.591619E+03   9.516123E-01
   9.161804E-01   1.571214E+03   3.592201E+03   9.512593E-01
   9.193518E-01   1.569662E+03   3.592921E+03   9.510275E-01
   9.225342E-01   1.568254E+03   3.592937E+03   9.510310E-01
   9.257277E-01   1.566721E+03   3.592091E+03   9.511404E-01
   9.289321E-01   1.564920E+03   3.591054E+03   9.510983E-01
   9.321477E-01   1.562997E+03   3.590706E+03   9.507587E-01
   9.353744E-01   1.561261E+03   3.591336E+03   9.502406E-01
   9.386123E-01   1.559890E+03   3.592401E+03   9.498437E-01
   9.418614E-01   1.558750E+03   3.593032E+03   9.497859E-01
   9.451217E-01   1.557497E+03   3.592822E+03   9.500031E-01
   9.483933E-01   1.555887E+03   3.592130E+03   9.502272E-01
   9.516763E-01   1.553970E+03   3.591643E+03   9.502439E-01
   9.549706E-01   1.551982E+03   3.591752E+03   9.500344E-01
   9.582763E-01   1.550117E+03   3.592396E+03   9.497007E-01
   9.615934E-01   1.548432E+03   3.593305E+03   9.493495E-01
   9.649221E-01   1.546894E+03   3.594159E+03   9.490755E-01
   9.682622E-01   1.545401E+03   3.594691E+03   9.489469E-01
   9.716140E-01   1.543840E+03   3.594880E+03   9.489415E-01
   9.749773E-01   1.542165E+03   3.594947E+03   9.489554E-01
   9.783522E-01   1.540406E+03   3.595102E+03   9.488888E-01
   9.817389E-01   1.538599E+03   3.595406E+03   9.486981E-01
   9.851373E-01   1.536753E+03   3.595833E+03   9.484014E-01
   9.885474E-01   1.534873E+03   3.596359E+03   9.480616E-01
   9.919693E-01   1.532993E+03   3.597001E+03   9.477567E-01
   9.954031E-01   1.531177E+03   3.597764E+03   9.475511E-01
   9.988488E-01   1.529475E+03   3.598600E+03   9.474694E-01
   1.002306E+00   1.527893E+03   3.599414E+03   9.474800E-01
   1.005776E+00   1.526386E+03   3.600104E+03   9.475228E-01
   1.009258E+00   1.524861E+03   3.600607E+03   9.475472E-01
   1.012751E+00   1.523222E+03   3.600979E+03   9.475154E-01
   1.016257E+00   1.521417E+03   3.601394E+03   9.473930E-01
   1.019775E+00   1.519478E+03   3.602023E+03   9.471633E-01
   1.023305E+00   1.517489E+03   3.602900E+03   9.468589E-01
   1.026847E+00   1.515531E+03   3.603888E+03   9.465660E-01
   1.030402E+00   1.513620E+03   3.604808E+03   9.463639E-01
   1.033968E+00   1.511733E+03   3.605611E+03   9.462592E-01
   1.037548E+00   1.509863E+03   3.606392E+03   9.461985E-01
   1.041139E+00   1.508034E+03   3.607228E+03   9.461293E-01
   1.044743E+00   1.506250E+03   3.608101E+03   9.460263E-01
   1.048360E+00   1.504478E+03   3.608982E+03   9.458797E-01
   1.051989E+00   1.502685E+03   3.609885E+03   9.456963E-01
   1.055630E+00   1.500859E+03   3.610831E+03   9.455042E-01
   1.059284E+00   1.499001E+03   3.611807E+03   9.453318E-01
   1.062951E+00   1.497108E+03   3.612790E+03   9.451816E-01
   1.066631E+00   1.495184E+03   3.613764E+03   9.450375E-01
   1.070323E+00   1.493237E+03   3.614704E+03   9.448926E-01
   1.074028E+00   1.491271E+03   3.615582E+03   9.447588E-01
   1.077746E+00   1.489290E+03   3.616396E+03   9.446562E-01
   1.081476E+00   1.487300E+03   3.617183E+03   9.445929E-01
   1.085220E+00   1.485315E+03   3.618012E+03   9.445495E-01
   1.088977E+00   1.483364E+03   3.618934E+03   9.444907E-01
   1.092746E+00   1.481475E+03   3.619925E+03   9.443948E-01
   1.096529E+00   1.479645E+03   3.620884E+03   9.442617E-01
   1.100324E+00   1.477819E+03   3.621729E+03   9.440938E-01
   1.104133E+00   1.475920E+03   3.622494E+03   9.438800E-01
   1.107955E+00   1.473907E+03   3.623331E+03   9.436101E-01
   1.111791E+00   1.471807E+03   3.624375E+03   9.433064E-01
   1.115639E+00   1.469696E+03   3.625610E+03   9.430332E-01
   1.119501E+00   1.467636E+03   3.626850E+03   9.428674E-01
   1.123376E+00   1.465631E+03   3.627860E+03   9.428479E-01
   1.127265E+00   1.463629E+03   3.628528E+03   9.429383E-01
   1.131167E+00   1.461569E+03   3.628952E+03   9.430353E-01
   1.135083E+00   1.459442E+03   3.629384E+03   9.430234E-01
   1.139012E+00   1.457298E+03   3.630059E+03   9.428422E-01
   1.142955E+00   1.455211E+03   3.631042E+03   9.425175E-01
   1.146911E+00   1.453224E+03   3.632219E+03   9.421381E-01
   1.150881E+00   1.451316E+03   3.633386E+03   9.418016E-01
   1.154865E+00   1.449412E+03   3.634392E+03   9.415673E-01
   1.158863E+00   1.447436E+03   3.635221E+03   9.414378E-01
   1.162874E+00   1.445354E+03   3.635952E+03   9.413801E-01
   1.166900E+00   1.443195E+03   3.636655E+03   9.413637E-01
   1.170939E+00   1.441008E+03   3.637316E+03   9.413787E-01
   1.174992E+00   1.438828E+03   3.637885E+03   9.414213E-01
   1.179060E+00   1.436669E+03   3.638346E+03   9.414719E-01
   1.183141E+00   1.434538E+03   3.638738E+03   9.414953E-01
   1.187237E+00   1.432441E+03   3.639093E+03   9.414603E-01
   1.191346E+00   1.430367E+03   3.639412E+03   9.413512E-01
   1.195470E+00   1.428284E+03   3.639704E+03   9.411626E-01
   1.199608E+00   1.426149E+03   3.640028E+03   9.408937E-01
   1.203761E+00   1.423941E+03   3.640481E+03   9.405544E-01
   1.207928E+00   1.421676E+03   3.641123E+03   9.401741E-01
   1.212109E+00   1.419395E+03   3.641925E+03   9.398017E-01
   1.216305E+00   1.417143E+03   3.642761E+03   9.394915E-01
   1.220515E+00   1.414946E+03   3.643464E+03   9.392843E-01
   1.224740E+00   1.412801E+03   3.643890E+03   9.391945E-01
   1.228980E+00   1.410680E+03   3.643972E+03   9.392048E-01
   1.233234E+00   1.408544E+03   3.643744E+03   9.392705E-01
   1.237503E+00   1.406361E+03   3.643340E+03   9.393318E-01
   1.241787E+00   1.404123E+03   3.642946E+03   9.393345E-01
   1.246085E+00   1.401850E+03   3.642732E+03   9.392527E-01
   1.250399E+00   1.399577E+03   3.642784E+03   9.390965E-01
   1.254727E+00   1.397340E+03   3.643078E+03   9.389015E-01
   1.259070E+00   1.395153E+03   3.643501E+03   9.387074E-01
   1.263429E+00   1.393006E+03   3.643903E+03   9.385401E-01
   1.267802E+00   1.390871E+03   3.644152E+03   9.384036E-01
   1.272191E+00   1.388713E+03   3.644161E+03   9.382853E-01
   1.276595E+00   1.386503E+03   3.643900E+03   9.381682E-01
   1.281014E+00   1.384227E+03   3.643382E+03   9.380444E-01
   1.285448E+00   1.381883E+03   3.642654E+03   9.379187E-01
   1.289898E+00   1.379481E+03   3.641786E+03   9.378024E-01
   1.294363E+00   1.377040E+03   3.640864E+03   9.377006E-01
   1.298843E+00   1.374586E+03   3.639981E+03   9.376039E-01
   1.303339E+00   1.372144E+03   3.639216E+03   9.374895E-01
   1.307851E+00   1.369746E+03   3.638615E+03   9.373337E-01
   1.312378E+00   1.367417E+03   3.638172E+03   9.371284E-01
   1.316921E+00   1.365170E+03   3.637812E+03   9.368879E-01
   1.321480E+00   1.362998E+03   3.637416E+03   9.366424E-01
   1.326054E+00   1.360866E+03   3.636856E+03   9.364245E-01
   1.330644E+00   1.358725E+03   3.636034E+03   9.362574E-01
   1.335251E+00   1.356521E+03   3.634916E+03   9.361485E-01
   1.339873E+00   1.354216E+03   3.633539E+03   9.360882E-01
   1.344511E+00   1.351794E+03   3.632000E+03   9.360526E-01
   1.349165E+00   1.349271E+03   3.630424E+03   9.360102E-01
   1.353835E+00   1.346691E+03   3.628929E+03   9.359322E-01
   1.358522E+00   1.344115E+03   3.627584E+03   9.358028E-01
   1.363224E+00   1.341600E+03   3.626391E+03   9.356249E-01
   1.367943E+00   1.339185E+03   3.625289E+03   9.354171E-01
   1.372678E+00   1.336880E+03   3.624183E+03   9.352046E-01
   1.377430E+00   1.334663E+03   3.622975E+03   9.350097E-01
   1.382198E+00   1.332493E+03   3.621594E+03   9.348464E-01
   1.386983E+00   1.330324E+03   3.619996E+03   9.347200E-01
   1.391784E+00   1.328109E+03   3.618167E+03   9.346283E-01
   1.396602E+00   1.325813E+03   3.616121E+03   9.345617E-01
   1.401436E+00   1.323414E+03   3.613897E+03   9.345036E-01
   1.406287E+00   1.320910E+03   3.611562E+03   9.344337E-01
   1.411155E+00   1.318320E+03   3.609189E+03   9.343339E-01
   1.416040E+00   1.315679E+03   3.606834E+03   9.341962E-01
   1.420942E+00   1.313034E+03   3.604526E+03   9.340259E-01
   1.425861E+00   1.310423E+03   3.602256E+03   9.338379E-01
   1.430796E+00   1.307874E+03   3.599998E+03   9.336490E-01
   1.435749E+00   1.305397E+03   3.597721E+03   9.334701E-01
   1.440719E+00   1.302989E+03   3.595405E+03   9.333025E-01
   1.445706E+00   1.300638E+03   3.593034E+03   9.331398E-01
   1.450711E+00   1.298328E+03   3.590593E+03   9.329745E-01
   1.455732E+00   1.296038E+03   3.588058E+03   9.328040E-01
   1.460772E+00   1.293747E+03   3.585393E+03   9.326324E-01
   1.465828E+00   1.291429E+03   3.582571E+03   9.324668E-01
   1.470902E+00   1.289056E+03   3.579582E+03   9.323114E-01
   1.475994E+00   1.286612E+03   3.576448E+03   9.321651E-01
   1.481103E+00   1.284091E+03   3.573214E+03   9.320229E-01
   1.486230E+00   1.281506E+03   3.569931E+03   9.318800E-01
   1.491375E+00   1.278882E+03   3.566640E+03   9.317353E-01
   1.496537E+00   1.276255E+03   3.563356E+03   9.315925E-01
   1.501718E+00   1.273655E+03   3.560067E+03   9.314580E-01
   1.506916E+00   1.271106E+03   3.556732E+03   9.313395E-01
   1.512132E+00   1.268618E+03   3.553297E+03   9.312427E-01
   1.517367E+00   1.266183E+03   3.549707E+03   9.311694E-01
   1.522619E+00   1.263779E+03   3.545929E+03   9.311138E-01
   1.527890E+00   1.261374E+03   3.541967E+03   9.310617E-01
   1.533179E+00   1.258938E+03   3.537863E+03   9.309913E-01
   1.538486E+00   1.256451E+03   3.533689E+03   9.308780E-01
   1.543812E+00   1.253908E+03   3.529524E+03   9.307020E-01
   1.549156E+00   1.251318E+03   3.525427E+03   9.304548E-01
   1.554518E+00   1.248704E+03   3.521421E+03   9.301430E-01
   1.559899E+00   1.246089E+03   3.517488E+03   9.297871E-01
   1.565299E+00   1.243492E+03   3.513580E+03   9.294168E-01
   1.570717E+00   1.240928E+03   3.509633E+03   9.290641E-01
   1.576155E+00   1.238400E+03   3.505583E+03   9.287581E-01
   1.581611E+00   1.235908E+03   3.501378E+03   9.285205E-01
   1.587085E+00   1.233446E+03   3.496979E+03   9.283649E-01
   1.592579E+00   1.231006E+03   3.492363E+03   9.282951E-01
   1.598092E+00   1.228574E+03   3.487526E+03   9.283044E-01
   1.603624E+00   1.226136E+03   3.482482E+03   9.283741E-01
   1.609175E+00   1.223674E+03   3.477270E+03   9.284747E-01
   1.614745E+00   1.221176E+03   3.471946E+03   9.285686E-01
   1.620335E+00   1.218634E+03   3.466578E+03   9.286177E-01
   1.625944E+00   1.216053E+03   3.461222E+03   9.285917E-01
   1.631572E+00   1.213443E+03   3.455917E+03   9.284750E-01
   1.637220E+00   1.210820E+03   3.450665E+03   9.282700E-01
   1.642887E+00   1.208197E+03   3.445439E+03   9.279946E-01
   1.648574E+00   1.205584E+03   3.440191E+03   9.276764E-01
   1.654281E+00   1.202984E+03   3.434869E+03   9.273446E-01
   1.660008E+00   1.200391E+03   3.429429E+03   9.270239E-01
   1.665754E+00   1.197799E+03   3.423853E+03   9.267300E-01
   1.671520E+00   1.195199E+03   3.418144E+03   9.264685E-01
   1.677306E+00   1.192587E+03   3.412332E+03   9.262362E-01
   1.683112E+00   1.189965E+03   3.406457E+03   9.260240E-01
   1.688938E+00   1.187338E+03   3.400562E+03   9.258212E-01
   1.694785E+00   1.184720E+03   3.394679E+03   9.256186E-01
   1.700651E+00   1.182121E+03   3.388820E+03   9.254117E-01
   1.706538E+00   1.179554E+03   3.382974E+03   9.252008E-01
   1.712446E+00   1.177024E+03   3.377113E+03   9.249910E-01
   1.718373E+00   1.174529E+03   3.371192E+03   9.247899E-01
   1.724322E+00   1.172061E+03   3.365163E+03   9.246068E-01
   1.730291E+00   1.169607E+03   3.358983E+03   9.244493E-01
   1.736280E+00   1.167149E+03   3.352620E+03   9.243218E-01
   1.742290E+00   1.164667E+03   3.346062E+03   9.242234E-01
   1.748322E+00   1.162145E+03   3.339322E+03   9.241468E-01
   1.754374E+00   1.159575E+03   3.332430E+03   9.240799E-01
   1.760446E+00   1.156953E+03   3.325434E+03   9.240079E-01
   1.766540E+00   1.154290E+03   3.318386E+03   9.239172E-01
   1.772655E+00   1.151600E+03   3.311331E+03   9.237980E-01
   1.778792E+00   1.148905E+03   3.304297E+03   9.236473E-01
   1.784949E+00   1.146225E+03   3.297293E+03   9.234683E-01
   1.791128E+00   1.143579E+03   3.290307E+03   9.232694E-01
   1.797328E+00   1.140975E+03   3.283310E+03   9.230617E-01
   1.803549E+00   1.138414E+03   3.276268E+03   9.228556E-01
   1.809793E+00   1.135888E+03   3.269146E+03   9.226582E-01
   1.816057E+00   1.133380E+03   3.261919E+03   9.224722E-01
   1.822344E+00   1.130873E+03   3.254579E+03   9.222951E-01
   1.828652E+00   1.128348E+03   3.247132E+03   9.221196E-01
   1.834982E+00   1.125790E+03   3.239599E+03   9.219352E-01
   1.841334E+00   1.123190E+03   3.232013E+03   9.217301E-01
   1.847708E+00   1.120547E+03   3.224409E+03   9.214947E-01
   1.854104E+00   1.117868E+03   3.216818E+03   9.212229E-01
   1.860522E+00   1.115166E+03   3.209258E+03   9.209150E-01
   1.866962E+00   1.112460E+03   3.201735E+03   9.205776E-01
   1.873425E+00   1.109766E+03   3.194236E+03   9.202231E-01
   1.879910E+00   1.107100E+03   3.186737E+03   9.198680E-01
   1.886418E+00   1.104474E+03   3.179205E+03   9.195302E-01
   1.892948E+00   1.101893E+03   3.171602E+03   9.192265E-01
   1.899500E+00   1.099355E+03   3.163890E+03   9.189698E-01
   1.906075E+00   1.096854E+03   3.156041E+03   9.187671E-01
   1.912673E+00   1.094378E+03   3.148035E+03   9.186187E-01
   1.919294E+00   1.091914E+03   3.139868E+03   9.185183E-01
   1.925938E+00   1.089447E+03   3.131544E+03   9.184543E-01
   1.932605E+00   1.086966E+03   3.123081E+03   9.184119E-01
   1.939295E+00   1.084461E+03   3.114502E+03   9.183754E-01
   1.946008E+00   1.081925E+03   3.105835E+03   9.183299E-01
   1.952744E+00   1.079356E+03   3.097109E+03   9.182630E-01
   1.959504E+00   1.076754E+03   3.088348E+03   9.181657E-01
   1.966287E+00   1.074121E+03   3.079578E+03   9.180324E-01
   1.973093E+00   1.071462E+03   3.070817E+03   9.178607E-01
   1.979923E+00   1.068784E+03   3.062080E+03   9.176510E-01
   1.986777E+00   1.066093E+03   3.053378E+03   9.174061E-01
   1.993654E+00   1.063398E+03   3.044718E+03   9.171298E-01
   2.000555E+00   1.060707E+03   3.036103E+03   9.168276E-01
   2.007480E+00   1.058028E+03   3.027529E+03   9.165054E-01
   2.014430E+00   1.055370E+03   3.018990E+03   9.161698E-01
   2.021403E+00   1.052739E+03   3.010471E+03   9.158278E-01
   2.028400E+00   1.050141E+03   3.001953E+03   9.154872E-01
   2.035421E+00   1.047578E+03   2.993412E+03   9.151558E-01
   2.042467E+00   1.045050E+03   2.984820E+03   9.148412E-01
   2.049537E+00   1.042554E+03   2.976150E+03   9.145499E-01
   2.056632E+00   1.040083E+03   2.967376E+03   9.142868E-01
   2.063751E+00   1.037628E+03   2.958478E+03   9.140539E-01
   2.070895E+00   1.035177E+03   2.949444E+03   9.138503E-01
   2.078064E+00   1.032719E+03   2.940275E+03   9.136717E-01
   2.085257E+00   1.030243E+03   2.930980E+03   9.135111E-01
   2.092475E+00   1.027739E+03   2.921578E+03   9.133595E-01
   2.099719E+00   1.025205E+03   2.912094E+03   9.132075E-01
   2.106987E+00   1.022637E+03   2.902558E+03   9.130463E-01
   2.114280E+00   1.020039E+03   2.892999E+03   9.128689E-01
   2.121599E+00   1.017416E+03   2.883442E+03   9.126708E-01
   2.128943E+00   1.014776E+03   2.873907E+03   9.124503E-01
   2.136313E+00   1.012129E+03   2.864407E+03   9.122085E-01
   2.143708E+00   1.009482E+03   2.854948E+03   9.119486E-01
   2.151128E+00   1.006845E+03   2.845527E+03   9.116754E-01
   2.158575E+00   1.004224E+03   2.836137E+03   9.113944E-01
   2.166047E+00   1.001624E+03   2.826766E+03   9.111112E-01
   2.173545E+00   9.990463E+02   2.817401E+03   9.108309E-01
   2.181069E+00   9.964922E+02   2.808026E+03   9.105572E-01
   2.188619E+00   9.939594E+02   2.798627E+03   9.102927E-01
   2.196195E+00   9.914449E+02   2.789192E+03   9.100382E-01
   2.203797E+00   9.889443E+02   2.779712E+03   9.097935E-01
   2.211426E+00   9.864531E+02   2.770180E+03   9.095566E-01
   2.219081E+00   9.839667E+02   2.760592E+03   9.093254E-01
   2.226762E+00   1.026265E+03   3.645042E+03   8.979238E-01
   2.234470E+00   1.033543E+03   3.771559E+03   8.954663E-01
   2.242205E+00   1.034975E+03   3.825273E+03   8.941833E-01
   2.249967E+00   1.037225E+03   3.853883E+03   8.933539E-01
   2.257755E+00   1.037519E+03   3.874929E+03   8.926567E-01
   2.265571E+00   1.036846E+03   3.890437E+03   8.920611E-01
   2.273413E+00   1.034772E+03   3.902493E+03   8.915261E-01
   2.281283E+00   1.032253E+03   3.911056E+03   8.910539E-01
   2.289179E+00   1.030939E+03   3.918301E+03   8.906033E-01
   2.297104E+00   1.031408E+03   3.918333E+03   8.902909E-01
   2.305055E+00   1.028857E+03   3.922648E+03   8.898676E-01
   2.313034E+00   1.029402E+03   3.919695E+03   8.895813E-01
   2.321041E+00   1.023216E+03   3.925764E+03   8.890718E-01
   2.329076E+00   1.024112E+03   3.921242E+03   8.887787E-01
   2.337138E+00   1.023253E+03   3.921036E+03   8.883766E-01
   2.345228E+00   1.019904E+03   3.918783E+03   8.879859E-01
   2.353346E+00   1.016386E+03   3.918342E+03   8.875461E-01
   2.361493E+00   1.017166E+03   3.910859E+03   8.872534E-01
   2.369667E+00   1.016549E+03   3.906878E+03   8.868808E-01
   2.377870E+00   1.012967E+03   3.904094E+03   8.864655E-01
   2.386101E+00   1.014216E+03   3.895436E+03   8.861882E-01
   2.394361E+00   1.015583E+03   3.886838E+03   8.859118E-01
   2.402649E+00   1.012408E+03   3.885219E+03   8.854801E-01
   2.410966E+00   1.009114E+03   3.881456E+03   8.850915E-01
   2.419312E+00   1.005390E+03   3.878295E+03   8.846939E-01
   2.427686E+00   1.001625E+03   3.874971E+03   8.843060E-01
   2.436090E+00   1.003697E+03   3.862610E+03   8.841327E-01
   2.444523E+00   1.002813E+03   3.855400E+03   8.838573E-01
   2.452985E+00   9.982746E+02   3.853179E+03   8.834831E-01
   2.461476E+00   9.993511E+02   3.841927E+03   8.833334E-01
   2.469997E+00   9.984840E+02   3.834669E+03   8.831227E-01
   2.478547E+00   9.965635E+02   3.827559E+03   8.829318E-01
   2.487126E+00   9.938542E+02   3.821957E+03   8.827395E-01
   2.495736E+00   9.945756E+02   3.810342E+03   8.827113E-01
   2.504375E+00   9.899434E+02   3.805982E+03   8.825449E-01
   2.513044E+00   9.882637E+02   3.798456E+03   8.824807E-01
   2.521743E+00   9.896586E+02   3.783846E+03   8.825833E-01
   2.530472E+00   9.889249E+02   3.776088E+03   8.825561E-01
   2.539232E+00   9.856022E+02   3.764915E+03   8.825681E-01
   2.548022E+00   9.824370E+02   3.758570E+03   8.824797E-01
   2.556842E+00   9.830136E+02   3.744888E+03   8.825189E-01
   2.565692E+00   9.794999E+02   3.738299E+03   8.823628E-01
   2.574574E+00   9.789123E+02   3.725787E+03   8.822796E-01
   2.583486E+00   9.782246E+02   3.713353E+03   8.821344E-01
   2.592429E+00   9.742103E+02   3.708261E+03   8.817750E-01
   2.601403E+00   9.710310E+02   3.698561E+03   8.814337E-01
   2.610408E+00   9.713476E+02   3.685921E+03   8.811097E-01
   2.619444E+00   9.686648E+02   3.676629E+03   8.806480E-01
   2.628511E+00   9.684135E+02   3.665354E+03   8.801939E-01
   2.637610E+00   9.657964E+02   3.654806E+03   8.796698E-01
   2.646740E+00   9.628617E+02   3.646494E+03   8.790851E-01
   2.655902E+00   9.628601E+02   3.634398E+03   8.785795E-01
   2.665096E+00   9.592926E+02   3.626396E+03   8.779810E-01
   2.674321E+00   9.589281E+02   3.613953E+03   8.775020E-01
   2.683579E+00   9.591092E+02   3.601819E+03   8.770556E-01
   2.692868E+00   9.549735E+02   3.593551E+03   8.765490E-01
   2.702190E+00   9.518360E+02   3.585984E+03   8.760925E-01
   2.711544E+00   9.507706E+02   3.571450E+03   8.758191E-01
   2.720930E+00   9.489461E+02   3.561586E+03   8.755260E-01
   2.730349E+00   9.469100E+02   3.549087E+03   8.753286E-01
   2.739800E+00   9.439685E+02   3.538440E+03   8.751483E-01
   2.749284E+00   9.420267E+02   3.526309E+03   8.750495E-01
   2.758801E+00   9.410733E+02   3.511499E+03   8.750420E-01
   2.768351E+00   9.390730E+02   3.499559E+03   8.750102E-01
   2.777934E+00   9.360764E+02   3.486424E+03   8.750038E-01
   2.787550E+00   9.341062E+02   3.473424E+03   8.750141E-01
   2.797199E+00   9.338677E+02   3.460650E+03   8.750367E-01
   2.806882E+00   9.312848E+02   3.442729E+03   8.750921E-01
   2.816598E+00   9.277281E+02   3.431887E+03   8.750070E-01
   2.826348E+00   9.277395E+02   3.416376E+03   8.749984E-01
   2.836131E+00   9.262060E+02   3.403476E+03   8.748932E-01
   2.845949E+00   9.238398E+02   3.388740E+03   8.747585E-01
   2.855800E+00   9.195978E+02   3.379999E+03   8.744666E-01
   2.865686E+00   9.173205E+02   3.364125E+03   8.742498E-01
   2.875606E+00   9.154086E+02   3.350078E+03   8.739615E-01
   2.885560E+00   9.131523E+02   3.336325E+03   8.736169E-01
   2.895549E+00   9.112264E+02   3.322426E+03   8.732340E-01
   2.905572E+00   9.106327E+02   3.308136E+03   8.728339E-01
   2.915630E+00   9.095893E+02   3.292839E+03   8.724091E-01
   2.925722E+00   9.095144E+02   3.277259E+03   8.719746E-01
   2.935850E+00   9.058765E+02   3.264840E+03   8.714350E-01
   2.946013E+00   9.037026E+02   3.251147E+03   8.709231E-01
   2.956211E+00   9.021022E+02   3.236587E+03   8.704312E-01
   2.966444E+00   9.009841E+02   3.221911E+03   8.699568E-01
   2.976712E+00   8.977777E+02   3.210399E+03   8.694320E-01
   2.987016E+00   8.963663E+02   3.194310E+03   8.690180E-01
   2.997356E+00   8.942874E+02   3.181441E+03   8.685844E-01
   3.007732E+00   8.930533E+02   3.166399E+03   8.682280E-01
   3.018143E+00   8.909050E+02   3.151242E+03   8.679021E-01
   3.028591E+00   8.893340E+02   3.135863E+03   8.676281E-01
   3.039075E+00   8.884193E+02   3.119316E+03   8.674191E-01
   3.049595E+00   8.884470E+02   3.101926E+03   8.672723E-01
   3.060151E+00   8.870784E+02   3.085637E+03   8.671287E-01
   3.070744E+00   8.849756E+02   3.070498E+03   8.669912E-01
   3.081374E+00   8.855888E+02   3.052013E+03   8.669575E-01
   3.092040E+00   8.832096E+02   3.037515E+03   8.668510E-01
   3.102743E+00   8.826311E+02   3.018984E+03   8.668315E-01
   3.113484E+00   8.834586E+02   2.999686E+03   8.668443E-01
   3.124261E+00   8.818271E+02   2.983490E+03   8.667809E-01
   3.135076E+00   8.813988E+02   2.966152E+03   8.667380E-01
   3.145929E+00   8.806373E+02   2.949787E+03   8.666617E-01
   3.156819E+00   8.782885E+02   2.933984E+03   8.665331E-01
   3.167746E+00   8.768904E+02   2.916941E+03   8.664059E-01
   3.178712E+00   8.770863E+02   2.899474E+03   8.662760E-01
   3.189715E+00   8.754430E+02   2.883796E+03   8.660641E-01
   3.200756E+00   8.764235E+02   2.864844E+03   8.658957E-01
   3.211836E+00   8.738197E+02   2.849528E+03   8.655952E-01
   3.222954E+00   8.722074E+02   2.833771E+03   8.652808E-01
   3.234111E+00   8.721621E+02   2.816156E+03   8.649799E-01
   3.245306E+00   8.701173E+02   2.799349E+03   8.646093E-01
   3.256540E+00   8.688804E+02   2.782410E+03   8.642263E-01
   3.267812E+00   8.675408E+02   2.767504E+03   8.637952E-01
   3.279124E+00   8.681595E+02   2.749573E+03   8.634106E-01
   3.290475E+00   8.652483E+02   2.734819E+03   8.629199E-01
   3.301866E+00   8.645202E+02   2.718409E+03   8.624708E-01
   3.313295E+00   8.635645E+02   2.701625E+03   8.620152E-01
   3.324764E+00   8.619430E+02   2.686485E+03   8.615265E-01
   3.336273E+00   8.607638E+02   2.670080E+03   8.610588E-01
   3.347822E+00   8.599704E+02   2.653323E+03   8.606037E-01
   3.359411E+00   8.594354E+02   2.636623E+03   8.601572E-01
   3.371040E+00   8.589916E+02   2.619972E+03   8.597195E-01
   3.382709E+00   8.585276E+02   2.603698E+03   8.592877E-01
   3.394418E+00   8.573688E+02   2.586473E+03   8.588688E-01
   3.406169E+00   8.594909E+02   2.568305E+03   8.585245E-01
   3.417959E+00   8.629429E+02   2.549945E+03   8.582182E-01
   3.429791E+00   8.611153E+02   2.540992E+03   8.577420E-01
   3.441663E+00   8.534029E+02   2.530718E+03   8.572083E-01
   3.453577E+00   8.502771E+02   2.513732E+03   8.568374E-01
   3.465532E+00   8.497240E+02   2.496542E+03   8.565248E-01
   3.477528E+00   8.473794E+02   2.481302E+03   8.561778E-01
   3.489566E+00   8.467247E+02   2.461324E+03   8.559241E-01
   3.501645E+00   8.482203E+02   2.443551E+03   8.556914E-01
   3.513766E+00   8.471717E+02   2.432734E+03   8.553515E-01
   3.525930E+00   8.418676E+02   2.417261E+03   8.550029E-01
   3.538135E+00   8.409169E+02   2.400295E+03   8.547446E-01
   3.550382E+00   8.393627E+02   2.384621E+03   8.544647E-01
   3.562672E+00   8.382412E+02   2.365583E+03   8.542286E-01
   3.575005E+00   8.360956E+02   2.349997E+03   8.539354E-01
   3.587380E+00   8.351493E+02   2.332737E+03   8.536760E-01
   3.599798E+00   8.343062E+02   2.316726E+03   8.533989E-01
   3.612259E+00   8.327299E+02   2.299481E+03   8.531161E-01
   3.624763E+00   8.319533E+02   2.283589E+03   8.528238E-01
   3.637311E+00   8.297273E+02   2.266900E+03   8.525072E-01
   3.649901E+00   8.288669E+02   2.249850E+03   8.522084E-01
   3.662536E+00   8.270670E+02   2.233460E+03   8.518773E-01
   3.675214E+00   8.261378E+02   2.217358E+03   8.515484E-01
   3.687936E+00   8.246731E+02   2.200204E+03   8.512128E-01
   3.700702E+00   8.241494E+02   2.184473E+03   8.508685E-01
   3.713513E+00   8.223695E+02   2.168578E+03   8.504959E-01
   3.726367E+00   8.204877E+02   2.152466E+03   8.501154E-01
   3.739266E+00   8.203953E+02   2.134610E+03   8.497769E-01
   3.752210E+00   8.197647E+02   2.118654E+03   8.494003E-01
   3.765199E+00   8.179371E+02   2.103707E+03   8.489849E-01
   3.778232E+00   8.184275E+02   2.085610E+03   8.486379E-01
   3.791311E+00   8.156391E+02   2.071680E+03   8.481823E-01
   3.804435E+00   8.143541E+02   2.056278E+03   8.477640E-01
   3.817604E+00   8.133732E+02   2.039956E+03   8.473574E-01
   3.830819E+00   8.115061E+02   2.024310E+03   8.469250E-01
   3.844080E+00   8.105822E+02   2.008544E+03   8.465083E-01
   3.857386E+00   8.090514E+02   1.993168E+03   8.460762E-01
   3.870739E+00   8.077741E+02   1.977134E+03   8.456564E-01
   3.884138E+00   8.074345E+02   1.960587E+03   8.452598E-01
   3.897583E+00   8.050400E+02   1.946435E+03   8.448038E-01
   3.911075E+00   8.045969E+02   1.928585E+03   8.444263E-01
   3.924614E+00   8.031022E+02   1.914212E+03   8.439955E-01
   3.938199E+00   8.024657E+02   1.896807E+03   8.436181E-01
   3.951831E+00   8.016227E+02   1.881872E+03   8.432140E-01
   3.965511E+00   8.001277E+02   1.866203E+03   8.428121E-01
   3.979238E+00   7.989597E+02   1.850870E+03   8.424165E-01
   3.993012E+00   7.986331E+02   1.833703E+03   8.420598E-01
   4.006834E+00   7.986429E+02   1.818658E+03   8.416890E-01
   4.020704E+00   7.987641E+02   1.802092E+03   8.413398E-01
   4.034622E+00   7.962787E+02   1.788857E+03   8.409112E-01
   4.048589E+00   7.951358E+02   1.772621E+03   8.405394E-01
   4.062603E+00   7.943588E+02   1.756554E+03   8.401717E-01
   4.076666E+00   7.935268E+02   1.741529E+03   8.397905E-01
   4.090778E+00   7.921334E+02   1.725901E+03   8.394032E-01
   4.104938E+00   7.911384E+02   1.709889E+03   8.390232E-01
   4.119148E+00   7.902981E+02   1.694843E+03   8.386310E-01
   4.133407E+00   7.901536E+02   1.679070E+03   8.382530E-01
   4.147715E+00   7.894952E+02   1.663434E+03   8.378575E-01
   4.162073E+00   7.882139E+02   1.648028E+03   8.374406E-01
   4.176480E+00   7.873256E+02   1.632951E+03   8.370190E-01
   4.190937E+00   7.872228E+02   1.617890E+03   8.366027E-01
   4.205445E+00   7.863282E+02   1.603220E+03   8.361582E-01
   4.220002E+00   7.847773E+02   1.588090E+03   8.356961E-01
   4.234610E+00   7.842479E+02   1.573276E+03   8.352397E-01
   4.249268E+00   7.829417E+02   1.558070E+03   8.347623E-01
   4.263978E+00   7.824847E+02   1.542670E+03   8.342927E-01
   4.278738E+00   7.819255E+02   1.528038E+03   8.338035E-01
   4.293549E+00   7.807301E+02   1.512995E+03   8.332964E-01
   4.308411E+00   7.812146E+02   1.498457E+03   8.328074E-01
   4.323325E+00   7.795570E+02   1.483625E+03   8.322709E-01
   4.338291E+00   7.792623E+02   1.469361E+03   8.317471E-01
   4.353308E+00   7.790012E+02   1.454648E+03   8.312211E-01
   4.368377E+00   7.776917E+02   1.439927E+03   8.306680E-01
   4.383499E+00   7.778115E+02   1.426434E+03   8.301248E-01
   4.398673E+00   7.770206E+02   1.412358E+03   8.295648E-01
   4.413899E+00   7.760288E+02   1.398387E+03   8.289959E-01
   4.429178E+00   7.755517E+02   1.385807E+03   8.284200E-01
   4.444510E+00   7.733944E+02   1.371597E+03   8.278260E-01
   4.459895E+00   7.729389E+02   1.357281E+03   8.272664E-01
   4.475334E+00   7.722440E+02   1.343488E+03   8.266973E-01
   4.490825E+00   7.711199E+02   1.329639E+03   8.261220E-01
   4.506371E+00   7.703063E+02   1.316101E+03   8.255525E-01
   4.521970E+00   7.692640E+02   1.301612E+03   8.249929E-01
   4.537623E+00   7.685171E+02   1.287367E+03   8.244417E-01
   4.553330E+00   7.679013E+02   1.274102E+03   8.238885E-01
   4.569092E+00   7.679914E+02   1.260454E+03   8.233606E-01
   4.584908E+00   7.663735E+02   1.246406E+03   8.228113E-01
   4.600779E+00   7.663434E+02   1.232831E+03   8.222969E-01
   4.616705E+00   7.662747E+02   1.219074E+03   8.217931E-01
   4.632687E+00   7.654163E+02   1.205831E+03   8.212775E-01
   4.648723E+00   7.650898E+02   1.192235E+03   8.207868E-01
   4.664815E+00   7.648240E+02   1.179180E+03   8.203012E-01
   4.680963E+00   7.643021E+02   1.165659E+03   8.198265E-01
   4.697166E+00   7.637384E+02   1.152114E+03   8.193618E-01
   4.713426E+00   7.626402E+02   1.138681E+03   8.188953E-01
   4.729742E+00   7.625849E+02   1.125076E+03   8.184613E-01
   4.746114E+00   7.625116E+02   1.111378E+03   8.180374E-01
   4.762543E+00   7.626680E+02   1.097539E+03   8.176285E-01
   4.779029E+00   7.624881E+02   1.084239E+03   8.172141E-01
   4.795572E+00   7.628024E+02   1.070348E+03   8.168241E-01
   4.812172E+00   7.634906E+02   1.056273E+03   8.164501E-01
   4.828830E+00   7.650838E+02   1.042545E+03   8.160947E-01
   4.845545E+00   7.659322E+02   1.028137E+03   8.157382E-01
   4.862319E+00   7.680084E+02   1.014857E+03   8.153943E-01
   4.879150E+00   7.706148E+02   1.000581E+03   8.150766E-01
   4.896040E+00   7.739118E+02   9.876784E+02   8.147558E-01
   4.912988E+00   7.779804E+02   9.744826E+02   8.144548E-01
   4.929994E+00   7.841366E+02   9.628166E+02   8.141740E-01
   4.947060E+00   7.884068E+02   9.536087E+02   8.138229E-01
   4.964185E+00   7.893546E+02   9.461213E+02   8.133827E-01
   4.981369E+00   7.875903E+02   9.378724E+02   8.128978E-01
   4.998612E+00   7.862542E+02   9.282800E+02   8.124367E-01
   5.015915E+00   7.849354E+02   9.186436E+02   8.119735E-01
   5.033278E+00   7.840443E+02   9.085977E+02   8.115211E-01
   5.050701E+00   7.812338E+02   8.992974E+02   8.110169E-01
   5.068185E+00   7.770264E+02   8.888212E+02   8.104969E-01
   5.085729E+00   7.742376E+02   8.772742E+02   8.100156E-01
   5.103333E+00   7.717998E+02   8.648580E+02   8.095489E-01
   5.120999E+00   7.707947E+02   8.515577E+02   8.091189E-01
   5.138726E+00   7.707435E+02   8.377746E+02   8.087107E-01
   5.156514E+00   7.715469E+02   8.252339E+02   8.082982E-01
   5.174363E+00   7.730266E+02   8.119938E+02   8.079048E-01
   5.192275E+00   7.756708E+02   7.983391E+02   8.075366E-01
   5.210248E+00   7.802358E+02   7.849183E+02   8.071998E-01
   5.228284E+00   7.869128E+02   7.720908E+02   8.068932E-01
   5.246382E+00   7.969257E+02   7.612583E+02   8.066216E-01
   5.264543E+00   8.061891E+02   7.537986E+02   8.062821E-01
   5.282767E+00   8.131411E+02   7.489484E+02   8.058536E-01
   5.301053E+00   8.175022E+02   7.462394E+02   8.053367E-01
   5.319403E+00   8.179644E+02   7.444130E+02   8.047217E-01
   5.337817E+00   8.130053E+02   7.435870E+02   8.039741E-01
   5.356294E+00   8.016587E+02   7.414598E+02   8.031026E-01
   5.374836E+00   7.860624E+02   7.347137E+02   8.021948E-01
   5.393441E+00   7.730010E+02   7.225054E+02   8.014069E-01
   5.412111E+00   7.658670E+02   7.085194E+02   8.007633E-01
   5.430845E+00   7.630262E+02   6.943545E+02   8.002089E-01
   5.449645E+00   7.615580E+02   6.817386E+02   7.996558E-01
   5.468509E+00   7.607606E+02   6.696422E+02   7.991041E-01
   5.487439E+00   7.610658E+02   6.577534E+02   7.985684E-01
   5.506434E+00   7.612176E+02   6.462372E+02   7.980188E-01
   5.525495E+00   7.631097E+02   6.351106E+02   7.974974E-01
   5.544622E+00   7.632727E+02   6.248703E+02   7.969198E-01
   5.563815E+00   7.642091E+02   6.144211E+02   7.963587E-01
   5.583075E+00   7.649831E+02   6.047619E+02   7.957781E-01
   5.602401E+00   7.665025E+02   5.948121E+02   7.952156E-01
   5.621794E+00   7.680733E+02   5.859309E+02   7.946344E-01
   5.641254E+00   7.673837E+02   5.768879E+02   7.940025E-01
   5.660782E+00   7.689546E+02   5.676429E+02   7.934223E-01
   5.680377E+00   7.681540E+02   5.588978E+02   7.927786E-01
   5.700040E+00   7.678604E+02   5.496681E+02   7.921525E-01
   5.719772E+00   7.679511E+02   5.409457E+02   7.915252E-01
   5.739571E+00   7.671882E+02   5.317486E+02   7.908850E-01
   5.759439E+00   7.671585E+02   5.229167E+02   7.902541E-01
   5.779376E+00   7.657316E+02   5.139275E+02   7.895928E-01
   5.799382E+00   7.647868E+02   5.042653E+02   7.889527E-01
   5.819457E+00   7.644391E+02   4.948124E+02   7.883214E-01
   5.839601E+00   7.642176E+02   4.845609E+02   7.877057E-01
   5.859815E+00   7.646745E+02   4.745826E+02   7.870993E-01
   5.880100E+00   7.678709E+02   4.635874E+02   7.865722E-01
   5.900454E+00   7.694625E+02   4.559057E+02   7.859475E-01
   5.920879E+00   7.727851E+02   4.454829E+02   7.854087E-01
   5.941375E+00   7.780951E+02   4.364648E+02   7.848876E-01
   5.961941E+00   7.849020E+02   4.293467E+02   7.843630E-01
   5.982579E+00   7.896224E+02   4.228262E+02   7.837758E-01
   6.003288E+00   7.930750E+02   4.166035E+02   7.831498E-01
   6.024069E+00   7.949492E+02   4.104845E+02   7.824809E-01
   6.044922E+00   7.954185E+02   4.035614E+02   7.817894E-01
   6.065847E+00   7.973548E+02   3.967740E+02   7.811234E-01
   6.086844E+00   7.996810E+02   3.896200E+02   7.804674E-01
   6.107914E+00   8.020227E+02   3.834247E+02   7.797878E-01
   6.129058E+00   8.045537E+02   3.772359E+02   7.791061E-01
   6.150274E+00   8.055649E+02   3.717586E+02   7.783693E-01
   6.171563E+00   8.054327E+02   3.658793E+02   7.776068E-01
   6.192927E+00   8.048398E+02   3.602000E+02   7.768228E-01
   6.214364E+00   8.032263E+02   3.538893E+02   7.760202E-01
   6.235876E+00   8.007405E+02   3.469334E+02   7.752028E-01
   6.257462E+00   7.989125E+02   3.398676E+02   7.743966E-01
   6.279122E+00   7.962751E+02   3.324975E+02   7.735713E-01
   6.300858E+00   7.941132E+02   3.248431E+02   7.727576E-01
   6.322669E+00   7.925687E+02   3.164257E+02   7.719701E-01
   6.344555E+00   7.920302E+02   3.081992E+02   7.711995E-01
   6.366518E+00   7.925723E+02   3.001363E+02   7.704495E-01
   6.388556E+00   7.951419E+02   2.929712E+02   7.697277E-01
   6.410670E+00   7.971783E+02   2.856573E+02   7.689959E-01
   6.432862E+00   7.998199E+02   2.786694E+02   7.682720E-01
   6.455129E+00   8.031300E+02   2.722112E+02   7.675535E-01
   6.477474E+00   8.066839E+02   2.660429E+02   7.668362E-01
   6.499897E+00   8.099084E+02   2.595099E+02   7.661234E-01
   6.522397E+00   8.145493E+02   2.538059E+02   7.654290E-01
   6.544974E+00   8.175578E+02   2.481033E+02   7.646992E-01
   6.567630E+00   8.222550E+02   2.427071E+02   7.640094E-01
   6.590365E+00   8.251402E+02   2.373854E+02   7.632791E-01
   6.613178E+00   8.282141E+02   2.321988E+02   7.625577E-01
   6.636070E+00   8.296436E+02   2.267541E+02   7.618116E-01
   6.659041E+00   8.317864E+02   2.210421E+02   7.611034E-01
   6.682092E+00   8.343872E+02   2.157891E+02   7.604044E-01
   6.705223E+00   8.381540E+02   2.105532E+02   7.597486E-01
   6.728433E+00   8.416756E+02   2.060046E+02   7.590758E-01
   6.751724E+00   8.441258E+02   2.012610E+02   7.583965E-01
   6.775096E+00   8.485873E+02   1.964783E+02   7.577887E-01
   6.798549E+00   8.530222E+02   1.918543E+02   7.571917E-01
   6.822082E+00   8.569734E+02   1.875046E+02   7.565882E-01
   6.845698E+00   8.608331E+02   1.832877E+02   7.559951E-01
   6.869395E+00   8.637369E+02   1.789978E+02   7.553991E-01
   6.893173E+00   8.671143E+02   1.748087E+02   7.548324E-01
   6.917035E+00   8.709995E+02   1.708167E+02   7.542917E-01
   6.940979E+00   8.757362E+02   1.672483E+02   7.537738E-01
   6.965005E+00   8.794021E+02   1.636656E+02   7.532482E-01
   6.989115E+00   8.823176E+02   1.599547E+02   7.527320E-01
   7.013309E+00   8.848362E+02   1.558895E+02   7.522538E-01
   7.037586E+00   8.875110E+02   1.515392E+02   7.518313E-01
   7.061947E+00   8.919712E+02   1.480498E+02   7.514318E-01
   7.086393E+00   8.954250E+02   1.449618E+02   7.509971E-01
   7.110923E+00   8.993258E+02   1.416580E+02   7.506248E-01
   7.135538E+00   9.046950E+02   1.387625E+02   7.502976E-01
   7.160238E+00   9.104145E+02   1.357634E+02   7.500283E-01
   7.185024E+00   9.159440E+02   1.329977E+02   7.497672E-01
   7.209895E+00   9.205189E+02   1.303628E+02   7.494955E-01
   7.234853E+00   9.268553E+02   1.283151E+02   7.492603E-01
   7.259897E+00   9.336402E+02   1.266537E+02   7.490323E-01
   7.285028E+00   9.410955E+02   1.251464E+02   7.488528E-01
   7.310246E+00   9.494153E+02   1.240134E+02   7.487019E-01
   7.335551E+00   9.571521E+02   1.230625E+02   7.485423E-01
   7.360943E+00   9.665002E+02   1.227852E+02   7.483925E-01
   7.386424E+00   9.758481E+02   1.228059E+02   7.482342E-01
   7.411992E+00   9.854815E+02   1.231117E+02   7.480857E-01
   7.437650E+00   9.950566E+02   1.236168E+02   7.479483E-01
   7.463396E+00   1.005179E+03   1.245525E+02   7.478032E-01
   7.489231E+00   1.014045E+03   1.255048E+02   7.476207E-01
   7.515155E+00   1.023264E+03   1.266865E+02   7.474901E-01
   7.541170E+00   1.034033E+03   1.285942E+02   7.473475E-01
   7.567274E+00   1.045218E+03   1.309180E+02   7.472206E-01
   7.593469E+00   1.056778E+03   1.337164E+02   7.470610E-01
   7.619754E+00   1.068463E+03   1.369202E+02   7.468857E-01
   7.646131E+00   1.081333E+03   1.408604E+02   7.466867E-01
   7.672598E+00   1.095419E+03   1.456523E+02   7.464807E-01
   7.699158E+00   1.111626E+03   1.515526E+02   7.462035E-01
   7.725809E+00   1.127229E+03   1.578548E+02   7.458942E-01
   7.752553E+00   1.145727E+03   1.657067E+02   7.455027E-01
   7.779389E+00   1.166010E+03   1.746901E+02   7.449928E-01
   7.806318E+00   1.189319E+03   1.853821E+02   7.443425E-01
   7.833340E+00   1.214139E+03   1.974574E+02   7.435582E-01
   7.860456E+00   1.242719E+03   2.114712E+02   7.425387E-01
   7.887665E+00   1.274545E+03   2.272358E+02   7.412593E-01
   7.914969E+00   1.308617E+03   2.442370E+02   7.397152E-01
   7.942367E+00   1.344806E+03   2.624668E+02   7.378975E-01
   7.969861E+00   1.379629E+03   2.804751E+02   7.359226E-01
   7.997449E+00   1.413750E+03   2.984225E+02   7.337870E-01
   8.025133E+00   1.445139E+03   3.159199E+02   7.315877E-01
   8.052912E+00   1.474073E+03   3.339290E+02   7.293074E-01
   8.080788E+00   1.504496E+03   3.540558E+02   7.267426E-01
   8.108761E+00   1.536846E+03   3.768820E+02   7.238114E-01
   8.136830E+00   1.574285E+03   4.044165E+02   7.202461E-01
   8.164996E+00   1.616569E+03   4.357177E+02   7.160166E-01
   8.193260E+00   1.665358E+03   4.719152E+02   7.109273E-01
   8.221621E+00   1.718633E+03   5.112800E+02   7.051263E-01
   8.250081E+00   1.775362E+03   5.524358E+02   6.988140E-01
   8.278640E+00   1.834257E+03   5.942014E+02   6.922934E-01
   8.307297E+00   1.894875E+03   6.310559E+02   6.865365E-01
   8.336053E+00   1.943450E+03   6.459417E+02   6.840563E-01
   8.364909E+00   1.937176E+03   6.142417E+02   6.870279E-01
   8.393865E+00   1.889371E+03   5.818386E+02   6.892259E-01
   8.422921E+00   1.883447E+03   6.080008E+02   6.845310E-01
   8.452078E+00   1.919908E+03   6.700790E+02   6.751621E-01
   8.481335E+00   1.970965E+03   7.384522E+02   6.648878E-01
   8.510694E+00   2.022426E+03   8.015094E+02   6.557869E-01
   8.540155E+00   2.071198E+03   8.555120E+02   6.487752E-01
   8.569717E+00   2.117364E+03   9.021034E+02   6.436588E-01
   8.599382E+00   2.160880E+03   9.421531E+02   6.401138E-01
   8.629149E+00   2.201888E+03   9.797767E+02   6.373200E-01
   8.659020E+00   2.241954E+03   1.014996E+03   6.352602E-01
   8.688994E+00   2.280827E+03   1.049599E+03   6.335559E-01
   8.719071E+00   2.318345E+03   1.083008E+03   6.321836E-01
   8.749253E+00   2.354133E+03   1.114821E+03   6.310814E-01
   8.779539E+00   2.387752E+03   1.145678E+03   6.300686E-01
   8.809931E+00   2.419788E+03   1.179342E+03   6.287481E-01
   8.840427E+00   2.451249E+03   1.214471E+03   6.273915E-01
   8.871029E+00   2.482384E+03   1.253525E+03   6.257669E-01
   8.901737E+00   2.515909E+03   1.300577E+03   6.238264E-01
   8.932551E+00   2.551964E+03   1.355900E+03   6.216606E-01
   8.963471E+00   2.591741E+03   1.421665E+03   6.193385E-01
   8.994499E+00   2.636585E+03   1.503080E+03   6.167611E-01
   9.025634E+00   2.686225E+03   1.597964E+03   6.144137E-01
   9.056877E+00   2.736121E+03   1.701036E+03   6.125146E-01
   9.088229E+00   2.780572E+03   1.803178E+03   6.114490E-01
   9.119688E+00   2.814649E+03   1.899508E+03   6.114706E-01
   9.151257E+00   2.830844E+03   1.971263E+03   6.130003E-01
   9.182935E+00   2.828376E+03   2.018575E+03   6.156979E-01
   9.214722E+00   2.807986E+03   2.038967E+03   6.190926E-01
   9.246620E+00   2.776016E+03   2.036775E+03   6.222724E-01
   9.278628E+00   2.739903E+03   2.027610E+03   6.247308E-01
   9.310746E+00   2.701039E+03   2.021737E+03   6.265892E-01
   9.342976E+00   2.658636E+03   2.016922E+03   6.280670E-01
   9.375318E+00   2.611699E+03   2.007879E+03   6.293446E-01
   9.407771E+00   2.563683E+03   1.996222E+03   6.303106E-01
   9.440337E+00   2.514679E+03   1.981323E+03   6.310497E-01
   9.473015E+00   2.464758E+03   1.964431E+03   6.315913E-01
   9.505807E+00   2.418404E+03   1.947204E+03   6.318538E-01
   9.538712E+00   2.371139E+03   1.932653E+03   6.319189E-01
   9.571731E+00   2.323918E+03   1.922581E+03   6.317438E-01
   9.604865E+00   2.276863E+03   1.911551E+03   6.314318E-01
   9.638113E+00   2.226696E+03   1.903240E+03   6.309435E-01
   9.671476E+00   2.175600E+03   1.897904E+03   6.302397E-01
   9.704954E+00   2.121222E+03   1.889532E+03   6.294241E-01
   9.738549E+00   2.063914E+03   1.882093E+03   6.283926E-01
   9.772260E+00   2.004767E+03   1.871322E+03   6.272009E-01
   9.806087E+00   1.944299E+03   1.857800E+03   6.258240E-01
   9.840032E+00   1.881851E+03   1.841816E+03   6.242364E-01
   9.874094E+00   1.819612E+03   1.823865E+03   6.224509E-01
   9.908274E+00   1.756578E+03   1.803961E+03   6.204617E-01
   9.942572E+00   1.692008E+03   1.782429E+03   6.182556E-01
   9.976989E+00   1.628504E+03   1.757228E+03   6.159515E-01
   1.001153E+01   1.565241E+03   1.731306E+03   6.135065E-01
   1.004618E+01   1.503884E+03   1.701217E+03   6.110856E-01
   1.008096E+01   1.445833E+03   1.670816E+03   6.087005E-01
   1.011585E+01   1.390079E+03   1.642389E+03   6.063068E-01
   1.015087E+01   1.331692E+03   1.613739E+03   6.038283E-01
   1.018601E+01   1.274871E+03   1.583193E+03   6.014930E-01
   1.022127E+01   1.224268E+03   1.548654E+03   5.995922E-01
   1.025665E+01   1.174066E+03   1.516662E+03   5.977422E-01
   1.029215E+01   1.128708E+03   1.482400E+03   5.963020E-01
   1.032778E+01   1.083615E+03   1.449521E+03   5.949920E-01
   1.036353E+01   1.042137E+03   1.416006E+03   5.940269E-01
   1.039941E+01   1.003046E+03   1.380492E+03   5.934477E-01
   1.043540E+01   9.682288E+02   1.347094E+03   5.931140E-01
   1.047153E+01   9.358577E+02   1.314156E+03   5.930354E-01
   1.050777E+01   9.001779E+02   1.284548E+03   5.928672E-01
   1.054415E+01   8.683548E+02   1.251553E+03   5.932048E-01
   1.058065E+01   8.345414E+02   1.220981E+03   5.935320E-01
   1.061727E+01   8.063799E+02   1.186033E+03   5.944712E-01
   1.065403E+01   7.772568E+02   1.154250E+03   5.953506E-01
   1.069091E+01   7.504186E+02   1.121774E+03   5.964865E-01
   1.072791E+01   7.235984E+02   1.087499E+03   5.978986E-01
   1.076505E+01   7.019835E+02   1.054514E+03   5.994502E-01
   1.080231E+01   6.783122E+02   1.021652E+03   6.010669E-01
   1.083971E+01   6.581109E+02   9.897598E+02   6.027688E-01
   1.087723E+01   6.360193E+02   9.563508E+02   6.046406E-01
   1.091488E+01   6.180261E+02   9.256877E+02   6.064338E-01
   1.095266E+01   5.996490E+02   8.931947E+02   6.084201E-01
   1.099058E+01   5.809698E+02   8.640704E+02   6.101814E-01
   1.102862E+01   5.643223E+02   8.318001E+02   6.122527E-01
   1.106680E+01   5.474853E+02   8.023411E+02   6.141206E-01
   1.110511E+01   5.329436E+02   7.727599E+02   6.160388E-01
   1.114355E+01   5.161810E+02   7.425959E+02   6.179779E-01
   1.118212E+01   5.054753E+02   7.134320E+02   6.199025E-01
   1.122083E+01   4.921630E+02   6.841346E+02   6.217889E-01
   1.125967E+01   4.821583E+02   6.571688E+02   6.235056E-01
   1.129865E+01   4.706141E+02   6.288146E+02   6.252784E-01
   1.133776E+01   4.625801E+02   6.022753E+02   6.269101E-01
   1.137701E+01   4.566183E+02   5.756786E+02   6.285205E-01
   1.141639E+01   4.482300E+02   5.513090E+02   6.298822E-01
   1.145591E+01   4.426829E+02   5.267470E+02   6.312302E-01
   1.149556E+01   4.358285E+02   5.025960E+02   6.324653E-01
   1.153536E+01   4.337604E+02   4.789643E+02   6.336450E-01
   1.157529E+01   4.305593E+02   4.564042E+02   6.346589E-01
   1.161536E+01   4.296063E+02   4.347226E+02   6.355576E-01
   1.165556E+01   4.255407E+02   4.138051E+02   6.362832E-01
   1.169591E+01   4.260927E+02   3.928905E+02   6.369691E-01
   1.173640E+01   4.264942E+02   3.724653E+02   6.375241E-01
   1.177702E+01   4.267769E+02   3.531336E+02   6.379134E-01
   1.181779E+01   4.277550E+02   3.331449E+02   6.382327E-01
   1.185870E+01   4.295252E+02   3.141842E+02   6.383935E-01
   1.189975E+01   4.346210E+02   2.941128E+02   6.385132E-01
   1.194094E+01   4.402200E+02   2.752629E+02   6.384517E-01
   1.198227E+01   4.483507E+02   2.561091E+02   6.382837E-01
   1.202375E+01   4.593401E+02   2.364242E+02   6.379989E-01
   1.206537E+01   4.746570E+02   2.174979E+02   6.375655E-01
   1.210714E+01   4.933206E+02   1.983634E+02   6.369718E-01
   1.214905E+01   5.198988E+02   1.793749E+02   6.362270E-01
   1.219110E+01   5.541262E+02   1.607449E+02   6.352752E-01
   1.223330E+01   6.029537E+02   1.437368E+02   6.341088E-01
   1.227565E+01   6.691785E+02   1.288803E+02   6.326140E-01
   1.231814E+01   7.667587E+02   1.205507E+02   6.307047E-01
   1.236078E+01   9.036388E+02   1.245002E+02   6.281392E-01
   1.240357E+01   1.086423E+03   1.491058E+02   6.245696E-01
   1.244651E+01   1.284177E+03   1.964830E+02   6.202096E-01
   1.248959E+01   1.470887E+03   2.629880E+02   6.156288E-01
   1.253283E+01   1.610169E+03   3.380974E+02   6.119814E-01
   1.257621E+01   1.696335E+03   4.152865E+02   6.091896E-01
   1.261974E+01   1.721080E+03   4.893278E+02   6.072672E-01
   1.266343E+01   1.675825E+03   5.531253E+02   6.063242E-01
   1.270726E+01   1.565836E+03   5.949045E+02   6.065343E-01
   1.275125E+01   1.427539E+03   6.160001E+02   6.073581E-01
   1.279539E+01   1.276748E+03   6.190820E+02   6.086530E-01
   1.283968E+01   1.130227E+03   6.110004E+02   6.099468E-01
   1.288413E+01   9.838451E+02   5.925688E+02   6.112084E-01
   1.292873E+01   8.511478E+02   5.595743E+02   6.124034E-01
   1.297348E+01   7.486743E+02   5.210658E+02   6.131018E-01
   1.301839E+01   6.754791E+02   4.835329E+02   6.132410E-01
   1.306345E+01   6.216392E+02   4.513709E+02   6.128750E-01
   1.310867E+01   5.804496E+02   4.224168E+02   6.121700E-01
   1.315405E+01   5.513127E+02   3.986682E+02   6.112074E-01
   1.319959E+01   5.230276E+02   3.777984E+02   6.100172E-01
   1.324528E+01   5.006310E+02   3.595048E+02   6.086878E-01
   1.329113E+01   4.777668E+02   3.421076E+02   6.071882E-01
   1.333713E+01   4.599243E+02   3.261750E+02   6.055978E-01
   1.338330E+01   4.441742E+02   3.114815E+02   6.039084E-01
   1.342963E+01   4.279064E+02   2.984090E+02   6.021182E-01
   1.347612E+01   4.150346E+02   2.850803E+02   6.002404E-01
   1.352277E+01   4.028243E+02   2.729228E+02   5.982912E-01
   1.356958E+01   3.924777E+02   2.615909E+02   5.962914E-01
   1.361655E+01   3.841384E+02   2.509625E+02   5.942522E-01
   1.366368E+01   3.732556E+02   2.411989E+02   5.921217E-01
   1.371098E+01   3.644755E+02   2.308875E+02   5.898999E-01
   1.375844E+01   3.575526E+02   2.218804E+02   5.876991E-01
   1.380607E+01   3.502359E+02   2.125259E+02   5.853827E-01
   1.385386E+01   3.457851E+02   2.042929E+02   5.831175E-01
   1.390182E+01   3.379381E+02   1.961391E+02   5.807207E-01
   1.394994E+01   3.333817E+02   1.881306E+02   5.783219E-01
   1.399823E+01   3.278379E+02   1.804362E+02   5.758595E-01
   1.404668E+01   3.250011E+02   1.727032E+02   5.733741E-01
   1.409531E+01   3.215980E+02   1.658441E+02   5.708989E-01
   1.414410E+01   3.199226E+02   1.588427E+02   5.683794E-01
   1.419306E+01   3.185048E+02   1.529149E+02   5.659275E-01
   1.424219E+01   3.144779E+02   1.464082E+02   5.632978E-01
   1.429149E+01   3.139564E+02   1.405392E+02   5.607621E-01
   1.434096E+01   3.108903E+02   1.347704E+02   5.581343E-01
   1.439060E+01   3.094007E+02   1.290575E+02   5.554942E-01
   1.444042E+01   3.070821E+02   1.235392E+02   5.528127E-01
   1.449041E+01   3.069742E+02   1.179705E+02   5.501187E-01
   1.454057E+01   3.064217E+02   1.128948E+02   5.474419E-01
   1.459090E+01   3.041280E+02   1.078155E+02   5.446811E-01
   1.464141E+01   3.052282E+02   1.025337E+02   5.419083E-01
   1.469209E+01   3.064613E+02   9.798210E+01   5.392177E-01
   1.474295E+01   3.067735E+02   9.334561E+01   5.364491E-01
   1.479398E+01   3.062020E+02   8.898109E+01   5.336701E-01
   1.484519E+01   3.058120E+02   8.411648E+01   5.307519E-01
   1.489658E+01   3.090468E+02   7.974842E+01   5.279582E-01
   1.494814E+01   3.114585E+02   7.588432E+01   5.252106E-01
   1.499989E+01   3.090270E+02   7.140839E+01   5.221924E-01
   1.505181E+01   3.131507E+02   6.695740E+01   5.192532E-01
   1.510392E+01   3.179241E+02   6.296934E+01   5.163810E-01
   1.515620E+01   3.224295E+02   5.917554E+01   5.135007E-01
   1.520866E+01   3.265790E+02   5.537241E+01   5.105595E-01
   1.526131E+01   3.322784E+02   5.156181E+01   5.075837E-01
   1.531414E+01   3.392348E+02   4.787370E+01   5.045963E-01
   1.536715E+01   3.481546E+02   4.436071E+01   5.016156E-01
   1.542034E+01   3.600542E+02   4.103162E+01   4.986450E-01
   1.547372E+01   3.730012E+02   3.803250E+01   4.956992E-01
   1.552729E+01   3.901434E+02   3.514433E+01   4.927112E-01
   1.558103E+01   4.123277E+02   3.296665E+01   4.898693E-01
   1.563497E+01   4.373563E+02   3.118049E+01   4.870124E-01
   1.568909E+01   4.699676E+02   3.011309E+01   4.842048E-01
   1.574340E+01   5.128810E+02   3.028060E+01   4.815387E-01
   1.579790E+01   5.685218E+02   3.233928E+01   4.791315E-01
   1.585258E+01   6.417660E+02   3.714890E+01   4.770283E-01
   1.590746E+01   7.376341E+02   4.634362E+01   4.755282E-01
   1.596252E+01   8.580852E+02   6.219785E+01   4.753179E-01
   1.601778E+01   9.728863E+02   8.280775E+01   4.768306E-01
   1.607323E+01   1.050392E+03   1.043710E+02   4.801790E-01
   1.612886E+01   1.061078E+03   1.214761E+02   4.846028E-01
   1.618470E+01   9.837719E+02   1.276607E+02   4.882208E-01
   1.624072E+01   8.464431E+02   1.204081E+02   4.882713E-01
   1.629694E+01   7.127922E+02   1.064909E+02   4.848475E-01
   1.635335E+01   6.032046E+02   9.173358E+01   4.797859E-01
   1.640996E+01   5.232479E+02   7.739707E+01   4.739817E-01
   1.646677E+01   4.728046E+02   6.603574E+01   4.685872E-01
   1.652377E+01   4.364592E+02   5.672526E+01   4.635709E-01
   1.658097E+01   4.101471E+02   4.904446E+01   4.589121E-01
   1.663836E+01   3.921205E+02   4.228457E+01   4.544382E-01
   1.669596E+01   3.793884E+02   3.686773E+01   4.503277E-01
   1.675375E+01   3.724085E+02   3.210124E+01   4.463621E-01
   1.681175E+01   3.659898E+02   2.817700E+01   4.426202E-01
   1.686994E+01   3.634026E+02   2.456189E+01   4.388961E-01
   1.692834E+01   3.637979E+02   2.178783E+01   4.354501E-01
   1.698694E+01   3.621856E+02   1.919715E+01   4.319761E-01
   1.704574E+01   3.631587E+02   1.686882E+01   4.284878E-01
   1.710474E+01   3.667249E+02   1.507004E+01   4.251441E-01
   1.716395E+01   3.721909E+02   1.363157E+01   4.218345E-01
   1.722337E+01   3.826265E+02   1.287566E+01   4.187753E-01
   1.728299E+01   3.841109E+02   1.198580E+01   4.156464E-01
   1.734281E+01   3.884683E+02   1.126181E+01   4.122300E-01
   1.740285E+01   4.014590E+02   1.144558E+01   4.092183E-01
   1.746309E+01   4.067655E+02   1.147716E+01   4.060475E-01
   1.752354E+01   4.190410E+02   1.222487E+01   4.028416E-01
   1.758420E+01   4.327397E+02   1.333850E+01   3.999289E-01
   1.764507E+01   4.387390E+02   1.436547E+01   3.966788E-01
   1.770615E+01   4.544203E+02   1.647611E+01   3.934657E-01
   1.776744E+01   4.679133E+02   1.873059E+01   3.903478E-01
   1.782894E+01   4.876876E+02   2.228357E+01   3.869817E-01
   1.789066E+01   5.136804E+02   2.596800E+01   3.841661E-01
   1.795259E+01   5.248036E+02   2.992645E+01   3.806568E-01
   1.801473E+01   5.586558E+02   3.578253E+01   3.775023E-01
   1.807709E+01   5.768473E+02   4.129714E+01   3.740389E-01
   1.813967E+01   6.103402E+02   4.899999E+01   3.704834E-01
   1.820246E+01   6.418533E+02   5.824082E+01   3.665214E-01
   1.826547E+01   6.960599E+02   7.050364E+01   3.623439E-01
   1.832870E+01   7.535476E+02   8.318433E+01   3.580650E-01
   1.839214E+01   8.160377E+02   9.799899E+01   3.531597E-01
   1.845581E+01   8.921081E+02   1.144323E+02   3.477168E-01
   1.851969E+01   9.659022E+02   1.303100E+02   3.419726E-01
   1.858380E+01   1.034706E+03   1.456909E+02   3.358688E-01
   1.864813E+01   1.096631E+03   1.611412E+02   3.291972E-01
   1.871268E+01   1.158779E+03   1.789664E+02   3.210700E-01
   1.877746E+01   1.224868E+03   1.992346E+02   3.109188E-01
   1.884246E+01   1.280462E+03   2.169590E+02   3.000596E-01
   1.890768E+01   1.305652E+03   2.271329E+02   2.916351E-01
   1.897313E+01   1.301953E+03   2.321632E+02   2.880932E-01
   1.903881E+01   1.296761E+03   2.404128E+02   2.914040E-01
   1.910472E+01   1.317321E+03   2.594925E+02   2.970151E-01
   1.917085E+01   1.373707E+03   2.934719E+02   3.027660E-01
   1.923721E+01   1.493597E+03   3.378097E+02   3.077656E-01
   1.930380E+01   1.582305E+03   3.640979E+02   3.088871E-01
   1.937062E+01   1.682535E+03   4.131875E+02   3.091391E-01
   1.943768E+01   1.821888E+03   4.611847E+02   3.085729E-01
   1.950496E+01   1.937741E+03   4.965432E+02   3.071671E-01
   1.957248E+01   2.036540E+03   5.276700E+02   3.054258E-01
   1.964023E+01   2.126390E+03   5.558031E+02   3.036595E-01
   1.970822E+01   2.203054E+03   5.821660E+02   3.017685E-01
   1.977644E+01   2.281205E+03   6.144119E+02   2.995808E-01
   1.984490E+01   2.365959E+03   6.508290E+02   2.974402E-01
   1.991359E+01   2.443377E+03   6.806817E+02   2.958776E-01
   1.998252E+01   2.510617E+03   7.080381E+02   2.943876E-01
   2.005169E+01   2.577898E+03   7.394336E+02   2.927719E-01
   2.012110E+01   2.643283E+03   7.728518E+02   2.911227E-01
   2.019076E+01   2.717819E+03   8.195576E+02   2.888995E-01
   2.026065E+01   2.808660E+03   8.778042E+02   2.871932E-01
   2.033078E+01   2.891453E+03   9.244303E+02   2.872847E-01
   2.040116E+01   2.956484E+03   9.549267E+02   2.890948E-01
   2.047178E+01   2.993323E+03   9.619223E+02   2.926470E-01
   2.054264E+01   3.009558E+03   9.583912E+02   2.962678E-01
   2.061375E+01   3.019864E+03   9.562553E+02   2.998889E-01
   2.068511E+01   3.018931E+03   9.485852E+02   3.035415E-01
   2.075671E+01   3.022941E+03   9.510011E+02   3.067719E-01
   2.082856E+01   3.017486E+03   9.483862E+02   3.107368E-01
   2.090066E+01   3.008674E+03   9.468085E+02   3.148418E-01
   2.097301E+01   2.996077E+03   9.448439E+02   3.189165E-01
   2.104561E+01   2.986145E+03   9.504126E+02   3.232199E-01
   2.111846E+01   2.968584E+03   9.554031E+02   3.285918E-01
   2.119157E+01   2.935541E+03   9.561241E+02   3.358682E-01
   2.126492E+01   2.879226E+03   9.438406E+02   3.446902E-01
   2.133853E+01   2.806797E+03   9.235450E+02   3.540543E-01
   2.141240E+01   2.720086E+03   8.957324E+02   3.634176E-01
   2.148652E+01   2.627310E+03   8.652724E+02   3.719921E-01
   2.156090E+01   2.528811E+03   8.335468E+02   3.798786E-01
   2.163553E+01   2.425546E+03   7.998742E+02   3.867785E-01
   2.171043E+01   2.322129E+03   7.660583E+02   3.924035E-01
   2.178558E+01   2.215895E+03   7.317655E+02   3.970409E-01
   2.186099E+01   2.112985E+03   6.972604E+02   4.001632E-01
   2.193666E+01   2.009476E+03   6.618943E+02   4.021164E-01
   2.201260E+01   1.915520E+03   6.253930E+02   4.020956E-01
   2.208880E+01   1.843866E+03   5.930608E+02   4.003883E-01
   2.216526E+01   1.791144E+03   5.684757E+02   3.983299E-01
   2.224199E+01   1.747960E+03   5.494530E+02   3.964289E-01
   2.231898E+01   1.717421E+03   5.365352E+02   3.947530E-01
   2.239624E+01   1.689820E+03   5.322558E+02   3.945614E-01
   2.247377E+01   1.634214E+03   5.292287E+02   3.962261E-01
   2.255156E+01   1.549744E+03   5.176641E+02   3.974694E-01
   2.262962E+01   1.463469E+03   4.991293E+02   3.968685E-01
   2.270796E+01   1.387871E+03   4.806934E+02   3.953193E-01
   2.278656E+01   1.314121E+03   4.619433E+02   3.932260E-01
   2.286544E+01   1.247651E+03   4.432133E+02   3.904998E-01
   2.294459E+01   1.187768E+03   4.249605E+02   3.873492E-01
   2.302402E+01   1.137021E+03   4.096798E+02   3.843441E-01
   2.310372E+01   1.076696E+03   3.942217E+02   3.813592E-01
   2.318369E+01   1.024338E+03   3.767181E+02   3.774550E-01
   2.326394E+01   9.788587E+02   3.616666E+02   3.737808E-01
   2.334447E+01   9.315364E+02   3.454353E+02   3.696900E-01
   2.342528E+01   8.973792E+02   3.282191E+02   3.649384E-01
   2.350637E+01   8.896174E+02   3.168587E+02   3.610832E-01
   2.358774E+01   8.465554E+02   3.097754E+02   3.588868E-01
   2.366939E+01   7.984388E+02   2.886393E+02   3.529834E-01
   2.375133E+01   8.440924E+02   2.787637E+02   3.485165E-01
   2.383354E+01   8.267826E+02   2.850326E+02   3.493625E-01
   2.391604E+01   7.538293E+02   2.693734E+02   3.450600E-01
   2.399883E+01   7.682639E+02   2.596119E+02   3.410777E-01
   2.408191E+01   7.379149E+02   2.590379E+02   3.401970E-01
   2.416527E+01   6.817689E+02   2.462079E+02   3.361242E-01
   2.424892E+01   6.776328E+02   2.345845E+02   3.317635E-01
   2.433286E+01   6.637776E+02   2.289024E+02   3.291552E-01
   2.441709E+01   6.436931E+02   2.195840E+02   3.255240E-01
   2.450161E+01   6.385375E+02   2.137823E+02   3.227560E-01
   2.458642E+01   6.124946E+02   2.071959E+02   3.199108E-01
   2.467153E+01   5.920844E+02   1.990709E+02   3.165211E-01
   2.475693E+01   5.686084E+02   1.888490E+02   3.124668E-01
   2.484263E+01   5.778671E+02   1.794757E+02   3.084012E-01
   2.492863E+01   5.864687E+02   1.747085E+02   3.057311E-01
   2.501492E+01   5.822848E+02   1.685407E+02   3.026986E-01
   2.510151E+01   5.858438E+02   1.623341E+02   2.995643E-01
   2.518840E+01   5.943453E+02   1.565339E+02   2.964861E-01
   2.527559E+01   6.083731E+02   1.514465E+02   2.935517E-01
   2.536309E+01   6.282359E+02   1.472135E+02   2.907950E-01
   2.545088E+01   6.547005E+02   1.443159E+02   2.883559E-01
   2.553898E+01   6.856435E+02   1.429433E+02   2.863157E-01
   2.562739E+01   7.204885E+02   1.433048E+02   2.847493E-01
   2.571610E+01   7.564040E+02   1.456671E+02   2.838001E-01
   2.580512E+01   7.888391E+02   1.500098E+02   2.835674E-01
   2.589444E+01   8.106798E+02   1.555640E+02   2.839672E-01
   2.598408E+01   8.192447E+02   1.614516E+02   2.847835E-01
   2.607403E+01   8.109352E+02   1.667704E+02   2.857899E-01
   2.616428E+01   7.873394E+02   1.703812E+02   2.865266E-01
   2.625485E+01   7.534715E+02   1.720990E+02   2.867793E-01
   2.634574E+01   7.137317E+02   1.719875E+02   2.864470E-01
   2.643694E+01   6.724879E+02   1.704762E+02   2.855824E-01
   2.652845E+01   6.315441E+02   1.678609E+02   2.842568E-01
   2.662028E+01   5.931017E+02   1.644242E+02   2.825450E-01
   2.671243E+01   5.584381E+02   1.605238E+02   2.805708E-01
   2.680489E+01   5.275995E+02   1.564702E+02   2.784583E-01
   2.689768E+01   4.998261E+02   1.524063E+02   2.762771E-01
   2.699079E+01   4.743341E+02   1.483474E+02   2.740479E-01
   2.708422E+01   4.508929E+02   1.442501E+02   2.717633E-01
   2.717798E+01   4.301858E+02   1.401943E+02   2.694545E-01
   2.727205E+01   4.117396E+02   1.362955E+02   2.671714E-01
   2.736646E+01   3.947270E+02   1.325403E+02   2.649171E-01
   2.746119E+01   3.791284E+02   1.288989E+02   2.626839E-01
   2.755625E+01   3.646185E+02   1.253871E+02   2.604812E-01
   2.765164E+01   3.508449E+02   1.219674E+02   2.582979E-01
   2.774736E+01   3.378895E+02   1.185913E+02   2.561168E-01
   2.784341E+01   3.261618E+02   1.152741E+02   2.539448E-01
   2.793979E+01   3.157043E+02   1.120750E+02   2.518062E-01
   2.803650E+01   3.061677E+02   1.090276E+02   2.497159E-01
   2.813355E+01   2.967679E+02   1.061013E+02   2.476634E-01
   2.823094E+01   2.875362E+02   1.031821E+02   2.456046E-01
   2.832867E+01   2.792999E+02   1.002849E+02   2.435459E-01
   2.842673E+01   2.722209E+02   9.748513E+01   2.415184E-01
   2.852513E+01   2.658020E+02   9.481391E+01   2.395353E-01
   2.862387E+01   2.596272E+02   9.222917E+01   2.375801E-01
   2.872295E+01   2.537860E+02   8.969328E+01   2.356381E-01
   2.882238E+01   2.485147E+02   8.720182E+01   2.337079E-01
   2.892215E+01   2.440156E+02   8.477779E+01   2.317998E-01
   2.902227E+01   2.400850E+02   8.245631E+01   2.299290E-01
   2.912273E+01   2.361969E+02   8.020888E+01   2.280835E-01
   2.922354E+01   2.325256E+02   7.798203E+01   2.262407E-01
   2.932470E+01   2.293468E+02   7.579083E+01   2.244074E-01
   2.942621E+01   2.266385E+02   7.362068E+01   2.225772E-01
   2.952807E+01   2.247491E+02   7.148120E+01   2.207545E-01
   2.963029E+01   2.236035E+02   6.939661E+01   2.189500E-01
   2.973286E+01   2.232225E+02   6.734644E+01   2.171544E-01
   2.983578E+01   2.240059E+02   6.533587E+01   2.153700E-01
   2.993906E+01   2.262627E+02   6.340353E+01   2.136141E-01
   3.004269E+01   2.300766E+02   6.159095E+01   2.119060E-01
   3.014669E+01   2.352798E+02   5.993696E+01   2.102641E-01
   3.025104E+01   2.417287E+02   5.845800E+01   2.086969E-01
   3.035576E+01   2.494019E+02   5.719613E+01   2.072257E-01
   3.046084E+01   2.577109E+02   5.621509E+01   2.058845E-01
   3.056628E+01   2.653553E+02   5.553104E+01   2.046880E-01
   3.067209E+01   2.703886E+02   5.508934E+01   2.036201E-01
   3.077826E+01   2.707890E+02   5.467959E+01   2.025866E-01
   3.088481E+01   2.672783E+02   5.404653E+01   2.014569E-01
   3.099172E+01   2.622944E+02   5.318146E+01   2.002156E-01
   3.109900E+01   2.566732E+02   5.212436E+01   1.988775E-01
   3.120665E+01   2.511986E+02   5.088880E+01   1.974445E-01
   3.131467E+01   2.467318E+02   4.952976E+01   1.959404E-01
   3.142307E+01   2.435943E+02   4.811201E+01   1.943966E-01
   3.153184E+01   2.417327E+02   4.668199E+01   1.928370E-01
   3.164099E+01   2.406386E+02   4.524375E+01   1.912644E-01
   3.175052E+01   2.401893E+02   4.376325E+01   1.896595E-01
   3.186043E+01   2.408651E+02   4.222412E+01   1.880096E-01
   3.197072E+01   2.432308E+02   4.064522E+01   1.863203E-01
   3.208139E+01   2.475152E+02   3.904532E+01   1.845977E-01
   3.219244E+01   2.540878E+02   3.741755E+01   1.828314E-01
   3.230388E+01   2.639780E+02   3.577635E+01   1.810174E-01
   3.241570E+01   2.783794E+02   3.418267E+01   1.791735E-01
   3.252791E+01   2.984757E+02   3.270091E+01   1.773134E-01
   3.264051E+01   3.263711E+02   3.145276E+01   1.754668E-01
   3.275349E+01   3.646391E+02   3.070786E+01   1.737335E-01
   3.286687E+01   4.145996E+02   3.082534E+01   1.722635E-01
   3.298064E+01   4.761670E+02   3.224878E+01   1.712697E-01
   3.309481E+01   5.449566E+02   3.544613E+01   1.710781E-01
   3.320937E+01   6.094269E+02   4.048692E+01   1.719921E-01
   3.332433E+01   6.537682E+02   4.672418E+01   1.740724E-01
   3.343968E+01   6.643917E+02   5.288354E+01   1.769622E-01
   3.355544E+01   6.374121E+02   5.754227E+01   1.798637E-01
   3.367159E+01   5.818748E+02   5.983071E+01   1.818862E-01
   3.378815E+01   5.151382E+02   5.983807E+01   1.825718E-01
   3.390511E+01   4.529990E+02   5.831076E+01   1.820551E-01
   3.402247E+01   4.027560E+02   5.607601E+01   1.807869E-01
   3.414024E+01   3.646569E+02   5.371018E+01   1.791883E-01
   3.425842E+01   3.358883E+02   5.143366E+01   1.774796E-01
   3.437701E+01   3.142239E+02   4.928608E+01   1.757404E-01
   3.449601E+01   2.987078E+02   4.729364E+01   1.740151E-01
   3.461542E+01   2.887431E+02   4.551151E+01   1.723554E-01
   3.473525E+01   2.832867E+02   4.399606E+01   1.708125E-01
   3.485549E+01   2.809697E+02   4.275757E+01   1.694096E-01
   3.497614E+01   2.806289E+02   4.178652E+01   1.681539E-01
   3.509721E+01   2.809569E+02   4.107522E+01   1.670545E-01
   3.521871E+01   2.802874E+02   4.056854E+01   1.660927E-01
   3.534062E+01   2.773852E+02   4.015420E+01   1.652084E-01
   3.546295E+01   2.722145E+02   3.971733E+01   1.643283E-01
   3.558571E+01   2.657153E+02   3.920652E+01   1.634109E-01
   3.570889E+01   2.586637E+02   3.863556E+01   1.624578E-01
   3.583250E+01   2.512959E+02   3.800855E+01   1.614689E-01
   3.595654E+01   2.442784E+02   3.730985E+01   1.604287E-01
   3.608101E+01   2.385771E+02   3.658306E+01   1.593595E-01
   3.620590E+01   2.342029E+02   3.590450E+01   1.583131E-01
   3.633123E+01   2.304113E+02   3.529353E+01   1.573080E-01
   3.645700E+01   2.265741E+02   3.473218E+01   1.563366E-01
   3.658320E+01   2.223740E+02   3.419447E+01   1.553834E-01
   3.670983E+01   2.178883E+02   3.365441E+01   1.544301E-01
   3.683691E+01   2.134055E+02   3.311193E+01   1.534748E-01
   3.696442E+01   2.089584E+02   3.258095E+01   1.525270E-01
   3.709238E+01   2.043231E+02   3.205797E+01   1.515855E-01
   3.722077E+01   1.994387E+02   3.152374E+01   1.506368E-01
   3.734962E+01   1.945486E+02   3.097058E+01   1.496736E-01
   3.747890E+01   1.899410E+02   3.040571E+01   1.486997E-01
   3.760864E+01   1.857611E+02   2.984289E+01   1.477243E-01
   3.773883E+01   1.819386E+02   2.929543E+01   1.467577E-01
   3.786946E+01   1.782106E+02   2.875553E+01   1.457953E-01
   3.800055E+01   1.746180E+02   2.821395E+01   1.448301E-01
   3.813209E+01   1.714393E+02   2.767700E+01   1.438658E-01
   3.826409E+01   1.686552E+02   2.714897E+01   1.429057E-01
   3.839654E+01   1.664740E+02   2.663833E+01   1.419558E-01
   3.852946E+01   1.648801E+02   2.616238E+01   1.410299E-01
   3.866283E+01   1.631961E+02   2.572763E+01   1.401362E-01
   3.879667E+01   1.612080E+02   2.531410E+01   1.392604E-01
   3.893096E+01   1.591154E+02   2.491127E+01   1.383937E-01
   3.906573E+01   1.565643E+02   2.452970E+01   1.375460E-01
   3.920096E+01   1.532422E+02   2.413700E+01   1.366923E-01
   3.933665E+01   1.497891E+02   2.369028E+01   1.357949E-01
   3.947282E+01   1.472699E+02   2.322805E+01   1.348807E-01
   3.960946E+01   1.457912E+02   2.280740E+01   1.339967E-01
   3.974657E+01   1.444169E+02   2.242796E+01   1.331464E-01
   3.988416E+01   1.425425E+02   2.206700E+01   1.323135E-01
   4.002222E+01   1.401003E+02   2.170555E+01   1.314821E-01
   4.016076E+01   1.373430E+02   2.132983E+01   1.306396E-01
   4.029978E+01   1.347970E+02   2.093356E+01   1.297783E-01
   4.043928E+01   1.328298E+02   2.053058E+01   1.289087E-01
   4.057926E+01   1.313924E+02   2.014365E+01   1.280509E-01
   4.071973E+01   1.302515E+02   1.977725E+01   1.272098E-01
   4.086069E+01   1.292126E+02   1.942913E+01   1.263845E-01
   4.100213E+01   1.281321E+02   1.909555E+01   1.255722E-01
   4.114406E+01   1.267752E+02   1.876302E+01   1.247618E-01
   4.128648E+01   1.255286E+02   1.842609E+01   1.239468E-01
   4.142940E+01   1.248689E+02   1.809055E+01   1.231310E-01
   4.157281E+01   1.246380E+02   1.777758E+01   1.223346E-01
   4.171672E+01   1.244428E+02   1.749479E+01   1.215666E-01
   4.186113E+01   1.239666E+02   1.722901E+01   1.208160E-01
   4.200603E+01   1.231261E+02   1.696707E+01   1.200709E-01
   4.215144E+01   1.220011E+02   1.670156E+01   1.193237E-01
   4.229735E+01   1.209264E+02   1.643378E+01   1.185746E-01
   4.244377E+01   1.200526E+02   1.616884E+01   1.178280E-01
   4.259069E+01   1.191527E+02   1.591446E+01   1.170923E-01
   4.273812E+01   1.181631E+02   1.566264E+01   1.163598E-01
   4.288606E+01   1.171901E+02   1.540849E+01   1.156253E-01
   4.303451E+01   1.164629E+02   1.516210E+01   1.148982E-01
   4.318348E+01   1.158615E+02   1.492704E+01   1.141826E-01
   4.333297E+01   1.151128E+02   1.470386E+01   1.134803E-01
   4.348297E+01   1.139973E+02   1.448819E+01   1.127877E-01
   4.363349E+01   1.125543E+02   1.426502E+01   1.120889E-01
   4.378453E+01   1.110389E+02   1.402534E+01   1.113734E-01
   4.393609E+01   1.100015E+02   1.378603E+01   1.106569E-01
   4.408818E+01   1.094554E+02   1.355542E+01   1.099483E-01
   4.424079E+01   1.089669E+02   1.333887E+01   1.092549E-01
   4.439394E+01   1.084059E+02   1.313336E+01   1.085742E-01
   4.454761E+01   1.076905E+02   1.293397E+01   1.079014E-01
   4.470182E+01   1.067733E+02   1.273388E+01   1.072290E-01
   4.485655E+01   1.058168E+02   1.253285E+01   1.065562E-01
   4.501183E+01   1.049908E+02   1.233197E+01   1.058835E-01
   4.516764E+01   1.042304E+02   1.213572E+01   1.052163E-01
   4.532399E+01   1.034687E+02   1.194402E+01   1.045548E-01
   4.548089E+01   1.026342E+02   1.175122E+01   1.038927E-01
   4.563832E+01   1.020702E+02   1.156099E+01   1.032330E-01
   4.579630E+01   1.016395E+02   1.137737E+01   1.025811E-01
   4.595483E+01   1.012209E+02   1.120325E+01   1.019408E-01
   4.611391E+01   1.007115E+02   1.103595E+01   1.013096E-01
   4.627353E+01   9.997031E+01   1.087044E+01   1.006820E-01
   4.643371E+01   9.901600E+01   1.070461E+01   1.000553E-01
   4.659445E+01   9.802818E+01   1.053418E+01   9.942368E-02
   4.675574E+01   9.714411E+01   1.035853E+01   9.878568E-02
   4.691759E+01   9.655790E+01   1.018590E+01   9.815071E-02
   4.708000E+01   9.632943E+01   1.001943E+01   9.752257E-02
   4.724297E+01   9.615743E+01   9.862514E+00   9.690671E-02
   4.740650E+01   9.594355E+01   9.714820E+00   9.630330E-02
   4.757060E+01   9.559219E+01   9.572569E+00   9.570804E-02
   4.773527E+01   9.483820E+01   9.430987E+00   9.511576E-02
   4.790051E+01   9.386406E+01   9.285985E+00   9.452044E-02
   4.806633E+01   9.291797E+01   9.129004E+00   9.390974E-02
   4.823271E+01   9.227601E+01   8.967562E+00   9.329229E-02
   4.839967E+01   9.267558E+01   8.813484E+00   9.268120E-02
   4.856721E+01   9.344718E+01   8.676731E+00   9.209243E-02
   4.873533E+01   9.410564E+01   8.570386E+00   9.154613E-02
   4.890403E+01   9.393632E+01   8.469539E+00   9.101158E-02
   4.907332E+01   9.229963E+01   8.361538E+00   9.047373E-02
   4.924319E+01   9.065980E+01   8.226558E+00   8.989914E-02
   4.941365E+01   8.941210E+01   8.072257E+00   8.929626E-02
   4.958470E+01   8.948351E+01   7.928167E+00   8.870311E-02
   4.975634E+01   9.010418E+01   7.796853E+00   8.812637E-02
   4.992858E+01   9.070472E+01   7.686734E+00   8.758067E-02
   5.010141E+01   9.104882E+01   7.585597E+00   8.704979E-02
   5.027484E+01   9.071697E+01   7.485753E+00   8.652434E-02
   5.044887E+01   9.029159E+01   7.383577E+00   8.599677E-02
   5.062350E+01   8.982153E+01   7.279701E+00   8.546771E-02
   5.079874E+01   8.941004E+01   7.178674E+00   8.494354E-02
   5.097458E+01   8.865627E+01   7.079913E+00   8.442495E-02
   5.115104E+01   8.772019E+01   6.977013E+00   8.390159E-02
   5.132810E+01   8.662962E+01   6.865150E+00   8.336572E-02
   5.150578E+01   8.612149E+01   6.750343E+00   8.282355E-02
   5.168407E+01   8.601509E+01   6.637028E+00   8.228254E-02
   5.186298E+01   8.626799E+01   6.536466E+00   8.176063E-02
   5.204250E+01   8.646878E+01   6.443845E+00   8.125216E-02
   5.222265E+01   8.641191E+01   6.358287E+00   8.075679E-02
   5.240343E+01   8.614556E+01   6.273459E+00   8.026435E-02
   5.258482E+01   8.564192E+01   6.188365E+00   7.977332E-02
   5.276685E+01   8.491770E+01   6.103498E+00   7.928442E-02
   5.294951E+01   8.405756E+01   6.015060E+00   7.879098E-02
   5.313280E+01   8.306952E+01   5.921407E+00   7.829005E-02
   5.331672E+01   8.243555E+01   5.823074E+00   7.778045E-02
   5.350128E+01   8.211219E+01   5.724565E+00   7.726973E-02
   5.368648E+01   8.235503E+01   5.635545E+00   7.677338E-02
   5.387232E+01   8.255546E+01   5.554539E+00   7.629155E-02
   5.405880E+01   8.258541E+01   5.481643E+00   7.582521E-02
   5.424593E+01   8.211814E+01   5.406181E+00   7.535727E-02
   5.443371E+01   8.160108E+01   5.329013E+00   7.488736E-02
   5.462214E+01   8.110994E+01   5.249789E+00   7.441445E-02
   5.481122E+01   8.078583E+01   5.172747E+00   7.394546E-02
   5.500095E+01   8.040749E+01   5.097929E+00   7.348140E-02
   5.519134E+01   7.998902E+01   5.024268E+00   7.302034E-02
   5.538239E+01   7.947752E+01   4.950858E+00   7.256083E-02
   5.557410E+01   7.885535E+01   4.877762E+00   7.210304E-02
   5.576647E+01   7.816495E+01   4.801946E+00   7.164113E-02
   5.595951E+01   7.751964E+01   4.723951E+00   7.117552E-02
   5.615322E+01   7.719652E+01   4.642122E+00   7.070184E-02
   5.634760E+01   7.721182E+01   4.564477E+00   7.023513E-02
   5.654265E+01   7.779666E+01   4.492051E+00   6.977660E-02
   5.673838E+01   7.837401E+01   4.429515E+00   6.933778E-02
   5.693479E+01   7.883539E+01   4.372944E+00   6.891187E-02
   5.713187E+01   7.868604E+01   4.321086E+00   6.849869E-02
   5.732964E+01   7.827757E+01   4.266325E+00   6.808189E-02
   5.752809E+01   7.753381E+01   4.207507E+00   6.765930E-02
   5.772723E+01   7.691640E+01   4.145149E+00   6.722985E-02
   5.792705E+01   7.639789E+01   4.083136E+00   6.680137E-02
   5.812757E+01   7.598233E+01   4.021450E+00   6.637379E-02
   5.832879E+01   7.560210E+01   3.960244E+00   6.594769E-02
   5.853070E+01   7.527989E+01   3.899836E+00   6.552363E-02
   5.873331E+01   7.512783E+01   3.840194E+00   6.510110E-02
   5.893662E+01   7.503947E+01   3.784541E+00   6.468734E-02
   5.914063E+01   7.479001E+01   3.730427E+00   6.427824E-02
   5.934535E+01   7.439579E+01   3.678051E+00   6.387419E-02
   5.955078E+01   7.379280E+01   3.622998E+00   6.346597E-02
   5.975692E+01   7.322710E+01   3.566414E+00   6.305490E-02
   5.996377E+01   7.269755E+01   3.508309E+00   6.264090E-02
   6.017134E+01   7.240753E+01   3.450644E+00   6.222738E-02
   6.037963E+01   7.223754E+01   3.393018E+00   6.181391E-02
   6.058864E+01   7.224289E+01   3.338052E+00   6.140616E-02
   6.079837E+01   7.235780E+01   3.284764E+00   6.100227E-02
   6.100883E+01   7.250899E+01   3.234554E+00   6.060580E-02
   6.122002E+01   7.252297E+01   3.185515E+00   6.021321E-02
   6.143194E+01   7.250446E+01   3.137136E+00   5.982291E-02
   6.164459E+01   7.242131E+01   3.088470E+00   5.943283E-02
   6.185797E+01   7.240255E+01   3.039556E+00   5.904247E-02
   6.207210E+01   7.242676E+01   2.991472E+00   5.865446E-02
   6.228697E+01   7.250686E+01   2.943899E+00   5.826797E-02
   6.250258E+01   7.259901E+01   2.896879E+00   5.788331E-02
   6.271894E+01   7.272615E+01   2.850177E+00   5.749980E-02
   6.293605E+01   7.293381E+01   2.803015E+00   5.711530E-02
   6.315390E+01   7.327347E+01   2.757147E+00   5.673388E-02
   6.337252E+01   7.377781E+01   2.711601E+00   5.635300E-02
   6.359189E+01   7.437862E+01   2.668137E+00   5.597738E-02
   6.381201E+01   7.515597E+01   2.626124E+00   5.560513E-02
   6.403290E+01   7.596294E+01   2.586171E+00   5.523853E-02
   6.425456E+01   7.686339E+01   2.548124E+00   5.487697E-02
   6.447698E+01   7.773640E+01   2.511850E+00   5.452077E-02
   6.470017E+01   7.855823E+01   2.476120E+00   5.416689E-02
   6.492414E+01   7.947551E+01   2.440387E+00   5.381316E-02
   6.514888E+01   8.049789E+01   2.406280E+00   5.346385E-02
   6.537440E+01   8.176582E+01   2.373152E+00   5.311653E-02
   6.560070E+01   8.314939E+01   2.344115E+00   5.278033E-02
   6.582778E+01   8.442598E+01   2.317373E+00   5.245173E-02
   6.605565E+01   8.566366E+01   2.292297E+00   5.212878E-02
   6.628430E+01   8.669916E+01   2.267779E+00   5.180940E-02
   6.651375E+01   8.773478E+01   2.242968E+00   5.149012E-02
   6.674400E+01   8.886109E+01   2.219022E+00   5.117364E-02
   6.697504E+01   9.005946E+01   2.195319E+00   5.085832E-02
   6.720688E+01   9.145631E+01   2.174169E+00   5.054996E-02
   6.743952E+01   9.291306E+01   2.154698E+00   5.024698E-02
   6.767297E+01   9.446097E+01   2.138255E+00   4.995314E-02
   6.790722E+01   9.598395E+01   2.124336E+00   4.966785E-02
   6.814229E+01   9.748208E+01   2.113051E+00   4.939153E-02
   6.837817E+01   9.878874E+01   2.104507E+00   4.912574E-02
   6.861486E+01   9.997689E+01   2.097395E+00   4.886627E-02
   6.885238E+01   1.008337E+02   2.092403E+00   4.861671E-02
   6.909072E+01   1.015552E+02   2.087857E+00   4.837083E-02
   6.932988E+01   1.018734E+02   2.084567E+00   4.813294E-02
   6.956987E+01   1.020842E+02   2.081743E+00   4.789868E-02
   6.981069E+01   1.016921E+02   2.079256E+00   4.767105E-02
   7.005235E+01   1.011981E+02   2.076609E+00   4.744511E-02
   7.029484E+01   9.981368E+01   2.072305E+00   4.722156E-02
   7.053817E+01   9.833191E+01   2.064913E+00   4.699055E-02
   7.078235E+01   9.625674E+01   2.054276E+00   4.675462E-02
   7.102737E+01   9.415432E+01   2.039330E+00   4.650660E-02
   7.127323E+01   9.209168E+01   2.022168E+00   4.625234E-02
   7.151995E+01   9.005400E+01   2.003329E+00   4.599349E-02
   7.176752E+01   8.811019E+01   1.983570E+00   4.573192E-02
   7.201595E+01   8.618153E+01   1.963544E+00   4.547011E-02
   7.226524E+01   8.412512E+01   1.942489E+00   4.520641E-02
   7.251539E+01   8.208086E+01   1.920153E+00   4.493917E-02
   7.276641E+01   8.002801E+01   1.896748E+00   4.466907E-02
   7.301830E+01   7.799873E+01   1.872130E+00   4.439542E-02
   7.327106E+01   7.609588E+01   1.846795E+00   4.411922E-02
   7.352469E+01   7.422278E+01   1.820882E+00   4.384137E-02
   7.377920E+01   7.250414E+01   1.794514E+00   4.356165E-02
   7.403460E+01   7.081961E+01   1.767848E+00   4.328112E-02
   7.429087E+01   6.936143E+01   1.740944E+00   4.299909E-02
   7.454804E+01   6.795930E+01   1.714567E+00   4.271890E-02
   7.480609E+01   6.674055E+01   1.688290E+00   4.243859E-02
   7.506504E+01   6.558689E+01   1.663011E+00   4.216175E-02
   7.532488E+01   6.448583E+01   1.638077E+00   4.188626E-02
   7.558563E+01   6.341573E+01   1.613584E+00   4.161257E-02
   7.584727E+01   6.241356E+01   1.589182E+00   4.133933E-02
   7.610982E+01   6.146525E+01   1.565319E+00   4.106815E-02
   7.637328E+01   6.061388E+01   1.541481E+00   4.079710E-02
   7.663766E+01   5.987977E+01   1.518834E+00   4.053022E-02
   7.690295E+01   5.915067E+01   1.496981E+00   4.026664E-02
   7.716915E+01   5.842588E+01   1.475779E+00   4.000588E-02
   7.743628E+01   5.767933E+01   1.455439E+00   3.974884E-02
   7.770433E+01   5.679124E+01   1.435001E+00   3.949250E-02
   7.797331E+01   5.590916E+01   1.414459E+00   3.923624E-02
   7.824322E+01   5.499167E+01   1.393780E+00   3.898008E-02
   7.851407E+01   5.408031E+01   1.372672E+00   3.872273E-02
   7.878585E+01   5.333095E+01   1.351429E+00   3.846469E-02
   7.905857E+01   5.262551E+01   1.330629E+00   3.820858E-02
   7.933224E+01   5.210190E+01   1.309806E+00   3.795216E-02
   7.960686E+01   5.169639E+01   1.290417E+00   3.770126E-02
   7.988242E+01   5.130270E+01   1.271848E+00   3.745397E-02
   8.015894E+01   5.092629E+01   1.254138E+00   3.721050E-02
   8.043642E+01   5.051379E+01   1.237530E+00   3.697202E-02
   8.071486E+01   4.990474E+01   1.220908E+00   3.673472E-02
   8.099426E+01   4.929743E+01   1.204324E+00   3.649811E-02
   8.127463E+01   4.859597E+01   1.187774E+00   3.626247E-02
   8.155596E+01   4.788764E+01   1.170970E+00   3.602634E-02
   8.183828E+01   4.721040E+01   1.154117E+00   3.579039E-02
   8.212157E+01   4.655360E+01   1.137452E+00   3.555562E-02
   8.240584E+01   4.589602E+01   1.120939E+00   3.532194E-02
   8.269109E+01   4.523162E+01   1.104455E+00   3.508886E-02
   8.297733E+01   4.457300E+01   1.087994E+00   3.485629E-02
   8.326457E+01   4.391399E+01   1.071482E+00   3.462393E-02
   8.355279E+01   4.326131E+01   1.054729E+00   3.439093E-02
   8.384202E+01   4.276020E+01   1.037761E+00   3.415693E-02
   8.413225E+01   4.232205E+01   1.021224E+00   3.392498E-02
   8.442348E+01   4.200984E+01   1.004390E+00   3.369172E-02
   8.471572E+01   4.190752E+01   9.886339E-01   3.346297E-02
   8.500897E+01   4.181978E+01   9.733044E-01   3.323647E-02
   8.530323E+01   4.195295E+01   9.588411E-01   3.301363E-02
   8.559852E+01   4.209575E+01   9.455736E-01   3.279661E-02
   8.589482E+01   4.219348E+01   9.332085E-01   3.258435E-02
   8.619215E+01   4.226337E+01   9.215035E-01   3.237575E-02
   8.649052E+01   4.224062E+01   9.109870E-01   3.217349E-02
   8.678991E+01   4.190530E+01   9.001032E-01   3.197108E-02
   8.709034E+01   4.157292E+01   8.890892E-01   3.176866E-02
   8.739181E+01   4.109860E+01   8.780480E-01   3.156710E-02
   8.769432E+01   4.059329E+01   8.664900E-01   3.136374E-02
   8.799789E+01   4.015046E+01   8.545561E-01   3.115894E-02
   8.830250E+01   3.981347E+01   8.429529E-01   3.095591E-02
   8.860816E+01   3.947984E+01   8.315471E-01   3.075434E-02
   8.891489E+01   3.919099E+01   8.203363E-01   3.055410E-02
   8.922267E+01   3.891002E+01   8.094023E-01   3.035569E-02
   8.953153E+01   3.863049E+01   7.986688E-01   3.015879E-02
   8.984145E+01   3.835227E+01   7.880947E-01   2.996319E-02
   9.015244E+01   3.807617E+01   7.775908E-01   2.976844E-02
   9.046451E+01   3.789476E+01   7.673244E-01   2.957515E-02
   9.077766E+01   3.772350E+01   7.575053E-01   2.938462E-02
   9.109190E+01   3.753703E+01   7.480596E-01   2.919657E-02
   9.140722E+01   3.732576E+01   7.388404E-01   2.901030E-02
   9.172363E+01   3.711531E+01   7.300091E-01   2.882659E-02
   9.204114E+01   3.673254E+01   7.213520E-01   2.864480E-02
   9.235975E+01   3.631787E+01   7.123847E-01   2.846202E-02
   9.267946E+01   3.590809E+01   7.033185E-01   2.827922E-02
   9.300028E+01   3.550506E+01   6.941686E-01   2.809647E-02
   9.332221E+01   3.510606E+01   6.847905E-01   2.791297E-02
   9.364525E+01   3.492367E+01   6.751983E-01   2.772825E-02
   9.396941E+01   3.485017E+01   6.662744E-01   2.754734E-02
   9.429469E+01   3.481027E+01   6.573518E-01   2.736684E-02
   9.462110E+01   3.509326E+01   6.491283E-01   2.718988E-02
   9.494864E+01   3.538823E+01   6.419088E-01   2.701898E-02
   9.527731E+01   3.570431E+01   6.353559E-01   2.685234E-02
   9.560712E+01   3.605409E+01   6.296765E-01   2.669113E-02
   9.593807E+01   3.639680E+01   6.250744E-01   2.653669E-02
   9.627017E+01   3.639919E+01   6.213487E-01   2.638884E-02
   9.660342E+01   3.627883E+01   6.174914E-01   2.624131E-02
   9.693782E+01   3.612071E+01   6.143641E-01   2.609882E-02
   9.727338E+01   3.558762E+01   6.113043E-01   2.595844E-02
   9.761010E+01   3.504055E+01   6.081158E-01   2.581810E-02
   9.794798E+01   3.450193E+01   6.053058E-01   2.568069E-02
   9.828704E+01   3.397522E+01   6.032771E-01   2.554856E-02
   9.862727E+01   3.345088E+01   6.024268E-01   2.542411E-02
   9.896867E+01   3.304945E+01   6.036831E-01   2.531257E-02
   9.931126E+01   3.272980E+01   6.096779E-01   2.522953E-02
   9.965504E+01   3.238586E+01   6.281390E-01   2.522023E-02
   1.000000E+02   3.221607E+01   7.172033E-01   2.561228E-02
