#============================================================================
# Opacities computed by OpTool        <a^n>=  4.0000E+0  4.0000E+0  4.0000E+0
# Method:   DHS  fmax=  0.990
# Parameters:
#   amin [um]=      4.000 amax [um]=      4.000  na  =    1     apow=   3.5    
#   lmin [um]=      0.100 lmax [um]=    100.000  nlam= 2000     nang=   180
#   porosity =      0.000 p_mantle =      0.000  fmax= 0.99     chop=   0.0
# Composition:
#  Where   mfrac  rho   Material
#  -----   -----  ----  -----------------------------------------------------
#  core    1.000  2.21  /Users/jvarga/Dokumentumok/MATISSE/pro/optool_misc_lnk//nk_annealed_sil.dat
#  - - -   - - -  -  -  - - - - - - - - - - - - - - - - - - - - - - - - - - -
#  grain   1.000  2.21  mixture of  1 materials
#----------------------------------------------------------------------------
# Command: /Users/jvarga/bin/optool -dhs 0.99 -l 0.1 100 2000 -a 4.000000 \
#   /Users/jvarga/Dokumentumok/MATISSE/pro/optool_misc_lnk//nk_annealed_sil.dat \
#   -o /Users/jvarga/Dokumentumok/MATISSE/pro/opacities/
#============================================================================
# Standard output file, no scattering matrix
#    iformat
#    nlambda
#    lambda[um]  kabs [cm^2/g]  ksca [cm^2/g]    g_asymmetry
#============================================================================
           3
        2000
   1.000000E-01   1.853192E+03   2.373680E+03   9.812013E-01
   1.003462E-01   1.852580E+03   2.375184E+03   9.812926E-01
   1.006935E-01   1.852013E+03   2.376763E+03   9.813378E-01
   1.010421E-01   1.851423E+03   2.378321E+03   9.811081E-01
   1.013918E-01   1.850806E+03   2.379941E+03   9.808192E-01
   1.017428E-01   1.850217E+03   2.381553E+03   9.810130E-01
   1.020950E-01   1.849593E+03   2.383223E+03   9.807637E-01
   1.024484E-01   1.848989E+03   2.384889E+03   9.809495E-01
   1.028031E-01   1.848379E+03   2.386650E+03   9.813682E-01
   1.031589E-01   1.847758E+03   2.388345E+03   9.808242E-01
   1.035160E-01   1.847124E+03   2.390105E+03   9.814326E-01
   1.038743E-01   1.846544E+03   2.391880E+03   9.815937E-01
   1.042339E-01   1.845913E+03   2.393756E+03   9.808839E-01
   1.045947E-01   1.845291E+03   2.395544E+03   9.813148E-01
   1.049568E-01   1.844666E+03   2.397411E+03   9.810776E-01
   1.053201E-01   1.844053E+03   2.399256E+03   9.811905E-01
   1.056847E-01   1.843429E+03   2.401146E+03   9.805839E-01
   1.060505E-01   1.842782E+03   2.403043E+03   9.813035E-01
   1.064176E-01   1.842184E+03   2.404929E+03   9.811367E-01
   1.067860E-01   1.841571E+03   2.406910E+03   9.812958E-01
   1.071556E-01   1.840974E+03   2.408862E+03   9.808096E-01
   1.075266E-01   1.840323E+03   2.410844E+03   9.810270E-01
   1.078988E-01   1.839688E+03   2.412789E+03   9.806946E-01
   1.082723E-01   1.839088E+03   2.414740E+03   9.814607E-01
   1.086471E-01   1.838480E+03   2.416778E+03   9.810552E-01
   1.090232E-01   1.837865E+03   2.418782E+03   9.812086E-01
   1.094006E-01   1.837224E+03   2.420799E+03   9.808116E-01
   1.097793E-01   1.836593E+03   2.422781E+03   9.810913E-01
   1.101593E-01   1.835978E+03   2.424768E+03   9.813530E-01
   1.105406E-01   1.835383E+03   2.426737E+03   9.812502E-01
   1.109232E-01   1.834768E+03   2.428700E+03   9.808552E-01
   1.113072E-01   1.834182E+03   2.430670E+03   9.810074E-01
   1.116925E-01   1.833577E+03   2.432691E+03   9.809821E-01
   1.120791E-01   1.832957E+03   2.434681E+03   9.808565E-01
   1.124671E-01   1.832351E+03   2.436584E+03   9.809707E-01
   1.128564E-01   1.831759E+03   2.438526E+03   9.809477E-01
   1.132471E-01   1.831170E+03   2.440454E+03   9.811682E-01
   1.136391E-01   1.830563E+03   2.442321E+03   9.808214E-01
   1.140325E-01   1.830007E+03   2.444234E+03   9.808277E-01
   1.144272E-01   1.829425E+03   2.446111E+03   9.808368E-01
   1.148233E-01   1.828855E+03   2.447936E+03   9.807837E-01
   1.152208E-01   1.828321E+03   2.449769E+03   9.808725E-01
   1.156196E-01   1.827740E+03   2.451575E+03   9.808432E-01
   1.160198E-01   1.827198E+03   2.453352E+03   9.808360E-01
   1.164215E-01   1.826636E+03   2.455159E+03   9.811681E-01
   1.168245E-01   1.826106E+03   2.456844E+03   9.808137E-01
   1.172289E-01   1.825583E+03   2.458598E+03   9.808722E-01
   1.176347E-01   1.825051E+03   2.460268E+03   9.807166E-01
   1.180419E-01   1.824530E+03   2.461936E+03   9.811812E-01
   1.184505E-01   1.824000E+03   2.463588E+03   9.811468E-01
   1.188605E-01   1.823504E+03   2.465201E+03   9.812458E-01
   1.192719E-01   1.823002E+03   2.466831E+03   9.809752E-01
   1.196848E-01   1.822469E+03   2.468409E+03   9.809242E-01
   1.200991E-01   1.822009E+03   2.469946E+03   9.809829E-01
   1.205148E-01   1.821462E+03   2.471536E+03   9.812542E-01
   1.209320E-01   1.820989E+03   2.473093E+03   9.810368E-01
   1.213506E-01   1.820489E+03   2.474551E+03   9.809554E-01
   1.217707E-01   1.819977E+03   2.476168E+03   9.813550E-01
   1.221922E-01   1.819503E+03   2.477606E+03   9.812279E-01
   1.226152E-01   1.819000E+03   2.479141E+03   9.809964E-01
   1.230396E-01   1.818504E+03   2.480653E+03   9.809041E-01
   1.234655E-01   1.817979E+03   2.482196E+03   9.814641E-01
   1.238929E-01   1.817501E+03   2.483632E+03   9.813537E-01
   1.243218E-01   1.816976E+03   2.485165E+03   9.815503E-01
   1.247521E-01   1.816498E+03   2.486695E+03   9.817229E-01
   1.251840E-01   1.815954E+03   2.488174E+03   9.816059E-01
   1.256173E-01   1.815449E+03   2.489665E+03   9.814331E-01
   1.260522E-01   1.814891E+03   2.491193E+03   9.814374E-01
   1.264885E-01   1.814364E+03   2.492712E+03   9.818172E-01
   1.269263E-01   1.813852E+03   2.494259E+03   9.815405E-01
   1.273657E-01   1.813279E+03   2.495788E+03   9.815699E-01
   1.278066E-01   1.812714E+03   2.497371E+03   9.816268E-01
   1.282490E-01   1.812165E+03   2.498906E+03   9.814903E-01
   1.286930E-01   1.811582E+03   2.500431E+03   9.822111E-01
   1.291384E-01   1.811039E+03   2.501982E+03   9.819384E-01
   1.295855E-01   1.810427E+03   2.503574E+03   9.816137E-01
   1.300340E-01   1.809856E+03   2.505097E+03   9.820678E-01
   1.304842E-01   1.809246E+03   2.506754E+03   9.822513E-01
   1.309358E-01   1.808652E+03   2.508291E+03   9.820966E-01
   1.313891E-01   1.808031E+03   2.509827E+03   9.819870E-01
   1.318439E-01   1.807456E+03   2.511355E+03   9.822220E-01
   1.323003E-01   1.806849E+03   2.512911E+03   9.821958E-01
   1.327583E-01   1.806234E+03   2.514431E+03   9.818389E-01
   1.332178E-01   1.805630E+03   2.515971E+03   9.823544E-01
   1.336790E-01   1.805018E+03   2.517533E+03   9.823973E-01
   1.341417E-01   1.804415E+03   2.519004E+03   9.822842E-01
   1.346060E-01   1.803789E+03   2.520502E+03   9.821854E-01
   1.350720E-01   1.803171E+03   2.521971E+03   9.825932E-01
   1.355395E-01   1.802556E+03   2.523448E+03   9.820856E-01
   1.360087E-01   1.801924E+03   2.524917E+03   9.824324E-01
   1.364795E-01   1.801299E+03   2.526323E+03   9.825826E-01
   1.369520E-01   1.800684E+03   2.527705E+03   9.824187E-01
   1.374260E-01   1.800049E+03   2.529096E+03   9.826184E-01
   1.379018E-01   1.799445E+03   2.530436E+03   9.823999E-01
   1.383791E-01   1.798797E+03   2.531821E+03   9.828023E-01
   1.388581E-01   1.798158E+03   2.533128E+03   9.826707E-01
   1.393388E-01   1.797522E+03   2.534394E+03   9.826409E-01
   1.398211E-01   1.796871E+03   2.535677E+03   9.828922E-01
   1.403051E-01   1.796231E+03   2.536879E+03   9.827165E-01
   1.407908E-01   1.795581E+03   2.538082E+03   9.827068E-01
   1.412782E-01   1.794943E+03   2.539244E+03   9.829659E-01
   1.417672E-01   1.794258E+03   2.540429E+03   9.830056E-01
   1.422579E-01   1.793615E+03   2.541507E+03   9.826436E-01
   1.427504E-01   1.792920E+03   2.542617E+03   9.829835E-01
   1.432445E-01   1.792268E+03   2.543631E+03   9.830801E-01
   1.437404E-01   1.791577E+03   2.544685E+03   9.825905E-01
   1.442379E-01   1.790928E+03   2.545617E+03   9.831349E-01
   1.447372E-01   1.790208E+03   2.546622E+03   9.827711E-01
   1.452383E-01   1.789524E+03   2.547488E+03   9.829237E-01
   1.457410E-01   1.788808E+03   2.548470E+03   9.829427E-01
   1.462455E-01   1.788134E+03   2.549331E+03   9.825424E-01
   1.467518E-01   1.787457E+03   2.550200E+03   9.831396E-01
   1.472597E-01   1.786746E+03   2.550976E+03   9.827829E-01
   1.477695E-01   1.786033E+03   2.551735E+03   9.825329E-01
   1.482810E-01   1.785331E+03   2.552528E+03   9.828124E-01
   1.487943E-01   1.784621E+03   2.553277E+03   9.826340E-01
   1.493094E-01   1.783940E+03   2.553975E+03   9.827406E-01
   1.498262E-01   1.783230E+03   2.554680E+03   9.824983E-01
   1.503448E-01   1.782542E+03   2.555326E+03   9.826964E-01
   1.508653E-01   1.781829E+03   2.555995E+03   9.827737E-01
   1.513875E-01   1.781092E+03   2.556676E+03   9.827956E-01
   1.519116E-01   1.780428E+03   2.557304E+03   9.829122E-01
   1.524374E-01   1.779692E+03   2.557955E+03   9.827260E-01
   1.529651E-01   1.778948E+03   2.558567E+03   9.828008E-01
   1.534946E-01   1.778264E+03   2.559157E+03   9.823743E-01
   1.540259E-01   1.777529E+03   2.559797E+03   9.824504E-01
   1.545591E-01   1.776767E+03   2.560365E+03   9.822231E-01
   1.550941E-01   1.776066E+03   2.560951E+03   9.824176E-01
   1.556310E-01   1.775303E+03   2.561656E+03   9.825501E-01
   1.561697E-01   1.774554E+03   2.562182E+03   9.826769E-01
   1.567103E-01   1.773813E+03   2.562782E+03   9.826142E-01
   1.572528E-01   1.773053E+03   2.563405E+03   9.823589E-01
   1.577971E-01   1.772296E+03   2.564028E+03   9.820042E-01
   1.583433E-01   1.771555E+03   2.564598E+03   9.819150E-01
   1.588915E-01   1.770762E+03   2.565204E+03   9.820441E-01
   1.594415E-01   1.769987E+03   2.565813E+03   9.823329E-01
   1.599934E-01   1.769239E+03   2.566461E+03   9.821806E-01
   1.605472E-01   1.768449E+03   2.567063E+03   9.819282E-01
   1.611030E-01   1.767670E+03   2.567792E+03   9.816498E-01
   1.616606E-01   1.766880E+03   2.568376E+03   9.815836E-01
   1.622202E-01   1.766062E+03   2.569048E+03   9.819945E-01
   1.627818E-01   1.765333E+03   2.569792E+03   9.819515E-01
   1.633453E-01   1.764492E+03   2.570382E+03   9.815124E-01
   1.639107E-01   1.763741E+03   2.571183E+03   9.811754E-01
   1.644781E-01   1.762971E+03   2.571873E+03   9.812467E-01
   1.650474E-01   1.762166E+03   2.572682E+03   9.814952E-01
   1.656188E-01   1.761341E+03   2.573425E+03   9.815348E-01
   1.661921E-01   1.760541E+03   2.574196E+03   9.808123E-01
   1.667674E-01   1.759780E+03   2.574993E+03   9.808388E-01
   1.673446E-01   1.758937E+03   2.575874E+03   9.811927E-01
   1.679239E-01   1.758177E+03   2.576843E+03   9.813157E-01
   1.685052E-01   1.757326E+03   2.577672E+03   9.808998E-01
   1.690885E-01   1.756555E+03   2.578653E+03   9.807255E-01
   1.696738E-01   1.755686E+03   2.579549E+03   9.811049E-01
   1.702611E-01   1.754877E+03   2.580564E+03   9.809992E-01
   1.708505E-01   1.754030E+03   2.581558E+03   9.804001E-01
   1.714419E-01   1.753224E+03   2.582593E+03   9.809909E-01
   1.720354E-01   1.752400E+03   2.583644E+03   9.803720E-01
   1.726309E-01   1.751618E+03   2.584817E+03   9.803518E-01
   1.732285E-01   1.750742E+03   2.585853E+03   9.807970E-01
   1.738281E-01   1.749924E+03   2.587144E+03   9.805271E-01
   1.744299E-01   1.749062E+03   2.588256E+03   9.800646E-01
   1.750337E-01   1.748220E+03   2.589462E+03   9.805890E-01
   1.756395E-01   1.747384E+03   2.590679E+03   9.809411E-01
   1.762475E-01   1.746541E+03   2.591927E+03   9.801884E-01
   1.768576E-01   1.745667E+03   2.593166E+03   9.800723E-01
   1.774698E-01   1.744881E+03   2.594465E+03   9.809876E-01
   1.780842E-01   1.744031E+03   2.595719E+03   9.802551E-01
   1.787006E-01   1.743195E+03   2.596977E+03   9.803889E-01
   1.793192E-01   1.742385E+03   2.598418E+03   9.805691E-01
   1.799399E-01   1.741527E+03   2.599739E+03   9.804398E-01
   1.805628E-01   1.740687E+03   2.601186E+03   9.799859E-01
   1.811878E-01   1.739835E+03   2.602623E+03   9.801478E-01
   1.818150E-01   1.739040E+03   2.604056E+03   9.800321E-01
   1.824444E-01   1.738140E+03   2.605489E+03   9.800930E-01
   1.830760E-01   1.737330E+03   2.606960E+03   9.794747E-01
   1.837097E-01   1.736518E+03   2.608493E+03   9.802486E-01
   1.843456E-01   1.735639E+03   2.609920E+03   9.799947E-01
   1.849837E-01   1.734781E+03   2.611522E+03   9.799410E-01
   1.856241E-01   1.733950E+03   2.613125E+03   9.804616E-01
   1.862666E-01   1.733128E+03   2.614706E+03   9.801555E-01
   1.869114E-01   1.732255E+03   2.616301E+03   9.805768E-01
   1.875584E-01   1.731398E+03   2.617893E+03   9.798901E-01
   1.882077E-01   1.730616E+03   2.619489E+03   9.802858E-01
   1.888592E-01   1.729764E+03   2.621097E+03   9.799462E-01
   1.895129E-01   1.728909E+03   2.622758E+03   9.799144E-01
   1.901689E-01   1.728086E+03   2.624482E+03   9.800829E-01
   1.908272E-01   1.727273E+03   2.626127E+03   9.801706E-01
   1.914878E-01   1.726429E+03   2.627756E+03   9.805637E-01
   1.921506E-01   1.725575E+03   2.629384E+03   9.802507E-01
   1.928158E-01   1.724734E+03   2.631054E+03   9.800693E-01
   1.934832E-01   1.723934E+03   2.632743E+03   9.801624E-01
   1.941530E-01   1.723110E+03   2.634446E+03   9.799648E-01
   1.948251E-01   1.722225E+03   2.636065E+03   9.799989E-01
   1.954995E-01   1.721414E+03   2.637669E+03   9.806829E-01
   1.961762E-01   1.720604E+03   2.639358E+03   9.806287E-01
   1.968553E-01   1.719768E+03   2.641086E+03   9.806119E-01
   1.975367E-01   1.718915E+03   2.642624E+03   9.803853E-01
   1.982205E-01   1.718081E+03   2.644152E+03   9.800946E-01
   1.989067E-01   1.717246E+03   2.645726E+03   9.803246E-01
   1.995952E-01   1.716418E+03   2.647310E+03   9.805323E-01
   2.002861E-01   1.715636E+03   2.648977E+03   9.807299E-01
   2.009794E-01   1.714747E+03   2.650544E+03   9.808455E-01
   2.016751E-01   1.713868E+03   2.651924E+03   9.805586E-01
   2.023732E-01   1.713035E+03   2.653293E+03   9.802937E-01
   2.030738E-01   1.712244E+03   2.654797E+03   9.805773E-01
   2.037767E-01   1.711403E+03   2.656245E+03   9.808450E-01
   2.044821E-01   1.710554E+03   2.657557E+03   9.807604E-01
   2.051899E-01   1.709713E+03   2.658767E+03   9.808317E-01
   2.059002E-01   1.708912E+03   2.660135E+03   9.805921E-01
   2.066130E-01   1.708048E+03   2.661437E+03   9.807388E-01
   2.073282E-01   1.707142E+03   2.662621E+03   9.809640E-01
   2.080459E-01   1.706281E+03   2.663696E+03   9.809302E-01
   2.087660E-01   1.705484E+03   2.664888E+03   9.807651E-01
   2.094887E-01   1.704618E+03   2.666115E+03   9.807275E-01
   2.102139E-01   1.703717E+03   2.666950E+03   9.812826E-01
   2.109415E-01   1.702892E+03   2.667818E+03   9.809355E-01
   2.116717E-01   1.702036E+03   2.668963E+03   9.810456E-01
   2.124044E-01   1.701087E+03   2.669738E+03   9.809912E-01
   2.131397E-01   1.700208E+03   2.670514E+03   9.809089E-01
   2.138775E-01   1.699364E+03   2.671546E+03   9.809814E-01
   2.146178E-01   1.698445E+03   2.672206E+03   9.807882E-01
   2.153608E-01   1.697585E+03   2.672723E+03   9.810944E-01
   2.161063E-01   1.696706E+03   2.673655E+03   9.808397E-01
   2.168543E-01   1.695773E+03   2.674135E+03   9.807971E-01
   2.176050E-01   1.694846E+03   2.674798E+03   9.810871E-01
   2.183582E-01   1.693978E+03   2.675348E+03   9.806902E-01
   2.191141E-01   1.693027E+03   2.675762E+03   9.808073E-01
   2.198726E-01   1.692102E+03   2.676185E+03   9.810006E-01
   2.206337E-01   1.691185E+03   2.676659E+03   9.808444E-01
   2.213974E-01   1.690207E+03   2.677036E+03   9.805385E-01
   2.221638E-01   1.689344E+03   2.677382E+03   9.804021E-01
   2.229329E-01   1.688365E+03   2.677599E+03   9.807287E-01
   2.237046E-01   1.687419E+03   2.677972E+03   9.800295E-01
   2.244789E-01   1.686489E+03   2.678123E+03   9.803673E-01
   2.252560E-01   1.685555E+03   2.678413E+03   9.808872E-01
   2.260357E-01   1.684563E+03   2.678527E+03   9.801979E-01
   2.268182E-01   1.683677E+03   2.678707E+03   9.801293E-01
   2.276033E-01   1.682630E+03   2.678881E+03   9.805834E-01
   2.283912E-01   1.681712E+03   2.678916E+03   9.794440E-01
   2.291818E-01   1.680736E+03   2.679038E+03   9.802020E-01
   2.299751E-01   1.679741E+03   2.679066E+03   9.803864E-01
   2.307712E-01   1.678754E+03   2.679178E+03   9.796465E-01
   2.315700E-01   1.677739E+03   2.679209E+03   9.798014E-01
   2.323716E-01   1.676811E+03   2.679187E+03   9.802626E-01
   2.331760E-01   1.675783E+03   2.679247E+03   9.795703E-01
   2.339832E-01   1.674779E+03   2.679347E+03   9.799615E-01
   2.347931E-01   1.673863E+03   2.679487E+03   9.790101E-01
   2.356059E-01   1.672833E+03   2.679318E+03   9.794764E-01
   2.364214E-01   1.671841E+03   2.679618E+03   9.790993E-01
   2.372398E-01   1.670878E+03   2.679535E+03   9.796036E-01
   2.380610E-01   1.669863E+03   2.679713E+03   9.788375E-01
   2.388851E-01   1.668850E+03   2.679664E+03   9.788369E-01
   2.397120E-01   1.667837E+03   2.679998E+03   9.794029E-01
   2.405418E-01   1.666893E+03   2.680012E+03   9.788734E-01
   2.413745E-01   1.665862E+03   2.680307E+03   9.792134E-01
   2.422100E-01   1.664936E+03   2.680459E+03   9.785940E-01
   2.430484E-01   1.663865E+03   2.680861E+03   9.788042E-01
   2.438898E-01   1.662902E+03   2.681053E+03   9.777130E-01
   2.447340E-01   1.661951E+03   2.681287E+03   9.788630E-01
   2.455812E-01   1.660907E+03   2.681757E+03   9.782743E-01
   2.464313E-01   1.659946E+03   2.682224E+03   9.788326E-01
   2.472843E-01   1.658981E+03   2.682580E+03   9.785890E-01
   2.481403E-01   1.657995E+03   2.683108E+03   9.781563E-01
   2.489993E-01   1.657006E+03   2.683602E+03   9.783692E-01
   2.498612E-01   1.656028E+03   2.684207E+03   9.778328E-01
   2.507261E-01   1.655057E+03   2.684851E+03   9.782630E-01
   2.515940E-01   1.654117E+03   2.685554E+03   9.780853E-01
   2.524650E-01   1.653191E+03   2.686098E+03   9.785260E-01
   2.533389E-01   1.652090E+03   2.686934E+03   9.780469E-01
   2.542158E-01   1.651203E+03   2.687838E+03   9.779768E-01
   2.550958E-01   1.650170E+03   2.688407E+03   9.779335E-01
   2.559789E-01   1.649257E+03   2.689523E+03   9.775881E-01
   2.568650E-01   1.648403E+03   2.690420E+03   9.789003E-01
   2.577541E-01   1.647361E+03   2.691030E+03   9.776289E-01
   2.586463E-01   1.646387E+03   2.692159E+03   9.781259E-01
   2.595417E-01   1.645433E+03   2.693081E+03   9.778430E-01
   2.604401E-01   1.644445E+03   2.694240E+03   9.776794E-01
   2.613416E-01   1.643585E+03   2.695246E+03   9.785163E-01
   2.622463E-01   1.642602E+03   2.696133E+03   9.777842E-01
   2.631541E-01   1.641634E+03   2.697151E+03   9.779216E-01
   2.640650E-01   1.640634E+03   2.698329E+03   9.781756E-01
   2.649791E-01   1.639667E+03   2.699372E+03   9.772331E-01
   2.658963E-01   1.638791E+03   2.700460E+03   9.787322E-01
   2.668168E-01   1.637764E+03   2.701629E+03   9.777715E-01
   2.677404E-01   1.636827E+03   2.702773E+03   9.777715E-01
   2.686672E-01   1.635952E+03   2.703601E+03   9.783300E-01
   2.695972E-01   1.634846E+03   2.704729E+03   9.774958E-01
   2.705304E-01   1.633937E+03   2.705916E+03   9.782696E-01
   2.714669E-01   1.632964E+03   2.706872E+03   9.781086E-01
   2.724066E-01   1.631970E+03   2.707881E+03   9.775856E-01
   2.733495E-01   1.630995E+03   2.708974E+03   9.780034E-01
   2.742958E-01   1.630048E+03   2.709975E+03   9.783996E-01
   2.752453E-01   1.629025E+03   2.710865E+03   9.773931E-01
   2.761981E-01   1.627999E+03   2.711963E+03   9.777871E-01
   2.771541E-01   1.627105E+03   2.712879E+03   9.782502E-01
   2.781135E-01   1.626087E+03   2.713546E+03   9.781793E-01
   2.790762E-01   1.624983E+03   2.714506E+03   9.777287E-01
   2.800423E-01   1.624007E+03   2.715339E+03   9.771058E-01
   2.810117E-01   1.623017E+03   2.716339E+03   9.778943E-01
   2.819844E-01   1.622014E+03   2.716958E+03   9.783602E-01
   2.829605E-01   1.620863E+03   2.717880E+03   9.773961E-01
   2.839400E-01   1.619953E+03   2.718648E+03   9.772498E-01
   2.849229E-01   1.618957E+03   2.719440E+03   9.778976E-01
   2.859092E-01   1.617840E+03   2.719905E+03   9.773391E-01
   2.868989E-01   1.616731E+03   2.720822E+03   9.770367E-01
   2.878920E-01   1.615821E+03   2.721749E+03   9.780747E-01
   2.888886E-01   1.614814E+03   2.722257E+03   9.777025E-01
   2.898886E-01   1.613711E+03   2.722752E+03   9.769160E-01
   2.908921E-01   1.612667E+03   2.723523E+03   9.773828E-01
   2.918990E-01   1.611602E+03   2.724108E+03   9.773164E-01
   2.929094E-01   1.610596E+03   2.724726E+03   9.765754E-01
   2.939234E-01   1.609465E+03   2.725399E+03   9.770399E-01
   2.949408E-01   1.608443E+03   2.725936E+03   9.774571E-01
   2.959618E-01   1.607419E+03   2.726752E+03   9.769704E-01
   2.969863E-01   1.606405E+03   2.727264E+03   9.767930E-01
   2.980143E-01   1.605296E+03   2.727678E+03   9.774893E-01
   2.990459E-01   1.604254E+03   2.728405E+03   9.766506E-01
   3.000811E-01   1.603154E+03   2.728814E+03   9.764343E-01
   3.011198E-01   1.602067E+03   2.729620E+03   9.767629E-01
   3.021622E-01   1.601138E+03   2.730246E+03   9.766456E-01
   3.032081E-01   1.600023E+03   2.730656E+03   9.762628E-01
   3.042577E-01   1.598981E+03   2.731256E+03   9.766072E-01
   3.053109E-01   1.597971E+03   2.731854E+03   9.764728E-01
   3.063678E-01   1.596902E+03   2.732499E+03   9.763063E-01
   3.074283E-01   1.595863E+03   2.733368E+03   9.765503E-01
   3.084925E-01   1.594951E+03   2.733952E+03   9.759725E-01
   3.095604E-01   1.593876E+03   2.734753E+03   9.765061E-01
   3.106320E-01   1.592939E+03   2.735313E+03   9.764591E-01
   3.117072E-01   1.591834E+03   2.735993E+03   9.756973E-01
   3.127862E-01   1.590858E+03   2.736493E+03   9.761725E-01
   3.138690E-01   1.589775E+03   2.737071E+03   9.759980E-01
   3.149554E-01   1.588704E+03   2.737688E+03   9.760204E-01
   3.160457E-01   1.587713E+03   2.738350E+03   9.762085E-01
   3.171397E-01   1.586657E+03   2.738918E+03   9.759207E-01
   3.182375E-01   1.585709E+03   2.739698E+03   9.759339E-01
   3.193391E-01   1.584728E+03   2.740382E+03   9.762186E-01
   3.204445E-01   1.583636E+03   2.740978E+03   9.756484E-01
   3.215538E-01   1.582690E+03   2.741654E+03   9.761609E-01
   3.226669E-01   1.581604E+03   2.742020E+03   9.759490E-01
   3.237838E-01   1.580555E+03   2.742756E+03   9.755819E-01
   3.249046E-01   1.579488E+03   2.743097E+03   9.761588E-01
   3.260293E-01   1.578524E+03   2.743626E+03   9.756310E-01
   3.271579E-01   1.577536E+03   2.744333E+03   9.759915E-01
   3.282904E-01   1.576490E+03   2.744930E+03   9.756683E-01
   3.294268E-01   1.575572E+03   2.745648E+03   9.759352E-01
   3.305671E-01   1.574412E+03   2.746096E+03   9.757103E-01
   3.317114E-01   1.573422E+03   2.746588E+03   9.756886E-01
   3.328596E-01   1.572311E+03   2.746912E+03   9.754624E-01
   3.340119E-01   1.571391E+03   2.747356E+03   9.757197E-01
   3.351681E-01   1.570277E+03   2.747978E+03   9.759773E-01
   3.363283E-01   1.569175E+03   2.748448E+03   9.750490E-01
   3.374925E-01   1.568136E+03   2.748688E+03   9.756846E-01
   3.386608E-01   1.567060E+03   2.748930E+03   9.754306E-01
   3.398331E-01   1.566019E+03   2.749395E+03   9.753101E-01
   3.410094E-01   1.564950E+03   2.750072E+03   9.759033E-01
   3.421899E-01   1.563920E+03   2.750247E+03   9.748622E-01
   3.433744E-01   1.562871E+03   2.750900E+03   9.756807E-01
   3.445630E-01   1.561694E+03   2.751154E+03   9.751219E-01
   3.457557E-01   1.560699E+03   2.751602E+03   9.748645E-01
   3.469526E-01   1.559583E+03   2.751872E+03   9.750719E-01
   3.481536E-01   1.558558E+03   2.752384E+03   9.752212E-01
   3.493588E-01   1.557438E+03   2.752664E+03   9.746444E-01
   3.505681E-01   1.556398E+03   2.753042E+03   9.753800E-01
   3.517816E-01   1.555399E+03   2.753505E+03   9.750394E-01
   3.529993E-01   1.554196E+03   2.754075E+03   9.741581E-01
   3.542213E-01   1.553133E+03   2.754255E+03   9.750456E-01
   3.554474E-01   1.552050E+03   2.754558E+03   9.745784E-01
   3.566778E-01   1.551011E+03   2.754892E+03   9.742968E-01
   3.579125E-01   1.549951E+03   2.755385E+03   9.744178E-01
   3.591515E-01   1.548870E+03   2.755813E+03   9.753471E-01
   3.603947E-01   1.547817E+03   2.755993E+03   9.736080E-01
   3.616422E-01   1.546766E+03   2.756504E+03   9.749155E-01
   3.628941E-01   1.545683E+03   2.757175E+03   9.746328E-01
   3.641503E-01   1.544654E+03   2.757306E+03   9.741976E-01
   3.654108E-01   1.543502E+03   2.757716E+03   9.742829E-01
   3.666757E-01   1.542557E+03   2.758161E+03   9.749386E-01
   3.679450E-01   1.541470E+03   2.758657E+03   9.738759E-01
   3.692187E-01   1.540379E+03   2.759219E+03   9.745356E-01
   3.704967E-01   1.539202E+03   2.759280E+03   9.737000E-01
   3.717792E-01   1.538327E+03   2.759669E+03   9.750236E-01
   3.730662E-01   1.537235E+03   2.760156E+03   9.735251E-01
   3.743576E-01   1.536268E+03   2.760846E+03   9.739932E-01
   3.756535E-01   1.535090E+03   2.761165E+03   9.748049E-01
   3.769538E-01   1.534073E+03   2.761592E+03   9.738403E-01
   3.782587E-01   1.533010E+03   2.761992E+03   9.734050E-01
   3.795680E-01   1.532011E+03   2.762679E+03   9.745714E-01
   3.808820E-01   1.530772E+03   2.762895E+03   9.741641E-01
   3.822004E-01   1.529861E+03   2.763032E+03   9.735529E-01
   3.835234E-01   1.528807E+03   2.764092E+03   9.739696E-01
   3.848510E-01   1.527693E+03   2.764127E+03   9.739230E-01
   3.861832E-01   1.526643E+03   2.764499E+03   9.744748E-01
   3.875200E-01   1.525693E+03   2.765394E+03   9.733013E-01
   3.888615E-01   1.524539E+03   2.765886E+03   9.736332E-01
   3.902075E-01   1.523370E+03   2.766006E+03   9.735504E-01
   3.915583E-01   1.522394E+03   2.766510E+03   9.747982E-01
   3.929137E-01   1.521339E+03   2.767188E+03   9.730429E-01
   3.942738E-01   1.520262E+03   2.767766E+03   9.730998E-01
   3.956386E-01   1.519042E+03   2.767857E+03   9.742178E-01
   3.970081E-01   1.518109E+03   2.768570E+03   9.734878E-01
   3.983824E-01   1.516974E+03   2.769088E+03   9.733882E-01
   3.997614E-01   1.515830E+03   2.769327E+03   9.725240E-01
   4.011452E-01   1.514883E+03   2.769976E+03   9.740217E-01
   4.025338E-01   1.513694E+03   2.770454E+03   9.735887E-01
   4.039272E-01   1.512647E+03   2.771113E+03   9.730853E-01
   4.053255E-01   1.511597E+03   2.771215E+03   9.730168E-01
   4.067285E-01   1.510568E+03   2.772035E+03   9.726770E-01
   4.081365E-01   1.509352E+03   2.772531E+03   9.734868E-01
   4.095493E-01   1.508321E+03   2.772699E+03   9.734753E-01
   4.109670E-01   1.507310E+03   2.773753E+03   9.731966E-01
   4.123896E-01   1.506091E+03   2.773722E+03   9.728596E-01
   4.138171E-01   1.505169E+03   2.774168E+03   9.720577E-01
   4.152495E-01   1.504105E+03   2.774964E+03   9.733923E-01
   4.166870E-01   1.502968E+03   2.775464E+03   9.730320E-01
   4.181294E-01   1.501871E+03   2.775962E+03   9.733071E-01
   4.195767E-01   1.500874E+03   2.776126E+03   9.725003E-01
   4.210291E-01   1.499792E+03   2.776823E+03   9.720523E-01
   4.224866E-01   1.498643E+03   2.777282E+03   9.725906E-01
   4.239490E-01   1.497688E+03   2.777574E+03   9.731947E-01
   4.254166E-01   1.496681E+03   2.778361E+03   9.728136E-01
   4.268892E-01   1.495430E+03   2.778754E+03   9.731440E-01
   4.283669E-01   1.494378E+03   2.778574E+03   9.717317E-01
   4.298497E-01   1.493573E+03   2.779731E+03   9.724416E-01
   4.313377E-01   1.492243E+03   2.780070E+03   9.722866E-01
   4.328308E-01   1.491225E+03   2.780106E+03   9.723853E-01
   4.343291E-01   1.490226E+03   2.780911E+03   9.728186E-01
   4.358325E-01   1.489102E+03   2.780805E+03   9.729341E-01
   4.373412E-01   1.488075E+03   2.781763E+03   9.719395E-01
   4.388551E-01   1.486944E+03   2.781808E+03   9.724923E-01
   4.403742E-01   1.485903E+03   2.782099E+03   9.719780E-01
   4.418986E-01   1.484832E+03   2.782810E+03   9.717286E-01
   4.434283E-01   1.483708E+03   2.782807E+03   9.724821E-01
   4.449633E-01   1.482684E+03   2.783090E+03   9.718923E-01
   4.465035E-01   1.481623E+03   2.783768E+03   9.720688E-01
   4.480492E-01   1.480449E+03   2.783913E+03   9.724611E-01
   4.496001E-01   1.479368E+03   2.784080E+03   9.719063E-01
   4.511564E-01   1.478349E+03   2.784547E+03   9.718434E-01
   4.527182E-01   1.477268E+03   2.784748E+03   9.722639E-01
   4.542853E-01   1.476158E+03   2.785167E+03   9.717244E-01
   4.558578E-01   1.475013E+03   2.785272E+03   9.714454E-01
   4.574358E-01   1.474031E+03   2.785444E+03   9.722216E-01
   4.590193E-01   1.472878E+03   2.785950E+03   9.717956E-01
   4.606082E-01   1.471792E+03   2.786288E+03   9.712269E-01
   4.622026E-01   1.470669E+03   2.786362E+03   9.720237E-01
   4.638026E-01   1.469655E+03   2.786542E+03   9.714032E-01
   4.654081E-01   1.468633E+03   2.786842E+03   9.712525E-01
   4.670191E-01   1.467397E+03   2.787385E+03   9.715755E-01
   4.686358E-01   1.466328E+03   2.787066E+03   9.714039E-01
   4.702580E-01   1.465419E+03   2.787958E+03   9.712870E-01
   4.718858E-01   1.464111E+03   2.787568E+03   9.712445E-01
   4.735193E-01   1.463163E+03   2.788346E+03   9.715100E-01
   4.751584E-01   1.462037E+03   2.788239E+03   9.713656E-01
   4.768032E-01   1.461034E+03   2.788964E+03   9.708612E-01
   4.784537E-01   1.459785E+03   2.788553E+03   9.714617E-01
   4.801099E-01   1.458837E+03   2.789222E+03   9.714435E-01
   4.817719E-01   1.457784E+03   2.789309E+03   9.707429E-01
   4.834395E-01   1.456627E+03   2.789799E+03   9.711384E-01
   4.851130E-01   1.455518E+03   2.789724E+03   9.713765E-01
   4.867923E-01   1.454499E+03   2.790331E+03   9.708860E-01
   4.884773E-01   1.453330E+03   2.790428E+03   9.707796E-01
   4.901682E-01   1.452344E+03   2.790463E+03   9.709874E-01
   4.918650E-01   1.451228E+03   2.791155E+03   9.710613E-01
   4.935676E-01   1.450076E+03   2.791072E+03   9.709248E-01
   4.952762E-01   1.449094E+03   2.791624E+03   9.705304E-01
   4.969906E-01   1.447865E+03   2.791561E+03   9.706308E-01
   4.987110E-01   1.446916E+03   2.792190E+03   9.711576E-01
   5.004373E-01   1.445719E+03   2.792164E+03   9.706358E-01
   5.021696E-01   1.444641E+03   2.792513E+03   9.702482E-01
   5.039079E-01   1.443508E+03   2.792738E+03   9.705329E-01
   5.056522E-01   1.442563E+03   2.793301E+03   9.709957E-01
   5.074026E-01   1.441261E+03   2.793262E+03   9.703754E-01
   5.091590E-01   1.440284E+03   2.793598E+03   9.700650E-01
   5.109215E-01   1.439182E+03   2.793733E+03   9.704302E-01
   5.126901E-01   1.438139E+03   2.794294E+03   9.706303E-01
   5.144648E-01   1.436755E+03   2.794255E+03   9.702675E-01
   5.162457E-01   1.435924E+03   2.794637E+03   9.701193E-01
   5.180327E-01   1.434738E+03   2.794913E+03   9.700472E-01
   5.198259E-01   1.433753E+03   2.795213E+03   9.701932E-01
   5.216253E-01   1.432470E+03   2.795122E+03   9.702940E-01
   5.234310E-01   1.431457E+03   2.796010E+03   9.701388E-01
   5.252429E-01   1.430275E+03   2.795786E+03   9.699681E-01
   5.270611E-01   1.429237E+03   2.796259E+03   9.696235E-01
   5.288855E-01   1.428198E+03   2.795965E+03   9.699340E-01
   5.307163E-01   1.427133E+03   2.796813E+03   9.701793E-01
   5.325534E-01   1.425882E+03   2.796953E+03   9.700917E-01
   5.343969E-01   1.424828E+03   2.797022E+03   9.697319E-01
   5.362468E-01   1.423689E+03   2.797482E+03   9.693761E-01
   5.381030E-01   1.422634E+03   2.797349E+03   9.695814E-01
   5.399657E-01   1.421488E+03   2.797929E+03   9.697182E-01
   5.418348E-01   1.420667E+03   2.797936E+03   9.701615E-01
   5.437105E-01   1.419191E+03   2.798119E+03   9.696514E-01
   5.455926E-01   1.418318E+03   2.798653E+03   9.693635E-01
   5.474812E-01   1.417043E+03   2.798503E+03   9.692935E-01
   5.493763E-01   1.416102E+03   2.798892E+03   9.693642E-01
   5.512780E-01   1.414871E+03   2.799046E+03   9.694609E-01
   5.531863E-01   1.413751E+03   2.799331E+03   9.694647E-01
   5.551012E-01   1.412832E+03   2.799444E+03   9.696427E-01
   5.570228E-01   1.411610E+03   2.799695E+03   9.693329E-01
   5.589509E-01   1.410532E+03   2.799874E+03   9.692666E-01
   5.608858E-01   1.409328E+03   2.799750E+03   9.689506E-01
   5.628273E-01   1.408261E+03   2.800519E+03   9.689304E-01
   5.647756E-01   1.407310E+03   2.800084E+03   9.692799E-01
   5.667306E-01   1.405873E+03   2.800524E+03   9.689884E-01
   5.686924E-01   1.405125E+03   2.800810E+03   9.692196E-01
   5.706610E-01   1.403738E+03   2.800624E+03   9.690081E-01
   5.726364E-01   1.402827E+03   2.801155E+03   9.689211E-01
   5.746186E-01   1.401493E+03   2.800829E+03   9.688339E-01
   5.766077E-01   1.400626E+03   2.801226E+03   9.689007E-01
   5.786037E-01   1.399375E+03   2.801123E+03   9.690794E-01
   5.806066E-01   1.398369E+03   2.801689E+03   9.688875E-01
   5.826164E-01   1.397045E+03   2.801294E+03   9.687268E-01
   5.846332E-01   1.396135E+03   2.801894E+03   9.685892E-01
   5.866569E-01   1.394968E+03   2.801312E+03   9.684532E-01
   5.886877E-01   1.393930E+03   2.801984E+03   9.684400E-01
   5.907255E-01   1.392776E+03   2.801548E+03   9.684104E-01
   5.927703E-01   1.391563E+03   2.802098E+03   9.682127E-01
   5.948222E-01   1.390579E+03   2.802045E+03   9.683689E-01
   5.968813E-01   1.389412E+03   2.802086E+03   9.683349E-01
   5.989474E-01   1.388383E+03   2.801913E+03   9.684080E-01
   6.010207E-01   1.387214E+03   2.802041E+03   9.683090E-01
   6.031012E-01   1.386270E+03   2.802196E+03   9.683090E-01
   6.051889E-01   1.384952E+03   2.801846E+03   9.682869E-01
   6.072838E-01   1.383894E+03   2.802813E+03   9.679732E-01
   6.093860E-01   1.382882E+03   2.801874E+03   9.683385E-01
   6.114954E-01   1.381599E+03   2.802290E+03   9.680044E-01
   6.136121E-01   1.380781E+03   2.802419E+03   9.680510E-01
   6.157362E-01   1.379526E+03   2.801874E+03   9.681138E-01
   6.178676E-01   1.378390E+03   2.802408E+03   9.678019E-01
   6.200064E-01   1.377417E+03   2.802437E+03   9.679682E-01
   6.221526E-01   1.376241E+03   2.802104E+03   9.679336E-01
   6.243063E-01   1.375128E+03   2.802399E+03   9.677228E-01
   6.264674E-01   1.374018E+03   2.802188E+03   9.677946E-01
   6.286359E-01   1.372857E+03   2.802082E+03   9.676759E-01
   6.308120E-01   1.371877E+03   2.802170E+03   9.676234E-01
   6.329956E-01   1.370791E+03   2.802217E+03   9.676903E-01
   6.351868E-01   1.369774E+03   2.802219E+03   9.676386E-01
   6.373855E-01   1.368497E+03   2.801677E+03   9.675418E-01
   6.395919E-01   1.367357E+03   2.802207E+03   9.673523E-01
   6.418059E-01   1.366467E+03   2.801998E+03   9.674669E-01
   6.440276E-01   1.365318E+03   2.801886E+03   9.674143E-01
   6.462569E-01   1.364232E+03   2.801979E+03   9.673698E-01
   6.484940E-01   1.363102E+03   2.801842E+03   9.672751E-01
   6.507388E-01   1.361981E+03   2.801295E+03   9.672913E-01
   6.529914E-01   1.360870E+03   2.801708E+03   9.670487E-01
   6.552518E-01   1.360031E+03   2.801849E+03   9.672176E-01
   6.575200E-01   1.358808E+03   2.801365E+03   9.672570E-01
   6.597960E-01   1.357620E+03   2.801457E+03   9.670356E-01
   6.620800E-01   1.356654E+03   2.801336E+03   9.669588E-01
   6.643718E-01   1.355466E+03   2.800953E+03   9.669399E-01
   6.666716E-01   1.354491E+03   2.801414E+03   9.668901E-01
   6.689793E-01   1.353518E+03   2.800825E+03   9.670001E-01
   6.712951E-01   1.352168E+03   2.800698E+03   9.667733E-01
   6.736188E-01   1.351290E+03   2.801300E+03   9.666854E-01
   6.759506E-01   1.350367E+03   2.800566E+03   9.669725E-01
   6.782905E-01   1.349021E+03   2.800396E+03   9.666820E-01
   6.806384E-01   1.348035E+03   2.800968E+03   9.665703E-01
   6.829945E-01   1.347073E+03   2.800337E+03   9.667416E-01
   6.853587E-01   1.345825E+03   2.799861E+03   9.664475E-01
   6.877312E-01   1.344816E+03   2.800346E+03   9.663272E-01
   6.901118E-01   1.343959E+03   2.800300E+03   9.665598E-01
   6.925007E-01   1.342751E+03   2.799785E+03   9.665641E-01
   6.948978E-01   1.341662E+03   2.799837E+03   9.664067E-01
   6.973033E-01   1.340637E+03   2.799747E+03   9.662907E-01
   6.997171E-01   1.339567E+03   2.799667E+03   9.661925E-01
   7.021392E-01   1.338555E+03   2.799153E+03   9.663222E-01
   7.045697E-01   1.337385E+03   2.799130E+03   9.661155E-01
   7.070086E-01   1.336475E+03   2.799692E+03   9.659579E-01
   7.094560E-01   1.335525E+03   2.799227E+03   9.662895E-01
   7.119118E-01   1.334344E+03   2.798901E+03   9.662039E-01
   7.143762E-01   1.333271E+03   2.798634E+03   9.659176E-01
   7.168490E-01   1.332144E+03   2.798499E+03   9.657833E-01
   7.193305E-01   1.331296E+03   2.798549E+03   9.659204E-01
   7.218205E-01   1.330308E+03   2.798241E+03   9.658806E-01
   7.243191E-01   1.329152E+03   2.798350E+03   9.657481E-01
   7.268264E-01   1.328169E+03   2.798499E+03   9.658565E-01
   7.293424E-01   1.327119E+03   2.797816E+03   9.658062E-01
   7.318671E-01   1.325814E+03   2.797302E+03   9.654708E-01
   7.344005E-01   1.324924E+03   2.797825E+03   9.653498E-01
   7.369427E-01   1.324246E+03   2.797646E+03   9.656318E-01
   7.394937E-01   1.323172E+03   2.797002E+03   9.657331E-01
   7.420535E-01   1.321940E+03   2.796886E+03   9.655181E-01
   7.446222E-01   1.320900E+03   2.797206E+03   9.653058E-01
   7.471998E-01   1.320036E+03   2.796950E+03   9.653047E-01
   7.497862E-01   1.318943E+03   2.796135E+03   9.654040E-01
   7.523817E-01   1.317795E+03   2.796284E+03   9.652142E-01
   7.549861E-01   1.316970E+03   2.796671E+03   9.650515E-01
   7.575996E-01   1.316014E+03   2.795726E+03   9.652236E-01
   7.602221E-01   1.314740E+03   2.795302E+03   9.650942E-01
   7.628536E-01   1.313947E+03   2.795769E+03   9.649444E-01
   7.654943E-01   1.313150E+03   2.795080E+03   9.651392E-01
   7.681441E-01   1.311896E+03   2.794757E+03   9.650093E-01
   7.708031E-01   1.310900E+03   2.795226E+03   9.648398E-01
   7.734713E-01   1.309992E+03   2.794734E+03   9.648752E-01
   7.761488E-01   1.308740E+03   2.793837E+03   9.647253E-01
   7.788355E-01   1.307706E+03   2.794013E+03   9.645224E-01
   7.815315E-01   1.307128E+03   2.793926E+03   9.646939E-01
   7.842368E-01   1.306164E+03   2.792900E+03   9.648248E-01
   7.869515E-01   1.304889E+03   2.792971E+03   9.644747E-01
   7.896756E-01   1.304076E+03   2.793409E+03   9.644220E-01
   7.924091E-01   1.303219E+03   2.792518E+03   9.646882E-01
   7.951521E-01   1.301977E+03   2.791506E+03   9.645026E-01
   7.979046E-01   1.300837E+03   2.791442E+03   9.641397E-01
   8.006666E-01   1.300039E+03   2.791807E+03   9.640829E-01
   8.034382E-01   1.299359E+03   2.791370E+03   9.642901E-01
   8.062194E-01   1.298264E+03   2.790143E+03   9.643424E-01
   8.090102E-01   1.296972E+03   2.789932E+03   9.640128E-01
   8.118106E-01   1.296117E+03   2.790357E+03   9.638355E-01
   8.146208E-01   1.295379E+03   2.789694E+03   9.639998E-01
   8.174406E-01   1.294292E+03   2.788563E+03   9.640508E-01
   8.202703E-01   1.293230E+03   2.788331E+03   9.638809E-01
   8.231097E-01   1.292411E+03   2.788293E+03   9.637604E-01
   8.259590E-01   1.291507E+03   2.787648E+03   9.637565E-01
   8.288181E-01   1.290455E+03   2.786801E+03   9.637551E-01
   8.316871E-01   1.289411E+03   2.786233E+03   9.635860E-01
   8.345661E-01   1.288477E+03   2.786045E+03   9.633372E-01
   8.374550E-01   1.287664E+03   2.785720E+03   9.633750E-01
   8.403539E-01   1.286764E+03   2.784972E+03   9.635708E-01
   8.432629E-01   1.285692E+03   2.784298E+03   9.635122E-01
   8.461819E-01   1.284656E+03   2.783873E+03   9.632557E-01
   8.491110E-01   1.283735E+03   2.783265E+03   9.630890E-01
   8.520503E-01   1.282790E+03   2.782342E+03   9.630846E-01
   8.549997E-01   1.281798E+03   2.781746E+03   9.629671E-01
   8.579594E-01   1.280970E+03   2.781423E+03   9.628428E-01
   8.609293E-01   1.280159E+03   2.780615E+03   9.630131E-01
   8.639095E-01   1.279154E+03   2.779787E+03   9.631045E-01
   8.669000E-01   1.278129E+03   2.779367E+03   9.628478E-01
   8.699008E-01   1.277174E+03   2.778745E+03   9.626086E-01
   8.729120E-01   1.276173E+03   2.777754E+03   9.625732E-01
   8.759337E-01   1.275193E+03   2.776806E+03   9.625410E-01
   8.789658E-01   1.274300E+03   2.775976E+03   9.624443E-01
   8.820084E-01   1.273450E+03   2.775277E+03   9.623325E-01
   8.850616E-01   1.272608E+03   2.774604E+03   9.622715E-01
   8.881253E-01   1.271668E+03   2.773953E+03   9.622215E-01
   8.911996E-01   1.270712E+03   2.773398E+03   9.622013E-01
   8.942846E-01   1.269800E+03   2.772433E+03   9.622946E-01
   8.973802E-01   1.268737E+03   2.771134E+03   9.622306E-01
   9.004866E-01   1.267644E+03   2.770305E+03   9.618375E-01
   9.036037E-01   1.266777E+03   2.769666E+03   9.615702E-01
   9.067316E-01   1.265951E+03   2.768646E+03   9.616273E-01
   9.098703E-01   1.264988E+03   2.767632E+03   9.616712E-01
   9.130199E-01   1.264065E+03   2.766891E+03   9.615750E-01
   9.161804E-01   1.263209E+03   2.765876E+03   9.615237E-01
   9.193518E-01   1.262220E+03   2.764645E+03   9.614505E-01
   9.225342E-01   1.261215E+03   2.763821E+03   9.612882E-01
   9.257277E-01   1.260419E+03   2.763146E+03   9.611896E-01
   9.289321E-01   1.259628E+03   2.761969E+03   9.612017E-01
   9.321477E-01   1.258584E+03   2.760656E+03   9.611510E-01
   9.353744E-01   1.257486E+03   2.759869E+03   9.609812E-01
   9.386123E-01   1.256578E+03   2.759197E+03   9.608528E-01
   9.418614E-01   1.255704E+03   2.758027E+03   9.608044E-01
   9.451217E-01   1.254702E+03   2.756622E+03   9.606842E-01
   9.483933E-01   1.253667E+03   2.755520E+03   9.604448E-01
   9.516763E-01   1.252771E+03   2.754672E+03   9.602921E-01
   9.549706E-01   1.251984E+03   2.753640E+03   9.603647E-01
   9.582763E-01   1.251122E+03   2.752299E+03   9.604495E-01
   9.615934E-01   1.250100E+03   2.751056E+03   9.602381E-01
   9.649221E-01   1.249052E+03   2.750218E+03   9.598914E-01
   9.682622E-01   1.248120E+03   2.749596E+03   9.597698E-01
   9.716140E-01   1.247314E+03   2.748621E+03   9.599528E-01
   9.749773E-01   1.246401E+03   2.746925E+03   9.601451E-01
   9.783522E-01   1.245258E+03   2.745263E+03   9.599322E-01
   9.817389E-01   1.244199E+03   2.744313E+03   9.594174E-01
   9.851373E-01   1.243391E+03   2.743500E+03   9.591117E-01
   9.885474E-01   1.242564E+03   2.742352E+03   9.591422E-01
   9.919693E-01   1.241579E+03   2.741264E+03   9.591930E-01
   9.954031E-01   1.240638E+03   2.740370E+03   9.591537E-01
   9.988488E-01   1.239768E+03   2.739182E+03   9.591332E-01
   1.002306E+00   1.238766E+03   2.737731E+03   9.590642E-01
   1.005776E+00   1.237669E+03   2.736548E+03   9.588904E-01
   1.009258E+00   1.236667E+03   2.735645E+03   9.587509E-01
   1.012751E+00   1.235777E+03   2.734636E+03   9.586802E-01
   1.016257E+00   1.234861E+03   2.733369E+03   9.585345E-01
   1.019775E+00   1.233850E+03   2.732066E+03   9.582391E-01
   1.023305E+00   1.232825E+03   2.730887E+03   9.579573E-01
   1.026847E+00   1.231824E+03   2.729739E+03   9.578692E-01
   1.030402E+00   1.230807E+03   2.728674E+03   9.578746E-01
   1.033968E+00   1.229816E+03   2.727827E+03   9.577869E-01
   1.037548E+00   1.228934E+03   2.726965E+03   9.576466E-01
   1.041139E+00   1.228106E+03   2.725742E+03   9.576196E-01
   1.044743E+00   1.227194E+03   2.724268E+03   9.577123E-01
   1.048360E+00   1.226153E+03   2.723062E+03   9.576830E-01
   1.051989E+00   1.225119E+03   2.722390E+03   9.574042E-01
   1.055630E+00   1.224203E+03   2.721738E+03   9.571280E-01
   1.059284E+00   1.223266E+03   2.720516E+03   9.570599E-01
   1.062951E+00   1.222118E+03   2.718921E+03   9.570346E-01
   1.066631E+00   1.220830E+03   2.717633E+03   9.568178E-01
   1.070323E+00   1.219643E+03   2.716861E+03   9.564705E-01
   1.074028E+00   1.218676E+03   2.716311E+03   9.561927E-01
   1.077746E+00   1.217884E+03   2.715630E+03   9.560867E-01
   1.081476E+00   1.217116E+03   2.714597E+03   9.561129E-01
   1.085220E+00   1.216210E+03   2.713318E+03   9.561402E-01
   1.088977E+00   1.215129E+03   2.712168E+03   9.560725E-01
   1.092746E+00   1.213981E+03   2.711383E+03   9.559122E-01
   1.096529E+00   1.212900E+03   2.710794E+03   9.557432E-01
   1.100324E+00   1.211897E+03   2.710022E+03   9.556281E-01
   1.104133E+00   1.210873E+03   2.708882E+03   9.555444E-01
   1.107955E+00   1.209748E+03   2.707588E+03   9.554425E-01
   1.111791E+00   1.208567E+03   2.706592E+03   9.552825E-01
   1.115639E+00   1.207467E+03   2.706169E+03   9.550324E-01
   1.119501E+00   1.206550E+03   2.706085E+03   9.547440E-01
   1.123376E+00   1.205755E+03   2.705725E+03   9.545780E-01
   1.127265E+00   1.204874E+03   2.704702E+03   9.546226E-01
   1.131167E+00   1.203743E+03   2.703274E+03   9.547487E-01
   1.135083E+00   1.202414E+03   2.702063E+03   9.547245E-01
   1.139012E+00   1.201080E+03   2.701422E+03   9.544440E-01
   1.142955E+00   1.199882E+03   2.701237E+03   9.539947E-01
   1.146911E+00   1.198850E+03   2.701159E+03   9.535710E-01
   1.150881E+00   1.197931E+03   2.700829E+03   9.533636E-01
   1.154865E+00   1.197017E+03   2.700109E+03   9.534188E-01
   1.158863E+00   1.196020E+03   2.699219E+03   9.535844E-01
   1.162874E+00   1.194945E+03   2.698492E+03   9.536617E-01
   1.166900E+00   1.193835E+03   2.697995E+03   9.535858E-01
   1.170939E+00   1.192669E+03   2.697617E+03   9.533838E-01
   1.174992E+00   1.191434E+03   2.697357E+03   9.530743E-01
   1.179060E+00   1.190210E+03   2.697162E+03   9.527420E-01
   1.183141E+00   1.189051E+03   2.696802E+03   9.525267E-01
   1.187237E+00   1.187911E+03   2.696202E+03   9.524473E-01
   1.191346E+00   1.186742E+03   2.695607E+03   9.523889E-01
   1.195470E+00   1.185582E+03   2.695296E+03   9.522508E-01
   1.199608E+00   1.184521E+03   2.695263E+03   9.520552E-01
   1.203761E+00   1.183579E+03   2.695164E+03   9.519244E-01
   1.207928E+00   1.182624E+03   2.694695E+03   9.519099E-01
   1.212109E+00   1.181475E+03   2.694023E+03   9.518871E-01
   1.216305E+00   1.180114E+03   2.693694E+03   9.516915E-01
   1.220515E+00   1.178734E+03   2.694004E+03   9.513454E-01
   1.224740E+00   1.177521E+03   2.694585E+03   9.510639E-01
   1.228980E+00   1.176456E+03   2.694768E+03   9.510112E-01
   1.233234E+00   1.175347E+03   2.694269E+03   9.511171E-01
   1.237503E+00   1.174045E+03   2.693459E+03   9.511352E-01
   1.241787E+00   1.172606E+03   2.693023E+03   9.508699E-01
   1.246085E+00   1.171249E+03   2.693328E+03   9.503718E-01
   1.250399E+00   1.170151E+03   2.694107E+03   9.499159E-01
   1.254727E+00   1.169274E+03   2.694713E+03   9.497668E-01
   1.259070E+00   1.168380E+03   2.694708E+03   9.499363E-01
   1.263429E+00   1.167245E+03   2.694232E+03   9.501852E-01
   1.267802E+00   1.165851E+03   2.693787E+03   9.502634E-01
   1.272191E+00   1.164356E+03   2.693750E+03   9.501032E-01
   1.276595E+00   1.162926E+03   2.694148E+03   9.497898E-01
   1.281014E+00   1.161629E+03   2.694802E+03   9.494340E-01
   1.285448E+00   1.160453E+03   2.695475E+03   9.491321E-01
   1.289898E+00   1.159334E+03   2.695946E+03   9.489648E-01
   1.294363E+00   1.158182E+03   2.696141E+03   9.489364E-01
   1.298843E+00   1.156946E+03   2.696196E+03   9.489563E-01
   1.303339E+00   1.155640E+03   2.696286E+03   9.489165E-01
   1.307851E+00   1.154292E+03   2.696488E+03   9.487576E-01
   1.312378E+00   1.152914E+03   2.696787E+03   9.484828E-01
   1.316921E+00   1.151510E+03   2.697163E+03   9.481466E-01
   1.321480E+00   1.150096E+03   2.697621E+03   9.478259E-01
   1.326054E+00   1.148717E+03   2.698172E+03   9.475911E-01
   1.330644E+00   1.147417E+03   2.698791E+03   9.474791E-01
   1.335251E+00   1.146210E+03   2.699413E+03   9.474720E-01
   1.339873E+00   1.145071E+03   2.699961E+03   9.475121E-01
   1.344511E+00   1.143938E+03   2.700373E+03   9.475449E-01
   1.349165E+00   1.142736E+03   2.700667E+03   9.475306E-01
   1.353835E+00   1.141414E+03   2.700956E+03   9.474337E-01
   1.358522E+00   1.139980E+03   2.701380E+03   9.472303E-01
   1.363224E+00   1.138491E+03   2.701996E+03   9.469381E-01
   1.367943E+00   1.137013E+03   2.702731E+03   9.466332E-01
   1.372678E+00   1.135572E+03   2.703442E+03   9.464042E-01
   1.377430E+00   1.134154E+03   2.704062E+03   9.462788E-01
   1.382198E+00   1.132747E+03   2.704644E+03   9.462130E-01
   1.386983E+00   1.131366E+03   2.705259E+03   9.461492E-01
   1.391784E+00   1.130021E+03   2.705911E+03   9.460561E-01
   1.396602E+00   1.128693E+03   2.706570E+03   9.459206E-01
   1.401436E+00   1.127354E+03   2.707241E+03   9.457445E-01
   1.406287E+00   1.125990E+03   2.707942E+03   9.455514E-01
   1.411155E+00   1.124602E+03   2.708671E+03   9.453726E-01
   1.416040E+00   1.123189E+03   2.709408E+03   9.452180E-01
   1.420942E+00   1.121752E+03   2.710141E+03   9.450738E-01
   1.425861E+00   1.120295E+03   2.710855E+03   9.449286E-01
   1.430796E+00   1.118824E+03   2.711526E+03   9.447902E-01
   1.435749E+00   1.117341E+03   2.712147E+03   9.446781E-01
   1.440719E+00   1.115850E+03   2.712739E+03   9.446056E-01
   1.445706E+00   1.114359E+03   2.713347E+03   9.445604E-01
   1.450711E+00   1.112886E+03   2.714020E+03   9.445085E-01
   1.455732E+00   1.111457E+03   2.714756E+03   9.444225E-01
   1.460772E+00   1.110075E+03   2.715489E+03   9.442982E-01
   1.465828E+00   1.108710E+03   2.716146E+03   9.441395E-01
   1.470902E+00   1.107305E+03   2.716727E+03   9.439388E-01
   1.475994E+00   1.105817E+03   2.717329E+03   9.436826E-01
   1.481103E+00   1.104254E+03   2.718069E+03   9.433828E-01
   1.486230E+00   1.102667E+03   2.718968E+03   9.430944E-01
   1.491375E+00   1.101110E+03   2.719914E+03   9.428957E-01
   1.496537E+00   1.099599E+03   2.720729E+03   9.428396E-01
   1.501718E+00   1.098101E+03   2.721293E+03   9.429102E-01
   1.506916E+00   1.096570E+03   2.721642E+03   9.430172E-01
   1.512132E+00   1.094985E+03   2.721945E+03   9.430414E-01
   1.517367E+00   1.093375E+03   2.722395E+03   9.429035E-01
   1.522619E+00   1.091794E+03   2.723078E+03   9.426082E-01
   1.527890E+00   1.090285E+03   2.723938E+03   9.422327E-01
   1.533179E+00   1.088843E+03   2.724829E+03   9.418778E-01
   1.538486E+00   1.087421E+03   2.725619E+03   9.416155E-01
   1.543812E+00   1.085956E+03   2.726269E+03   9.414620E-01
   1.549156E+00   1.084414E+03   2.726830E+03   9.413898E-01
   1.554518E+00   1.082806E+03   2.727361E+03   9.413648E-01
   1.559899E+00   1.081168E+03   2.727868E+03   9.413720E-01
   1.565299E+00   1.079530E+03   2.728314E+03   9.414087E-01
   1.570717E+00   1.077906E+03   2.728679E+03   9.414603E-01
   1.576155E+00   1.076302E+03   2.728983E+03   9.414940E-01
   1.581611E+00   1.074723E+03   2.729255E+03   9.414757E-01
   1.587085E+00   1.073165E+03   2.729502E+03   9.413859E-01
   1.592579E+00   1.071608E+03   2.729724E+03   9.412175E-01
   1.598092E+00   1.070019E+03   2.729954E+03   9.409685E-01
   1.603624E+00   1.068376E+03   2.730263E+03   9.406449E-01
   1.609175E+00   1.066686E+03   2.730708E+03   9.402709E-01
   1.614745E+00   1.064974E+03   2.731286E+03   9.398913E-01
   1.620335E+00   1.063277E+03   2.731918E+03   9.395609E-01
   1.625944E+00   1.061619E+03   2.732481E+03   9.393253E-01
   1.631572E+00   1.060001E+03   2.732861E+03   9.392064E-01
   1.637220E+00   1.058409E+03   2.732988E+03   9.391948E-01
   1.642887E+00   1.056813E+03   2.732868E+03   9.392520E-01
   1.648574E+00   1.055186E+03   2.732586E+03   9.393201E-01
   1.654281E+00   1.053517E+03   2.732275E+03   9.393414E-01
   1.660008E+00   1.051816E+03   2.732071E+03   9.392812E-01
   1.665754E+00   1.050109E+03   2.732059E+03   9.391409E-01
   1.671520E+00   1.048423E+03   2.732240E+03   9.389517E-01
   1.677306E+00   1.046773E+03   2.732543E+03   9.387543E-01
   1.683112E+00   1.045157E+03   2.732859E+03   9.385789E-01
   1.688938E+00   1.043555E+03   2.733082E+03   9.384355E-01
   1.694785E+00   1.041943E+03   2.733138E+03   9.383143E-01
   1.700651E+00   1.040298E+03   2.732993E+03   9.381982E-01
   1.706538E+00   1.038604E+03   2.732651E+03   9.380760E-01
   1.712446E+00   1.036858E+03   2.732140E+03   9.379498E-01
   1.718373E+00   1.035066E+03   2.731509E+03   9.378302E-01
   1.724322E+00   1.033241E+03   2.730822E+03   9.377250E-01
   1.730291E+00   1.031401E+03   2.730146E+03   9.376288E-01
   1.736280E+00   1.029565E+03   2.729545E+03   9.375213E-01
   1.742290E+00   1.027756E+03   2.729062E+03   9.373775E-01
   1.748322E+00   1.025995E+03   2.728703E+03   9.371841E-01
   1.754374E+00   1.024295E+03   2.728425E+03   9.369500E-01
   1.760446E+00   1.022653E+03   2.728145E+03   9.367025E-01
   1.766540E+00   1.021049E+03   2.727764E+03   9.364751E-01
   1.772655E+00   1.019449E+03   2.727201E+03   9.362939E-01
   1.778792E+00   1.017812E+03   2.726418E+03   9.361706E-01
   1.784949E+00   1.016104E+03   2.725428E+03   9.360998E-01
   1.791128E+00   1.014309E+03   2.724296E+03   9.360609E-01
   1.797328E+00   1.012433E+03   2.723112E+03   9.360232E-01
   1.803549E+00   1.010505E+03   2.721969E+03   9.359563E-01
   1.809793E+00   1.008568E+03   2.720930E+03   9.358403E-01
   1.816057E+00   1.006667E+03   2.720009E+03   9.356733E-01
   1.822344E+00   1.004835E+03   2.719171E+03   9.354707E-01
   1.828652E+00   1.003086E+03   2.718350E+03   9.352570E-01
   1.834982E+00   1.001409E+03   2.717469E+03   9.350560E-01
   1.841334E+00   9.997768E+02   2.716470E+03   9.348840E-01
   1.847708E+00   9.981531E+02   2.715314E+03   9.347482E-01
   1.854104E+00   9.965035E+02   2.713986E+03   9.346484E-01
   1.860522E+00   9.947988E+02   2.712490E+03   9.345768E-01
   1.866962E+00   9.930198E+02   2.710851E+03   9.345185E-01
   1.873425E+00   9.911607E+02   2.709116E+03   9.344534E-01
   1.879910E+00   9.892319E+02   2.707338E+03   9.343624E-01
   1.886418E+00   9.872580E+02   2.705566E+03   9.342343E-01
   1.892948E+00   9.852717E+02   2.703825E+03   9.340710E-01
   1.899500E+00   9.833047E+02   2.702117E+03   9.338858E-01
   1.906075E+00   9.813800E+02   2.700424E+03   9.336958E-01
   1.912673E+00   9.795087E+02   2.698722E+03   9.335138E-01
   1.919294E+00   9.776905E+02   2.696993E+03   9.333437E-01
   1.925938E+00   9.759176E+02   2.695226E+03   9.331806E-01
   1.932605E+00   9.741783E+02   2.693410E+03   9.330165E-01
   1.939295E+00   9.724587E+02   2.691528E+03   9.328472E-01
   1.946008E+00   9.707425E+02   2.689557E+03   9.326752E-01
   1.952744E+00   9.690107E+02   2.687471E+03   9.325074E-01
   1.959504E+00   9.672433E+02   2.685260E+03   9.323494E-01
   1.966287E+00   9.654243E+02   2.682934E+03   9.322012E-01
   1.973093E+00   9.635475E+02   2.680524E+03   9.320585E-01
   1.979923E+00   9.616191E+02   2.678067E+03   9.319160E-01
   1.986777E+00   9.596566E+02   2.675598E+03   9.317717E-01
   1.993654E+00   9.576842E+02   2.673134E+03   9.316279E-01
   2.000555E+00   9.557270E+02   2.670671E+03   9.314906E-01
   2.007480E+00   9.538048E+02   2.668182E+03   9.313673E-01
   2.014430E+00   9.519274E+02   2.665628E+03   9.312648E-01
   2.021403E+00   9.500923E+02   2.662968E+03   9.311858E-01
   2.028400E+00   9.482853E+02   2.660171E+03   9.311267E-01
   2.035421E+00   9.464841E+02   2.657232E+03   9.310756E-01
   2.042467E+00   9.446650E+02   2.654176E+03   9.310120E-01
   2.049537E+00   9.428102E+02   2.651054E+03   9.309117E-01
   2.056632E+00   9.409129E+02   2.647923E+03   9.307527E-01
   2.063751E+00   9.389783E+02   2.644835E+03   9.305234E-01
   2.070895E+00   9.370205E+02   2.641813E+03   9.302263E-01
   2.078064E+00   9.350576E+02   2.638853E+03   9.298790E-01
   2.085257E+00   9.331056E+02   2.635921E+03   9.295092E-01
   2.092475E+00   9.311757E+02   2.632973E+03   9.291492E-01
   2.099719E+00   9.292729E+02   2.629959E+03   9.288291E-01
   2.106987E+00   9.273974E+02   2.626837E+03   9.285728E-01
   2.114280E+00   9.255458E+02   2.623576E+03   9.283959E-01
   2.121599E+00   9.237123E+02   2.620156E+03   9.283047E-01
   2.128943E+00   9.218881E+02   2.616570E+03   9.282954E-01
   2.136313E+00   9.200618E+02   2.612824E+03   9.283524E-01
   2.143708E+00   9.182210E+02   2.608943E+03   9.284485E-01
   2.151128E+00   9.163548E+02   2.604967E+03   9.285478E-01
   2.158575E+00   9.144570E+02   2.600944E+03   9.286114E-01
   2.166047E+00   9.125280E+02   2.596921E+03   9.286064E-01
   2.173545E+00   9.105749E+02   2.592932E+03   9.285130E-01
   2.181069E+00   9.086087E+02   2.588984E+03   9.283290E-01
   2.188619E+00   9.066407E+02   2.585063E+03   9.280689E-01
   2.196195E+00   9.046789E+02   2.581135E+03   9.277586E-01
   2.203797E+00   9.027263E+02   2.577160E+03   9.274277E-01
   2.211426E+00   9.007808E+02   2.573105E+03   9.271023E-01
   2.219081E+00   8.988371E+02   2.568948E+03   9.268007E-01
   2.226762E+00   9.222207E+02   2.996627E+03   9.139712E-01
   2.234470E+00   9.248964E+02   3.040370E+03   9.115474E-01
   2.242205E+00   9.246896E+02   3.059067E+03   9.103721E-01
   2.249967E+00   9.256705E+02   3.068120E+03   9.096625E-01
   2.257755E+00   9.253488E+02   3.075707E+03   9.090422E-01
   2.265571E+00   9.244372E+02   3.082128E+03   9.084613E-01
   2.273413E+00   9.225842E+02   3.088462E+03   9.078706E-01
   2.281283E+00   9.205090E+02   3.094167E+03   9.072890E-01
   2.289179E+00   9.193588E+02   3.098927E+03   9.067140E-01
   2.297104E+00   9.197398E+02   3.100421E+03   9.062847E-01
   2.305055E+00   9.177546E+02   3.105241E+03   9.057635E-01
   2.313034E+00   9.182447E+02   3.105789E+03   9.054609E-01
   2.321041E+00   9.134680E+02   3.113296E+03   9.049842E-01
   2.329076E+00   9.141977E+02   3.112822E+03   9.048653E-01
   2.337138E+00   9.134756E+02   3.114613E+03   9.047148E-01
   2.345228E+00   9.109076E+02   3.117030E+03   9.046182E-01
   2.353346E+00   9.081436E+02   3.119990E+03   9.044895E-01
   2.361493E+00   9.087941E+02   3.117914E+03   9.045074E-01
   2.369667E+00   9.083469E+02   3.117884E+03   9.043785E-01
   2.377870E+00   9.057291E+02   3.120195E+03   9.041178E-01
   2.386101E+00   9.070076E+02   3.117716E+03   9.039585E-01
   2.394361E+00   9.085007E+02   3.115291E+03   9.037621E-01
   2.402649E+00   9.065156E+02   3.118079E+03   9.033800E-01
   2.410966E+00   9.046034E+02   3.120169E+03   9.030637E-01
   2.419312E+00   9.023853E+02   3.122587E+03   9.027769E-01
   2.427686E+00   9.001057E+02   3.124759E+03   9.025417E-01
   2.436090E+00   9.023392E+02   3.119930E+03   9.025832E-01
   2.444523E+00   9.020538E+02   3.118511E+03   9.025090E-01
   2.452985E+00   8.987000E+02   3.120985E+03   9.022833E-01
   2.461476E+00   8.996048E+02   3.116797E+03   9.022538E-01
   2.469997E+00   8.987867E+02   3.115337E+03   9.020655E-01
   2.478547E+00   8.970493E+02   3.114776E+03   9.017902E-01
   2.487126E+00   8.946269E+02   3.115507E+03   9.014096E-01
   2.495736E+00   8.949622E+02   3.112235E+03   9.011280E-01
   2.504375E+00   8.911252E+02   3.115149E+03   9.006089E-01
   2.513044E+00   8.897302E+02   3.115332E+03   9.001753E-01
   2.521743E+00   8.909969E+02   3.111163E+03   8.999285E-01
   2.530472E+00   8.906475E+02   3.110906E+03   8.995763E-01
   2.539232E+00   8.885740E+02   3.110915E+03   8.993281E-01
   2.548022E+00   8.866446E+02   3.112526E+03   8.990800E-01
   2.556842E+00   8.878552E+02   3.108809E+03   8.991001E-01
   2.565692E+00   8.858302E+02   3.110029E+03   8.990159E-01
   2.574574E+00   8.861842E+02   3.106813E+03   8.991287E-01
   2.583486E+00   8.864095E+02   3.103323E+03   8.992653E-01
   2.592429E+00   8.838345E+02   3.104467E+03   8.992302E-01
   2.601403E+00   8.818694E+02   3.102963E+03   8.992681E-01
   2.610408E+00   8.825249E+02   3.097931E+03   8.993745E-01
   2.619444E+00   8.806597E+02   3.095889E+03   8.993414E-01
   2.628511E+00   8.805995E+02   3.091478E+03   8.993347E-01
   2.637610E+00   8.785792E+02   3.088724E+03   8.992353E-01
   2.646740E+00   8.762060E+02   3.087134E+03   8.990468E-01
   2.655902E+00   8.761545E+02   3.082303E+03   8.989196E-01
   2.665096E+00   8.732341E+02   3.081452E+03   8.986227E-01
   2.674321E+00   8.729195E+02   3.076984E+03   8.984038E-01
   2.683579E+00   8.730674E+02   3.072506E+03   8.981457E-01
   2.692868E+00   8.698093E+02   3.072430E+03   8.977203E-01
   2.702190E+00   8.673712E+02   3.072259E+03   8.972695E-01
   2.711544E+00   8.667278E+02   3.067928E+03   8.969497E-01
   2.720930E+00   8.654460E+02   3.066204E+03   8.965379E-01
   2.730349E+00   8.640739E+02   3.063450E+03   8.961829E-01
   2.739800E+00   8.619795E+02   3.062035E+03   8.958171E-01
   2.749284E+00   8.607087E+02   3.059281E+03   8.955418E-01
   2.758801E+00   8.602656E+02   3.054571E+03   8.953887E-01
   2.768351E+00   8.589551E+02   3.051627E+03   8.952385E-01
   2.777934E+00   8.568701E+02   3.048484E+03   8.951586E-01
   2.787550E+00   8.555924E+02   3.044619E+03   8.951447E-01
   2.797199E+00   8.556863E+02   3.039696E+03   8.951885E-01
   2.806882E+00   8.539836E+02   3.033404E+03   8.953008E-01
   2.816598E+00   8.514119E+02   3.030971E+03   8.952723E-01
   2.826348E+00   8.517568E+02   3.024134E+03   8.953499E-01
   2.836131E+00   8.508493E+02   3.019372E+03   8.953218E-01
   2.845949E+00   8.493184E+02   3.014085E+03   8.952646E-01
   2.855800E+00   8.462251E+02   3.012820E+03   8.950325E-01
   2.865686E+00   8.448087E+02   3.006778E+03   8.949034E-01
   2.875606E+00   8.436655E+02   3.001386E+03   8.947150E-01
   2.885560E+00   8.422317E+02   2.996240E+03   8.944915E-01
   2.895549E+00   8.410381E+02   2.990730E+03   8.942619E-01
   2.905572E+00   8.408817E+02   2.984180E+03   8.940568E-01
   2.915630E+00   8.403173E+02   2.977218E+03   8.938660E-01
   2.925722E+00   8.404766E+02   2.969477E+03   8.937074E-01
   2.935850E+00   8.376535E+02   2.965253E+03   8.934564E-01
   2.946013E+00   8.359646E+02   2.959494E+03   8.932666E-01
   2.956211E+00   8.346965E+02   2.952913E+03   8.931164E-01
   2.966444E+00   8.337862E+02   2.945988E+03   8.929903E-01
   2.976712E+00   8.311264E+02   2.941911E+03   8.927911E-01
   2.987016E+00   8.299599E+02   2.934328E+03   8.927027E-01
   2.997356E+00   8.282329E+02   2.928904E+03   8.925585E-01
   3.007732E+00   8.272316E+02   2.921795E+03   8.924668E-01
   3.018143E+00   8.255059E+02   2.915056E+03   8.923639E-01
   3.028591E+00   8.242797E+02   2.907845E+03   8.922730E-01
   3.039075E+00   8.236242E+02   2.899557E+03   8.922063E-01
   3.049595E+00   8.237677E+02   2.890220E+03   8.921590E-01
   3.060151E+00   8.227718E+02   2.882153E+03   8.920590E-01
   3.070744E+00   8.211736E+02   2.875059E+03   8.919127E-01
   3.081374E+00   8.218397E+02   2.864521E+03   8.918421E-01
   3.092040E+00   8.200210E+02   2.857795E+03   8.916415E-01
   3.102743E+00   8.197180E+02   2.847644E+03   8.915105E-01
   3.113484E+00   8.205784E+02   2.836243E+03   8.913955E-01
   3.124261E+00   8.193960E+02   2.827875E+03   8.911777E-01
   3.135076E+00   8.192146E+02   2.818141E+03   8.909846E-01
   3.145929E+00   8.187562E+02   2.809108E+03   8.907631E-01
   3.156819E+00   8.169917E+02   2.801119E+03   8.905012E-01
   3.167746E+00   8.160253E+02   2.791815E+03   8.902716E-01
   3.178712E+00   8.163862E+02   2.781415E+03   8.900759E-01
   3.189715E+00   8.152281E+02   2.772960E+03   8.898244E-01
   3.200756E+00   8.162712E+02   2.761072E+03   8.896695E-01
   3.211836E+00   8.143416E+02   2.753133E+03   8.894040E-01
   3.222954E+00   8.132471E+02   2.744361E+03   8.891676E-01
   3.234111E+00   8.134740E+02   2.733543E+03   8.889928E-01
   3.245306E+00   8.120491E+02   2.724056E+03   8.887821E-01
   3.256540E+00   8.113028E+02   2.713996E+03   8.886005E-01
   3.267812E+00   8.104657E+02   2.705242E+03   8.884044E-01
   3.279124E+00   8.112744E+02   2.693426E+03   8.883081E-01
   3.290475E+00   8.091264E+02   2.685205E+03   8.881322E-01
   3.301866E+00   8.087958E+02   2.674739E+03   8.880471E-01
   3.313295E+00   8.082638E+02   2.663958E+03   8.879960E-01
   3.324764E+00   8.071505E+02   2.654466E+03   8.879413E-01
   3.336273E+00   8.063882E+02   2.643743E+03   8.879427E-01
   3.347822E+00   8.059224E+02   2.632460E+03   8.879807E-01
   3.359411E+00   8.056419E+02   2.620975E+03   8.880398E-01
   3.371040E+00   8.054040E+02   2.609368E+03   8.881078E-01
   3.382709E+00   8.051122E+02   2.597945E+03   8.881667E-01
   3.394418E+00   8.042031E+02   2.586041E+03   8.882123E-01
   3.406169E+00   8.060177E+02   2.572047E+03   8.882978E-01
   3.417959E+00   8.089162E+02   2.557349E+03   8.883680E-01
   3.429791E+00   8.073231E+02   2.551731E+03   8.881673E-01
   3.441663E+00   8.007619E+02   2.547563E+03   8.878267E-01
   3.453577E+00   7.980581E+02   2.536609E+03   8.875942E-01
   3.465532E+00   7.975133E+02   2.524506E+03   8.873447E-01
   3.477528E+00   7.954548E+02   2.514623E+03   8.869754E-01
   3.489566E+00   7.948441E+02   2.500531E+03   8.866443E-01
   3.501645E+00   7.960549E+02   2.487287E+03   8.862743E-01
   3.513766E+00   7.951253E+02   2.480382E+03   8.857310E-01
   3.525930E+00   7.906526E+02   2.471568E+03   8.851537E-01
   3.538135E+00   7.898853E+02   2.459894E+03   8.846656E-01
   3.550382E+00   7.886390E+02   2.449401E+03   8.841565E-01
   3.562672E+00   7.878005E+02   2.436034E+03   8.837220E-01
   3.575005E+00   7.861196E+02   2.425649E+03   8.832571E-01
   3.587380E+00   7.854851E+02   2.413372E+03   8.828812E-01
   3.599798E+00   7.849603E+02   2.401907E+03   8.825439E-01
   3.612259E+00   7.838366E+02   2.389569E+03   8.822706E-01
   3.624763E+00   7.834017E+02   2.377859E+03   8.820546E-01
   3.637311E+00   7.817457E+02   2.365857E+03   8.818866E-01
   3.649901E+00   7.812501E+02   2.352898E+03   8.818052E-01
   3.662536E+00   7.799497E+02   2.340639E+03   8.817502E-01
   3.675214E+00   7.793784E+02   2.328152E+03   8.817492E-01
   3.687936E+00   7.783366E+02   2.314834E+03   8.817862E-01
   3.700702E+00   7.780749E+02   2.302233E+03   8.818404E-01
   3.713513E+00   7.767192E+02   2.289811E+03   8.818837E-01
   3.726367E+00   7.752504E+02   2.277138E+03   8.819249E-01
   3.739266E+00   7.752839E+02   2.262306E+03   8.820072E-01
   3.752210E+00   7.748298E+02   2.249182E+03   8.820290E-01
   3.765199E+00   7.733258E+02   2.237257E+03   8.819823E-01
   3.778232E+00   7.737811E+02   2.221848E+03   8.819800E-01
   3.791311E+00   7.714075E+02   2.211037E+03   8.818169E-01
   3.804435E+00   7.703012E+02   2.198460E+03   8.816523E-01
   3.817604E+00   7.694397E+02   2.184982E+03   8.814558E-01
   3.830819E+00   7.678068E+02   2.172364E+03   8.811848E-01
   3.844080E+00   7.669740E+02   2.159338E+03   8.808849E-01
   3.857386E+00   7.656172E+02   2.146843E+03   8.805250E-01
   3.870739E+00   7.644780E+02   2.133690E+03   8.801398E-01
   3.884138E+00   7.641474E+02   2.119784E+03   8.797457E-01
   3.897583E+00   7.620623E+02   2.108614E+03   8.792577E-01
   3.911075E+00   7.616620E+02   2.093549E+03   8.788372E-01
   3.924614E+00   7.603739E+02   2.081863E+03   8.783432E-01
   3.938199E+00   7.598374E+02   2.067168E+03   8.779062E-01
   3.951831E+00   7.591418E+02   2.054698E+03   8.774420E-01
   3.965511E+00   7.579025E+02   2.041697E+03   8.769945E-01
   3.979238E+00   7.569610E+02   2.028833E+03   8.765740E-01
   3.993012E+00   7.567569E+02   2.013968E+03   8.762252E-01
   4.006834E+00   7.568580E+02   2.000854E+03   8.758898E-01
   4.020704E+00   7.570643E+02   1.986218E+03   8.756172E-01
   4.034622E+00   7.550369E+02   1.975283E+03   8.752959E-01
   4.048589E+00   7.541658E+02   1.961095E+03   8.750800E-01
   4.062603E+00   7.536110E+02   1.946850E+03   8.749074E-01
   4.076666E+00   7.530078E+02   1.933486E+03   8.747555E-01
   4.090778E+00   7.519132E+02   1.919607E+03   8.746335E-01
   4.104938E+00   7.511538E+02   1.905158E+03   8.745492E-01
   4.119148E+00   7.505197E+02   1.891484E+03   8.744738E-01
   4.133407E+00   7.504747E+02   1.876854E+03   8.744329E-01
   4.147715E+00   7.499727E+02   1.862409E+03   8.743869E-01
   4.162073E+00   7.489186E+02   1.848270E+03   8.743256E-01
   4.176480E+00   7.481922E+02   1.834281E+03   8.742588E-01
   4.190937E+00   7.481338E+02   1.820052E+03   8.741918E-01
   4.205445E+00   7.473786E+02   1.806352E+03   8.740863E-01
   4.220002E+00   7.460430E+02   1.792328E+03   8.739511E-01
   4.234610E+00   7.455854E+02   1.778316E+03   8.738026E-01
   4.249268E+00   7.444467E+02   1.764080E+03   8.736149E-01
   4.263978E+00   7.440401E+02   1.749411E+03   8.734134E-01
   4.278738E+00   7.435440E+02   1.735489E+03   8.731680E-01
   4.293549E+00   7.424945E+02   1.721284E+03   8.728845E-01
   4.308411E+00   7.429056E+02   1.707150E+03   8.725949E-01
   4.323325E+00   7.414599E+02   1.693197E+03   8.722415E-01
   4.338291E+00   7.412026E+02   1.679455E+03   8.718801E-01
   4.353308E+00   7.409789E+02   1.665225E+03   8.715024E-01
   4.368377E+00   7.398508E+02   1.651183E+03   8.710865E-01
   4.383499E+00   7.399723E+02   1.638010E+03   8.706652E-01
   4.398673E+00   7.393081E+02   1.624412E+03   8.702228E-01
   4.413899E+00   7.384757E+02   1.610917E+03   8.697670E-01
   4.429178E+00   7.380994E+02   1.598671E+03   8.692977E-01
   4.444510E+00   7.362637E+02   1.585080E+03   8.688180E-01
   4.459895E+00   7.359104E+02   1.570955E+03   8.683723E-01
   4.475334E+00   7.353533E+02   1.557355E+03   8.679206E-01
   4.490825E+00   7.344249E+02   1.543726E+03   8.674701E-01
   4.506371E+00   7.337683E+02   1.530290E+03   8.670317E-01
   4.521970E+00   7.329084E+02   1.515851E+03   8.666149E-01
   4.537623E+00   7.323046E+02   1.501536E+03   8.662152E-01
   4.553330E+00   7.318163E+02   1.488150E+03   8.658219E-01
   4.569092E+00   7.319374E+02   1.474162E+03   8.654641E-01
   4.584908E+00   7.305624E+02   1.460027E+03   8.651000E-01
   4.600779E+00   7.305674E+02   1.446016E+03   8.647767E-01
   4.616705E+00   7.305303E+02   1.431765E+03   8.644737E-01
   4.632687E+00   7.297984E+02   1.418149E+03   8.641677E-01
   4.648723E+00   7.295193E+02   1.404007E+03   8.638921E-01
   4.664815E+00   7.292864E+02   1.390380E+03   8.636250E-01
   4.680963E+00   7.288167E+02   1.376259E+03   8.633720E-01
   4.697166E+00   7.282996E+02   1.362075E+03   8.631287E-01
   4.713426E+00   7.273055E+02   1.348064E+03   8.628821E-01
   4.729742E+00   7.272118E+02   1.333649E+03   8.626615E-01
   4.746114E+00   7.270925E+02   1.319103E+03   8.624447E-01
   4.762543E+00   7.271647E+02   1.304336E+03   8.622344E-01
   4.779029E+00   7.269388E+02   1.290178E+03   8.620094E-01
   4.795572E+00   7.271347E+02   1.275271E+03   8.617979E-01
   4.812172E+00   7.276511E+02   1.260078E+03   8.615908E-01
   4.828830E+00   7.289572E+02   1.245092E+03   8.613892E-01
   4.845545E+00   7.296043E+02   1.229462E+03   8.611763E-01
   4.862319E+00   7.313299E+02   1.214848E+03   8.609624E-01
   4.879150E+00   7.335100E+02   1.199041E+03   8.607629E-01
   4.896040E+00   7.363004E+02   1.184619E+03   8.605482E-01
   4.912988E+00   7.397596E+02   1.169745E+03   8.603416E-01
   4.929994E+00   7.450437E+02   1.156235E+03   8.601412E-01
   4.947060E+00   7.486992E+02   1.145719E+03   8.598640E-01
   4.964185E+00   7.494792E+02   1.137594E+03   8.594956E-01
   4.981369E+00   7.479006E+02   1.129017E+03   8.590806E-01
   4.998612E+00   7.466888E+02   1.118873E+03   8.586820E-01
   5.015915E+00   7.454958E+02   1.108659E+03   8.582753E-01
   5.033278E+00   7.446764E+02   1.097907E+03   8.578732E-01
   5.050701E+00   7.421971E+02   1.088234E+03   8.574192E-01
   5.068185E+00   7.384975E+02   1.077411E+03   8.569498E-01
   5.085729E+00   7.360290E+02   1.065152E+03   8.565135E-01
   5.103333E+00   7.338642E+02   1.051822E+03   8.560898E-01
   5.120999E+00   7.329458E+02   1.037253E+03   8.556986E-01
   5.138726E+00   7.328590E+02   1.021960E+03   8.553266E-01
   5.156514E+00   7.335288E+02   1.007920E+03   8.549490E-01
   5.174363E+00   7.347849E+02   9.929545E+02   8.545905E-01
   5.192275E+00   7.370526E+02   9.773259E+02   8.542562E-01
   5.210248E+00   7.409918E+02   9.616871E+02   8.539504E-01
   5.228284E+00   7.467649E+02   9.464416E+02   8.536717E-01
   5.246382E+00   7.554348E+02   9.330711E+02   8.534213E-01
   5.264543E+00   7.634663E+02   9.236645E+02   8.531148E-01
   5.282767E+00   7.695117E+02   9.175286E+02   8.527397E-01
   5.301053E+00   7.733367E+02   9.141537E+02   8.523000E-01
   5.319403E+00   7.738095E+02   9.122405E+02   8.517920E-01
   5.337817E+00   7.696178E+02   9.120990E+02   8.511888E-01
   5.356294E+00   7.598865E+02   9.111870E+02   8.505007E-01
   5.374836E+00   7.463954E+02   9.054017E+02   8.498007E-01
   5.393441E+00   7.350087E+02   8.929262E+02   8.492126E-01
   5.412111E+00   7.287398E+02   8.776244E+02   8.487493E-01
   5.430845E+00   7.262022E+02   8.615623E+02   8.483636E-01
   5.449645E+00   7.248706E+02   8.471078E+02   8.479820E-01
   5.468509E+00   7.241234E+02   8.331466E+02   8.476050E-01
   5.487439E+00   7.243349E+02   8.192754E+02   8.472438E-01
   5.506434E+00   7.244102E+02   8.058252E+02   8.468733E-01
   5.525495E+00   7.260033E+02   7.926307E+02   8.465265E-01
   5.544622E+00   7.260907E+02   7.806331E+02   8.461342E-01
   5.563815E+00   7.268451E+02   7.682877E+02   8.457545E-01
   5.583075E+00   7.274618E+02   7.568755E+02   8.453573E-01
   5.602401E+00   7.287201E+02   7.450279E+02   8.449721E-01
   5.621794E+00   7.300316E+02   7.344342E+02   8.445687E-01
   5.641254E+00   7.293654E+02   7.238378E+02   8.441203E-01
   5.660782E+00   7.306641E+02   7.127780E+02   8.437093E-01
   5.680377E+00   7.298981E+02   7.025117E+02   8.432423E-01
   5.700040E+00   7.295646E+02   6.915997E+02   8.427842E-01
   5.719772E+00   7.295703E+02   6.812467E+02   8.423202E-01
   5.739571E+00   7.288231E+02   6.703753E+02   8.418408E-01
   5.759439E+00   7.287182E+02   6.598640E+02   8.413642E-01
   5.779376E+00   7.273913E+02   6.492573E+02   8.408589E-01
   5.799382E+00   7.264736E+02   6.377723E+02   8.403671E-01
   5.819457E+00   7.260784E+02   6.264705E+02   8.398796E-01
   5.839601E+00   7.257803E+02   6.141628E+02   8.394028E-01
   5.859815E+00   7.260764E+02   6.021113E+02   8.389326E-01
   5.880100E+00   7.287422E+02   5.885911E+02   8.385257E-01
   5.900454E+00   7.300592E+02   5.792247E+02   8.380410E-01
   5.920879E+00   7.328369E+02   5.663607E+02   8.376277E-01
   5.941375E+00   7.373594E+02   5.550670E+02   8.372300E-01
   5.961941E+00   7.432045E+02   5.459994E+02   8.368310E-01
   5.982579E+00   7.472435E+02   5.378052E+02   8.363877E-01
   6.003288E+00   7.501867E+02   5.300560E+02   8.359204E-01
   6.024069E+00   7.517651E+02   5.225300E+02   8.354280E-01
   6.044922E+00   7.521143E+02   5.140909E+02   8.349291E-01
   6.065847E+00   7.537334E+02   5.057118E+02   8.344594E-01
   6.086844E+00   7.556809E+02   4.968425E+02   8.340090E-01
   6.107914E+00   7.576584E+02   4.891468E+02   8.335509E-01
   6.129058E+00   7.597975E+02   4.814372E+02   8.331037E-01
   6.150274E+00   7.606396E+02   4.746899E+02   8.326277E-01
   6.171563E+00   7.604873E+02   4.674979E+02   8.321481E-01
   6.192927E+00   7.599414E+02   4.605668E+02   8.316667E-01
   6.214364E+00   7.585008E+02   4.528916E+02   8.311887E-01
   6.235876E+00   7.562912E+02   4.444408E+02   8.307171E-01
   6.257462E+00   7.546425E+02   4.357945E+02   8.302683E-01
   6.279122E+00   7.522840E+02   4.267886E+02   8.298210E-01
   6.300858E+00   7.503235E+02   4.173775E+02   8.293963E-01
   6.322669E+00   7.488710E+02   4.069525E+02   8.290053E-01
   6.344555E+00   7.482845E+02   3.966934E+02   8.286364E-01
   6.366518E+00   7.486269E+02   3.865679E+02   8.282905E-01
   6.388556E+00   7.507336E+02   3.774638E+02   8.279680E-01
   6.410670E+00   7.523668E+02   3.681869E+02   8.276454E-01
   6.432862E+00   7.545204E+02   3.592851E+02   8.273312E-01
   6.455129E+00   7.572540E+02   3.510172E+02   8.270213E-01
   6.477474E+00   7.601945E+02   3.431016E+02   8.267123E-01
   6.499897E+00   7.628287E+02   3.347342E+02   8.264071E-01
   6.522397E+00   7.666919E+02   3.273569E+02   8.261088E-01
   6.544974E+00   7.691439E+02   3.200461E+02   8.257839E-01
   6.567630E+00   7.730391E+02   3.130568E+02   8.254790E-01
   6.590365E+00   7.753758E+02   3.062317E+02   8.251419E-01
   6.613178E+00   7.778675E+02   2.995698E+02   8.248027E-01
   6.636070E+00   7.789363E+02   2.926383E+02   8.244406E-01
   6.659041E+00   7.805917E+02   2.853378E+02   8.240927E-01
   6.682092E+00   7.826442E+02   2.786031E+02   8.237386E-01
   6.705223E+00   7.856760E+02   2.718500E+02   8.233985E-01
   6.728433E+00   7.885162E+02   2.659817E+02   8.230348E-01
   6.751724E+00   7.904267E+02   2.598999E+02   8.226543E-01
   6.775096E+00   7.940258E+02   2.537054E+02   8.223006E-01
   6.798549E+00   7.975935E+02   2.477165E+02   8.219374E-01
   6.822082E+00   8.007507E+02   2.420944E+02   8.215550E-01
   6.845698E+00   8.038227E+02   2.366466E+02   8.211625E-01
   6.869395E+00   8.060715E+02   2.311345E+02   8.207519E-01
   6.893173E+00   8.087098E+02   2.257386E+02   8.203401E-01
   6.917035E+00   8.117702E+02   2.205821E+02   8.199248E-01
   6.940979E+00   8.155532E+02   2.159462E+02   8.195052E-01
   6.965005E+00   8.184227E+02   2.113229E+02   8.190642E-01
   6.989115E+00   8.206413E+02   2.065565E+02   8.186094E-01
   7.013309E+00   8.224876E+02   2.013475E+02   8.181512E-01
   7.037586E+00   8.244230E+02   1.957696E+02   8.176957E-01
   7.061947E+00   8.278847E+02   1.912514E+02   8.172370E-01
   7.086393E+00   8.305239E+02   1.872723E+02   8.167484E-01
   7.110923E+00   8.334926E+02   1.830080E+02   8.162641E-01
   7.135538E+00   8.376818E+02   1.792357E+02   8.157819E-01
   7.160238E+00   8.421150E+02   1.753257E+02   8.152990E-01
   7.185024E+00   8.463790E+02   1.717213E+02   8.148010E-01
   7.209895E+00   8.498420E+02   1.683066E+02   8.142818E-01
   7.234853E+00   8.547674E+02   1.656094E+02   8.137627E-01
   7.259897E+00   8.600612E+02   1.634000E+02   8.132328E-01
   7.285028E+00   8.658648E+02   1.613763E+02   8.127001E-01
   7.310246E+00   8.723549E+02   1.598161E+02   8.121611E-01
   7.335551E+00   8.783464E+02   1.585019E+02   8.116056E-01
   7.360943E+00   8.856591E+02   1.580178E+02   8.110444E-01
   7.386424E+00   8.929531E+02   1.579143E+02   8.104702E-01
   7.411992E+00   9.004448E+02   1.581677E+02   8.098865E-01
   7.437650E+00   9.078423E+02   1.586739E+02   8.092926E-01
   7.463396E+00   9.156632E+02   1.597149E+02   8.086886E-01
   7.489231E+00   9.224535E+02   1.607993E+02   8.080705E-01
   7.515155E+00   9.294348E+02   1.621619E+02   8.074472E-01
   7.541170E+00   9.376483E+02   1.644084E+02   8.068146E-01
   7.567274E+00   9.461183E+02   1.671632E+02   8.061716E-01
   7.593469E+00   9.548620E+02   1.704998E+02   8.055154E-01
   7.619754E+00   9.636479E+02   1.743316E+02   8.048464E-01
   7.646131E+00   9.733220E+02   1.790483E+02   8.041602E-01
   7.672598E+00   9.838557E+02   1.847828E+02   8.034517E-01
   7.699158E+00   9.960276E+02   1.918292E+02   8.027112E-01
   7.725809E+00   1.007603E+03   1.993515E+02   8.019466E-01
   7.752553E+00   1.021356E+03   2.086860E+02   8.011287E-01
   7.779389E+00   1.036437E+03   2.193196E+02   8.002554E-01
   7.806318E+00   1.053759E+03   2.319044E+02   7.992980E-01
   7.833340E+00   1.072074E+03   2.460425E+02   7.982522E-01
   7.860456E+00   1.093192E+03   2.623205E+02   7.970754E-01
   7.887665E+00   1.116686E+03   2.804749E+02   7.957503E-01
   7.914969E+00   1.141792E+03   2.998746E+02   7.942778E-01
   7.942367E+00   1.168379E+03   3.204791E+02   7.926421E-01
   7.969861E+00   1.193809E+03   3.406664E+02   7.909204E-01
   7.997449E+00   1.218611E+03   3.606209E+02   7.891068E-01
   8.025133E+00   1.241171E+03   3.799674E+02   7.872416E-01
   8.052912E+00   1.261531E+03   3.998180E+02   7.852734E-01
   8.080788E+00   1.282667E+03   4.218696E+02   7.830669E-01
   8.108761E+00   1.304829E+03   4.467163E+02   7.805531E-01
   8.136830E+00   1.330235E+03   4.764261E+02   7.775250E-01
   8.164996E+00   1.358883E+03   5.098350E+02   7.739930E-01
   8.193260E+00   1.391939E+03   5.480067E+02   7.698048E-01
   8.221621E+00   1.428132E+03   5.889985E+02   7.650938E-01
   8.250081E+00   1.466959E+03   6.312880E+02   7.600357E-01
   8.278640E+00   1.507643E+03   6.736096E+02   7.548741E-01
   8.307297E+00   1.550798E+03   7.100250E+02   7.504995E-01
   8.336053E+00   1.587951E+03   7.232344E+02   7.490923E-01
   8.364909E+00   1.588679E+03   6.902386E+02   7.521816E-01
   8.393865E+00   1.555498E+03   6.588320E+02   7.536473E-01
   8.422921E+00   1.545624E+03   6.876754E+02   7.489770E-01
   8.452078E+00   1.564413E+03   7.522991E+02   7.406965E-01
   8.481335E+00   1.594679E+03   8.220103E+02   7.318532E-01
   8.510694E+00   1.626458E+03   8.850702E+02   7.239883E-01
   8.540155E+00   1.657212E+03   9.375765E+02   7.178077E-01
   8.569717E+00   1.686360E+03   9.812511E+02   7.131465E-01
   8.599382E+00   1.713693E+03   1.017232E+03   7.097859E-01
   8.629149E+00   1.738901E+03   1.050052E+03   7.070224E-01
   8.659020E+00   1.763319E+03   1.079713E+03   7.049029E-01
   8.688994E+00   1.786645E+03   1.108226E+03   7.030957E-01
   8.719071E+00   1.808965E+03   1.135170E+03   7.016137E-01
   8.749253E+00   1.830158E+03   1.160347E+03   7.004243E-01
   8.779539E+00   1.849871E+03   1.184556E+03   6.993490E-01
   8.809931E+00   1.867969E+03   1.211299E+03   6.979351E-01
   8.840427E+00   1.885439E+03   1.239096E+03   6.964847E-01
   8.871029E+00   1.902081E+03   1.270135E+03   6.947194E-01
   8.901737E+00   1.919324E+03   1.307504E+03   6.925680E-01
   8.932551E+00   1.937310E+03   1.351136E+03   6.901340E-01
   8.963471E+00   1.956748E+03   1.402392E+03   6.875105E-01
   8.994499E+00   1.978099E+03   1.465017E+03   6.845918E-01
   9.025634E+00   2.002017E+03   1.536406E+03   6.820717E-01
   9.056877E+00   2.026366E+03   1.612245E+03   6.803028E-01
   9.088229E+00   2.048690E+03   1.685641E+03   6.798234E-01
   9.119688E+00   2.066597E+03   1.753407E+03   6.809535E-01
   9.151257E+00   2.077062E+03   1.802893E+03   6.841772E-01
   9.182935E+00   2.079382E+03   1.835647E+03   6.890541E-01
   9.214722E+00   2.073733E+03   1.851031E+03   6.949931E-01
   9.246620E+00   2.062329E+03   1.852337E+03   7.006790E-01
   9.278628E+00   2.047926E+03   1.849997E+03   7.053477E-01
   9.310746E+00   2.031049E+03   1.851052E+03   7.091980E-01
   9.342976E+00   2.011605E+03   1.853899E+03   7.125151E-01
   9.375318E+00   1.989366E+03   1.854791E+03   7.154791E-01
   9.407771E+00   1.965887E+03   1.854306E+03   7.178686E-01
   9.440337E+00   1.941251E+03   1.851846E+03   7.197759E-01
   9.473015E+00   1.915428E+03   1.848224E+03   7.212495E-01
   9.505807E+00   1.890791E+03   1.843828E+03   7.221770E-01
   9.538712E+00   1.864886E+03   1.841680E+03   7.227703E-01
   9.571731E+00   1.838205E+03   1.843028E+03   7.230137E-01
   9.604865E+00   1.811070E+03   1.843694E+03   7.229832E-01
   9.638113E+00   1.781452E+03   1.847135E+03   7.227134E-01
   9.671476E+00   1.750611E+03   1.853198E+03   7.221675E-01
   9.704954E+00   1.717346E+03   1.857633E+03   7.214207E-01
   9.738549E+00   1.681694E+03   1.863504E+03   7.204218E-01
   9.772260E+00   1.644465E+03   1.867196E+03   7.192081E-01
   9.806087E+00   1.605969E+03   1.869009E+03   7.177840E-01
   9.840032E+00   1.565763E+03   1.869234E+03   7.161511E-01
   9.874094E+00   1.525223E+03   1.867761E+03   7.143378E-01
   9.908274E+00   1.483673E+03   1.864723E+03   7.123512E-01
   9.942572E+00   1.440542E+03   1.860462E+03   7.101874E-01
   9.976989E+00   1.397586E+03   1.852597E+03   7.079384E-01
   1.001153E+01   1.354119E+03   1.843729E+03   7.055755E-01
   1.004618E+01   1.311372E+03   1.830401E+03   7.032164E-01
   1.008096E+01   1.270282E+03   1.815652E+03   7.008759E-01
   1.011585E+01   1.230159E+03   1.801778E+03   6.985189E-01
   1.015087E+01   1.187455E+03   1.787796E+03   6.960626E-01
   1.018601E+01   1.145274E+03   1.771287E+03   6.936780E-01
   1.022127E+01   1.107261E+03   1.749280E+03   6.915874E-01
   1.025665E+01   1.068994E+03   1.729111E+03   6.894922E-01
   1.029215E+01   1.034042E+03   1.705307E+03   6.876557E-01
   1.032778E+01   9.988434E+02   1.682298E+03   6.858501E-01
   1.036353E+01   9.661067E+02   1.657468E+03   6.842345E-01
   1.039941E+01   9.349107E+02   1.629645E+03   6.828062E-01
   1.043540E+01   9.068077E+02   1.602647E+03   6.815005E-01
   1.047153E+01   8.803755E+02   1.575175E+03   6.802916E-01
   1.050777E+01   8.508370E+02   1.551281E+03   6.788900E-01
   1.054415E+01   8.241473E+02   1.522670E+03   6.777171E-01
   1.058065E+01   7.954020E+02   1.496487E+03   6.763883E-01
   1.061727E+01   7.710872E+02   1.464168E+03   6.753513E-01
   1.065403E+01   7.456353E+02   1.434968E+03   6.741426E-01
   1.069091E+01   7.218477E+02   1.404226E+03   6.729792E-01
   1.072791E+01   6.977645E+02   1.371092E+03   6.718015E-01
   1.076505E+01   6.780625E+02   1.338242E+03   6.707128E-01
   1.080231E+01   6.563429E+02   1.305529E+03   6.694712E-01
   1.083971E+01   6.375876E+02   1.273140E+03   6.682715E-01
   1.087723E+01   6.169830E+02   1.239059E+03   6.669652E-01
   1.091488E+01   6.000440E+02   1.207328E+03   6.657006E-01
   1.095266E+01   5.826796E+02   1.173369E+03   6.644133E-01
   1.099058E+01   5.650537E+02   1.143163E+03   6.629828E-01
   1.102862E+01   5.492436E+02   1.108868E+03   6.616901E-01
   1.106680E+01   5.333049E+02   1.077698E+03   6.602958E-01
   1.110511E+01   5.195121E+02   1.045903E+03   6.590083E-01
   1.114355E+01   5.037015E+02   1.013506E+03   6.576303E-01
   1.118212E+01   4.935704E+02   9.812664E+02   6.565594E-01
   1.122083E+01   4.810826E+02   9.489459E+02   6.553985E-01
   1.125967E+01   4.717409E+02   9.187335E+02   6.543960E-01
   1.129865E+01   4.610322E+02   8.867065E+02   6.534288E-01
   1.133776E+01   4.536630E+02   8.561037E+02   6.526778E-01
   1.137701E+01   4.482998E+02   8.247736E+02   6.521491E-01
   1.141639E+01   4.407089E+02   7.961855E+02   6.515042E-01
   1.145591E+01   4.358349E+02   7.665691E+02   6.511517E-01
   1.149556E+01   4.297783E+02   7.372062E+02   6.508449E-01
   1.153536E+01   4.282535E+02   7.074436E+02   6.509313E-01
   1.157529E+01   4.256876E+02   6.787833E+02   6.510484E-01
   1.161536E+01   4.252520E+02   6.505686E+02   6.513963E-01
   1.165556E+01   4.218976E+02   6.233190E+02   6.516839E-01
   1.169591E+01   4.228993E+02   5.950565E+02   6.524011E-01
   1.173640E+01   4.237554E+02   5.670423E+02   6.532500E-01
   1.177702E+01   4.244798E+02   5.401643E+02   6.541737E-01
   1.181779E+01   4.258485E+02   5.118206E+02   6.553875E-01
   1.185870E+01   4.279250E+02   4.844788E+02   6.567264E-01
   1.189975E+01   4.330948E+02   4.547554E+02   6.585597E-01
   1.194094E+01   4.386714E+02   4.264560E+02   6.604686E-01
   1.198227E+01   4.465465E+02   3.971591E+02   6.627344E-01
   1.202375E+01   4.569882E+02   3.665511E+02   6.654073E-01
   1.206537E+01   4.713280E+02   3.366074E+02   6.683529E-01
   1.210714E+01   4.885789E+02   3.060295E+02   6.716515E-01
   1.214905E+01   5.128700E+02   2.752268E+02   6.754093E-01
   1.219110E+01   5.437754E+02   2.447517E+02   6.795270E-01
   1.223330E+01   5.873738E+02   2.164447E+02   6.839416E-01
   1.227565E+01   6.456382E+02   1.912358E+02   6.884972E-01
   1.231814E+01   7.301186E+02   1.753390E+02   6.925199E-01
   1.236078E+01   8.460596E+02   1.765972E+02   6.947001E-01
   1.240357E+01   9.964447E+02   2.053286E+02   6.932852E-01
   1.244651E+01   1.153459E+03   2.628537E+02   6.877996E-01
   1.248959E+01   1.296067E+03   3.427155E+02   6.800248E-01
   1.253283E+01   1.399131E+03   4.318813E+02   6.725468E-01
   1.257621E+01   1.461812E+03   5.231200E+02   6.663511E-01
   1.261974E+01   1.480597E+03   6.121304E+02   6.614087E-01
   1.266343E+01   1.450039E+03   6.931557E+02   6.572856E-01
   1.270726E+01   1.372073E+03   7.540868E+02   6.534811E-01
   1.275125E+01   1.270281E+03   7.945270E+02   6.493881E-01
   1.279539E+01   1.155122E+03   8.163700E+02   6.448336E-01
   1.283968E+01   1.039365E+03   8.256694E+02   6.399256E-01
   1.288413E+01   9.202210E+02   8.234236E+02   6.347718E-01
   1.292873E+01   8.096350E+02   8.013515E+02   6.306452E-01
   1.297348E+01   7.227113E+02   7.668426E+02   6.282996E-01
   1.301839E+01   6.598627E+02   7.276017E+02   6.275946E-01
   1.306345E+01   6.131224E+02   6.912509E+02   6.276990E-01
   1.310867E+01   5.770498E+02   6.561561E+02   6.284472E-01
   1.315405E+01   5.513954E+02   6.258346E+02   6.294520E-01
   1.319959E+01   5.261406E+02   5.988509E+02   6.303793E-01
   1.324528E+01   5.060137E+02   5.742864E+02   6.314329E-01
   1.329113E+01   4.851896E+02   5.505455E+02   6.325283E-01
   1.333713E+01   4.688430E+02   5.279159E+02   6.337885E-01
   1.338330E+01   4.542888E+02   5.065539E+02   6.350831E-01
   1.342963E+01   4.390876E+02   4.875133E+02   6.362048E-01
   1.347612E+01   4.269633E+02   4.672789E+02   6.376238E-01
   1.352277E+01   4.153590E+02   4.486203E+02   6.389542E-01
   1.356958E+01   4.054484E+02   4.308958E+02   6.402838E-01
   1.361655E+01   3.973965E+02   4.139510E+02   6.416202E-01
   1.366368E+01   3.868150E+02   3.985492E+02   6.427505E-01
   1.371098E+01   3.781582E+02   3.818239E+02   6.441125E-01
   1.375844E+01   3.712896E+02   3.670599E+02   6.453147E-01
   1.380607E+01   3.639457E+02   3.516044E+02   6.466008E-01
   1.385386E+01   3.594048E+02   3.377916E+02   6.477701E-01
   1.390182E+01   3.514764E+02   3.242933E+02   6.488255E-01
   1.394994E+01   3.467341E+02   3.107470E+02   6.499577E-01
   1.399823E+01   3.409889E+02   2.977693E+02   6.509924E-01
   1.404668E+01   3.378623E+02   2.845189E+02   6.521035E-01
   1.409531E+01   3.341993E+02   2.728183E+02   6.530032E-01
   1.414410E+01   3.321930E+02   2.607631E+02   6.539566E-01
   1.419306E+01   3.304938E+02   2.505747E+02   6.546750E-01
   1.424219E+01   3.261375E+02   2.395063E+02   6.554080E-01
   1.429149E+01   3.252685E+02   2.293896E+02   6.560724E-01
   1.434096E+01   3.218670E+02   2.195726E+02   6.566146E-01
   1.439060E+01   3.200012E+02   2.097985E+02   6.571432E-01
   1.444042E+01   3.173098E+02   2.004108E+02   6.575698E-01
   1.449041E+01   3.167715E+02   1.908770E+02   6.580066E-01
   1.454057E+01   3.158206E+02   1.822328E+02   6.582936E-01
   1.459090E+01   3.131305E+02   1.736630E+02   6.584864E-01
   1.464141E+01   3.137419E+02   1.646726E+02   6.587263E-01
   1.469209E+01   3.145412E+02   1.569528E+02   6.587925E-01
   1.474295E+01   3.144036E+02   1.491456E+02   6.587881E-01
   1.479398E+01   3.134105E+02   1.418470E+02   6.586621E-01
   1.484519E+01   3.125163E+02   1.337355E+02   6.585347E-01
   1.489658E+01   3.152146E+02   1.264078E+02   6.583435E-01
   1.494814E+01   3.171463E+02   1.199690E+02   6.580058E-01
   1.499989E+01   3.142452E+02   1.126424E+02   6.575604E-01
   1.505181E+01   3.177253E+02   1.052709E+02   6.571515E-01
   1.510392E+01   3.218676E+02   9.868823E+01   6.566268E-01
   1.515620E+01   3.257430E+02   9.246305E+01   6.559960E-01
   1.520866E+01   3.292388E+02   8.626233E+01   6.552689E-01
   1.526131E+01   3.341944E+02   8.006371E+01   6.544716E-01
   1.531414E+01   3.403345E+02   7.408315E+01   6.535873E-01
   1.536715E+01   3.483325E+02   6.839686E+01   6.526212E-01
   1.542034E+01   3.591375E+02   6.300867E+01   6.515803E-01
   1.547372E+01   3.709062E+02   5.816831E+01   6.504359E-01
   1.552729E+01   3.865490E+02   5.349850E+01   6.492026E-01
   1.558103E+01   4.069161E+02   4.992763E+01   6.479059E-01
   1.563497E+01   4.298032E+02   4.696691E+01   6.464847E-01
   1.568909E+01   4.595803E+02   4.507122E+01   6.449505E-01
   1.574340E+01   4.986543E+02   4.498374E+01   6.432931E-01
   1.579790E+01   5.490703E+02   4.762688E+01   6.414946E-01
   1.585258E+01   6.148812E+02   5.414552E+01   6.394491E-01
   1.590746E+01   7.001221E+02   6.673218E+01   6.370885E-01
   1.596252E+01   8.060261E+02   8.839256E+01   6.344986E-01
   1.601778E+01   9.063045E+02   1.165164E+02   6.322929E-01
   1.607323E+01   9.753976E+02   1.464262E+02   6.312080E-01
   1.612886E+01   9.900653E+02   1.717092E+02   6.315298E-01
   1.618470E+01   9.314323E+02   1.840624E+02   6.330471E-01
   1.624072E+01   8.171205E+02   1.780091E+02   6.345832E-01
   1.629694E+01   6.990609E+02   1.605740E+02   6.350078E-01
   1.635335E+01   5.979182E+02   1.401514E+02   6.342754E-01
   1.640996E+01   5.214482E+02   1.190413E+02   6.326209E-01
   1.646677E+01   4.720036E+02   1.018147E+02   6.304864E-01
   1.652377E+01   4.358572E+02   8.753289E+01   6.280876E-01
   1.658097E+01   4.093655E+02   7.567414E+01   6.255432E-01
   1.663836E+01   3.908416E+02   6.517689E+01   6.228614E-01
   1.669596E+01   3.775935E+02   5.676336E+01   6.201791E-01
   1.675375E+01   3.699160E+02   4.934003E+01   6.174336E-01
   1.681175E+01   3.629326E+02   4.325169E+01   6.146852E-01
   1.686994E+01   3.596140E+02   3.763446E+01   6.118329E-01
   1.692834E+01   3.592806E+02   3.332587E+01   6.090799E-01
   1.698694E+01   3.570536E+02   2.932264E+01   6.061993E-01
   1.704574E+01   3.572737E+02   2.572152E+01   6.032144E-01
   1.710474E+01   3.600139E+02   2.293628E+01   6.002680E-01
   1.716395E+01   3.645550E+02   2.070506E+01   5.972715E-01
   1.722337E+01   3.738602E+02   1.951086E+01   5.944447E-01
   1.728299E+01   3.747429E+02   1.814340E+01   5.914752E-01
   1.734281E+01   3.781790E+02   1.701647E+01   5.881430E-01
   1.740285E+01   3.898344E+02   1.725099E+01   5.851694E-01
   1.746309E+01   3.942438E+02   1.727214E+01   5.819610E-01
   1.752354E+01   4.050854E+02   1.835087E+01   5.786467E-01
   1.758420E+01   4.173381E+02   1.997646E+01   5.756088E-01
   1.764507E+01   4.223000E+02   2.148028E+01   5.721244E-01
   1.770615E+01   4.361651E+02   2.456652E+01   5.686078E-01
   1.776744E+01   4.480140E+02   2.786243E+01   5.651507E-01
   1.782894E+01   4.654308E+02   3.303523E+01   5.612988E-01
   1.789066E+01   4.886814E+02   3.836474E+01   5.580902E-01
   1.795259E+01   4.980045E+02   4.411404E+01   5.539374E-01
   1.801473E+01   5.279766E+02   5.250953E+01   5.501326E-01
   1.807709E+01   5.435380E+02   6.043390E+01   5.458819E-01
   1.813967E+01   5.726492E+02   7.139147E+01   5.413751E-01
   1.820246E+01   5.995506E+02   8.449592E+01   5.361970E-01
   1.826547E+01   6.461923E+02   1.016533E+02   5.305411E-01
   1.832870E+01   6.952513E+02   1.192355E+02   5.246739E-01
   1.839214E+01   7.478317E+02   1.396533E+02   5.178019E-01
   1.845581E+01   8.114561E+02   1.620852E+02   5.100926E-01
   1.851969E+01   8.725403E+02   1.836879E+02   5.019832E-01
   1.858380E+01   9.288779E+02   2.046672E+02   4.933904E-01
   1.864813E+01   9.788465E+02   2.259449E+02   4.839920E-01
   1.871268E+01   1.028151E+03   2.508798E+02   4.724376E-01
   1.877746E+01   1.080386E+03   2.800192E+02   4.578277E-01
   1.884246E+01   1.125513E+03   3.070933E+02   4.417374E-01
   1.890768E+01   1.148141E+03   3.245340E+02   4.280160E-01
   1.897313E+01   1.147449E+03   3.329471E+02   4.195581E-01
   1.903881E+01   1.140546E+03   3.390693E+02   4.210159E-01
   1.910472E+01   1.148588E+03   3.546455E+02   4.283164E-01
   1.917085E+01   1.180888E+03   3.857965E+02   4.384459E-01
   1.923721E+01   1.262055E+03   4.276155E+02   4.508072E-01
   1.930380E+01   1.324621E+03   4.524232E+02   4.566485E-01
   1.937062E+01   1.391497E+03   5.002278E+02   4.618401E-01
   1.943768E+01   1.489713E+03   5.458514E+02   4.668565E-01
   1.950496E+01   1.572054E+03   5.789200E+02   4.692150E-01
   1.957248E+01   1.641621E+03   6.078610E+02   4.700702E-01
   1.964023E+01   1.704336E+03   6.338820E+02   4.700480E-01
   1.970822E+01   1.756895E+03   6.582531E+02   4.692783E-01
   1.977644E+01   1.809061E+03   6.880295E+02   4.679825E-01
   1.984490E+01   1.864730E+03   7.215082E+02   4.662630E-01
   1.991359E+01   1.915361E+03   7.489952E+02   4.643142E-01
   1.998252E+01   1.958514E+03   7.742700E+02   4.621104E-01
   2.005169E+01   2.000566E+03   8.032236E+02   4.595685E-01
   2.012110E+01   2.040487E+03   8.340032E+02   4.567614E-01
   2.019076E+01   2.084108E+03   8.764051E+02   4.532802E-01
   2.026065E+01   2.136477E+03   9.294371E+02   4.492204E-01
   2.033078E+01   2.184856E+03   9.737157E+02   4.455357E-01
   2.040116E+01   2.224177E+03   1.005857E+03   4.425671E-01
   2.047178E+01   2.249607E+03   1.019517E+03   4.408437E-01
   2.054264E+01   2.263868E+03   1.024189E+03   4.397401E-01
   2.061375E+01   2.274714E+03   1.030568E+03   4.386912E-01
   2.068511E+01   2.279695E+03   1.032091E+03   4.380271E-01
   2.075671E+01   2.286460E+03   1.042875E+03   4.368348E-01
   2.082856E+01   2.288988E+03   1.050270E+03   4.361032E-01
   2.090066E+01   2.289763E+03   1.059193E+03   4.353926E-01
   2.097301E+01   2.288514E+03   1.067973E+03   4.347388E-01
   2.104561E+01   2.288351E+03   1.084981E+03   4.336774E-01
   2.111846E+01   2.284896E+03   1.103734E+03   4.328561E-01
   2.119157E+01   2.274832E+03   1.122139E+03   4.326960E-01
   2.126492E+01   2.254526E+03   1.130594E+03   4.338300E-01
   2.133853E+01   2.226741E+03   1.132193E+03   4.358536E-01
   2.141240E+01   2.192057E+03   1.126242E+03   4.388014E-01
   2.148652E+01   2.153825E+03   1.116251E+03   4.422377E-01
   2.156090E+01   2.112061E+03   1.103924E+03   4.461538E-01
   2.163553E+01   2.066925E+03   1.087803E+03   4.506538E-01
   2.171043E+01   2.020277E+03   1.069075E+03   4.555138E-01
   2.178558E+01   1.970514E+03   1.047925E+03   4.608923E-01
   2.186099E+01   1.920150E+03   1.022952E+03   4.665592E-01
   2.193666E+01   1.866720E+03   9.940313E+02   4.726984E-01
   2.201260E+01   1.814757E+03   9.578690E+02   4.788335E-01
   2.208880E+01   1.772294E+03   9.209332E+02   4.837178E-01
   2.216526E+01   1.739851E+03   8.916045E+02   4.870572E-01
   2.224199E+01   1.712918E+03   8.691053E+02   4.894747E-01
   2.231898E+01   1.694235E+03   8.543195E+02   4.907997E-01
   2.239624E+01   1.679918E+03   8.545609E+02   4.914576E-01
   2.247377E+01   1.649498E+03   8.632266E+02   4.936235E-01
   2.255156E+01   1.597112E+03   8.616965E+02   4.979654E-01
   2.262962E+01   1.537654E+03   8.458557E+02   5.028549E-01
   2.270796E+01   1.481839E+03   8.264996E+02   5.070625E-01
   2.278656E+01   1.424004E+03   8.047324E+02   5.110182E-01
   2.286544E+01   1.368327E+03   7.802289E+02   5.143127E-01
   2.294459E+01   1.315166E+03   7.543081E+02   5.169112E-01
   2.302402E+01   1.268711E+03   7.321342E+02   5.186846E-01
   2.310372E+01   1.212609E+03   7.103441E+02   5.206697E-01
   2.318369E+01   1.159682E+03   6.820103E+02   5.217257E-01
   2.326394E+01   1.112639E+03   6.572841E+02   5.221207E-01
   2.334447E+01   1.061921E+03   6.297046E+02   5.220741E-01
   2.342528E+01   1.021331E+03   5.979269E+02   5.207780E-01
   2.350637E+01   1.008201E+03   5.755619E+02   5.185944E-01
   2.358774E+01   9.651729E+02   5.661318E+02   5.184440E-01
   2.366939E+01   9.074424E+02   5.268963E+02   5.158092E-01
   2.375133E+01   9.451912E+02   5.028309E+02   5.108784E-01
   2.383354E+01   9.341581E+02   5.183708E+02   5.117090E-01
   2.391604E+01   8.555724E+02   4.927329E+02   5.102286E-01
   2.399883E+01   8.644125E+02   4.719348E+02   5.062959E-01
   2.408191E+01   8.355589E+02   4.739107E+02   5.060882E-01
   2.416527E+01   7.732972E+02   4.520661E+02   5.035284E-01
   2.424892E+01   7.631962E+02   4.289165E+02   4.992712E-01
   2.433286E+01   7.468464E+02   4.187761E+02   4.968002E-01
   2.441709E+01   7.221814E+02   4.015375E+02   4.932919E-01
   2.450161E+01   7.144420E+02   3.906042E+02   4.903226E-01
   2.458642E+01   6.852327E+02   3.792567E+02   4.875221E-01
   2.467153E+01   6.608361E+02   3.644226E+02   4.839071E-01
   2.475693E+01   6.322792E+02   3.455001E+02   4.794099E-01
   2.484263E+01   6.375162E+02   3.268197E+02   4.743921E-01
   2.492863E+01   6.442861E+02   3.174583E+02   4.710103E-01
   2.501492E+01   6.374661E+02   3.059230E+02   4.672687E-01
   2.510151E+01   6.384069E+02   2.940331E+02   4.632728E-01
   2.518840E+01   6.444460E+02   2.828042E+02   4.592595E-01
   2.527559E+01   6.562330E+02   2.728159E+02   4.553482E-01
   2.536309E+01   6.740387E+02   2.643254E+02   4.515903E-01
   2.545088E+01   6.987392E+02   2.582154E+02   4.481661E-01
   2.553898E+01   7.282682E+02   2.548933E+02   4.451984E-01
   2.562739E+01   7.621417E+02   2.547421E+02   4.427812E-01
   2.571610E+01   7.978503E+02   2.583373E+02   4.411122E-01
   2.580512E+01   8.312671E+02   2.657965E+02   4.403533E-01
   2.589444E+01   8.555647E+02   2.759653E+02   4.404831E-01
   2.598408E+01   8.679026E+02   2.873511E+02   4.412885E-01
   2.607403E+01   8.643369E+02   2.984430E+02   4.425723E-01
   2.616428E+01   8.452795E+02   3.069871E+02   4.437642E-01
   2.625485E+01   8.148967E+02   3.123408E+02   4.445151E-01
   2.634574E+01   7.771244E+02   3.143443E+02   4.446004E-01
   2.643694E+01   7.363649E+02   3.135796E+02   4.439850E-01
   2.652845E+01   6.946373E+02   3.105127E+02   4.427043E-01
   2.662028E+01   6.544503E+02   3.055998E+02   4.408092E-01
   2.671243E+01   6.174826E+02   2.995141E+02   4.384456E-01
   2.680489E+01   5.841112E+02   2.928976E+02   4.357866E-01
   2.689768E+01   5.537394E+02   2.860841E+02   4.329440E-01
   2.699079E+01   5.256339E+02   2.791467E+02   4.299602E-01
   2.708422E+01   4.995853E+02   2.720161E+02   4.268327E-01
   2.717798E+01   4.763884E+02   2.648434E+02   4.236119E-01
   2.727205E+01   4.556243E+02   2.578866E+02   4.203803E-01
   2.736646E+01   4.364294E+02   2.511504E+02   4.171511E-01
   2.746119E+01   4.187797E+02   2.445801E+02   4.139191E-01
   2.755625E+01   4.023420E+02   2.382202E+02   4.107030E-01
   2.765164E+01   3.867314E+02   2.320074E+02   4.074898E-01
   2.774736E+01   3.720211E+02   2.258437E+02   4.042569E-01
   2.784341E+01   3.586549E+02   2.197529E+02   4.010185E-01
   2.793979E+01   3.466980E+02   2.138560E+02   3.978149E-01
   2.803650E+01   3.357872E+02   2.082308E+02   3.946709E-01
   2.813355E+01   3.250754E+02   2.028333E+02   3.915699E-01
   2.823094E+01   3.145620E+02   1.974350E+02   3.884458E-01
   2.832867E+01   3.051328E+02   1.920495E+02   3.853135E-01
   2.842673E+01   2.969796E+02   1.868266E+02   3.822235E-01
   2.852513E+01   2.895782E+02   1.818399E+02   3.791956E-01
   2.862387E+01   2.824725E+02   1.770133E+02   3.762034E-01
   2.872295E+01   2.757467E+02   1.722702E+02   3.732253E-01
   2.882238E+01   2.696495E+02   1.675982E+02   3.702616E-01
   2.892215E+01   2.643996E+02   1.630408E+02   3.673306E-01
   2.902227E+01   2.597863E+02   1.586724E+02   3.644556E-01
   2.912273E+01   2.552432E+02   1.544446E+02   3.616148E-01
   2.922354E+01   2.509419E+02   1.502482E+02   3.587749E-01
   2.932470E+01   2.471767E+02   1.461095E+02   3.559490E-01
   2.942621E+01   2.439192E+02   1.420002E+02   3.531272E-01
   2.952807E+01   2.415377E+02   1.379355E+02   3.503196E-01
   2.963029E+01   2.399550E+02   1.339655E+02   3.475431E-01
   2.973286E+01   2.391852E+02   1.300501E+02   3.447835E-01
   2.983578E+01   2.396461E+02   1.261955E+02   3.420478E-01
   2.993906E+01   2.416642E+02   1.224761E+02   3.393663E-01
   3.004269E+01   2.453290E+02   1.189749E+02   3.367695E-01
   3.014669E+01   2.504657E+02   1.157722E+02   3.342850E-01
   3.025104E+01   2.569222E+02   1.129030E+02   3.319246E-01
   3.035576E+01   2.646814E+02   1.104514E+02   3.297208E-01
   3.046084E+01   2.731466E+02   1.085503E+02   3.277218E-01
   3.056628E+01   2.809790E+02   1.072454E+02   3.259408E-01
   3.067209E+01   2.861615E+02   1.064478E+02   3.243390E-01
   3.077826E+01   2.865559E+02   1.057602E+02   3.227568E-01
   3.088481E+01   2.828404E+02   1.046660E+02   3.209959E-01
   3.099172E+01   2.775340E+02   1.031207E+02   3.190488E-01
   3.109900E+01   2.715139E+02   1.011937E+02   3.169443E-01
   3.120665E+01   2.655980E+02   9.890337E+01   3.146908E-01
   3.131467E+01   2.606953E+02   9.635115E+01   3.123318E-01
   3.142307E+01   2.571561E+02   9.366392E+01   3.099194E-01
   3.153184E+01   2.549355E+02   9.093596E+01   3.074908E-01
   3.164099E+01   2.535059E+02   8.818062E+01   3.050470E-01
   3.175052E+01   2.527293E+02   8.533165E+01   3.025572E-01
   3.186043E+01   2.530937E+02   8.235326E+01   3.000054E-01
   3.197072E+01   2.551799E+02   7.927998E+01   2.974048E-01
   3.208139E+01   2.592170E+02   7.614923E+01   2.947669E-01
   3.219244E+01   2.655672E+02   7.294652E+01   2.920784E-01
   3.230388E+01   2.752640E+02   6.969601E+01   2.893403E-01
   3.241570E+01   2.895027E+02   6.651416E+01   2.865876E-01
   3.252791E+01   3.094423E+02   6.352463E+01   2.838471E-01
   3.264051E+01   3.371514E+02   6.095841E+01   2.811737E-01
   3.275349E+01   3.751608E+02   5.933285E+01   2.787255E-01
   3.286687E+01   4.247305E+02   5.933932E+01   2.767197E-01
   3.298064E+01   4.857865E+02   6.182743E+01   2.754490E-01
   3.309481E+01   5.542519E+02   6.770776E+01   2.753514E-01
   3.320937E+01   6.193475E+02   7.717596E+01   2.768246E-01
   3.332433E+01   6.661603E+02   8.912812E+01   2.799526E-01
   3.343968E+01   6.812205E+02   1.012836E+02   2.842672E-01
   3.355544E+01   6.592641E+02   1.109537E+02   2.886468E-01
   3.367159E+01   6.072507E+02   1.162917E+02   2.917382E-01
   3.378815E+01   5.415214E+02   1.171870E+02   2.927610E-01
   3.390511E+01   4.784473E+02   1.148925E+02   2.918675E-01
   3.402247E+01   4.264468E+02   1.109863E+02   2.897643E-01
   3.414024E+01   3.865193E+02   1.066503E+02   2.871364E-01
   3.425842E+01   3.561117E+02   1.023781E+02   2.843445E-01
   3.437701E+01   3.330473E+02   9.828409E+01   2.815202E-01
   3.449601E+01   3.163913E+02   9.443983E+01   2.787388E-01
   3.461542E+01   3.055599E+02   9.097055E+01   2.760845E-01
   3.473525E+01   2.994919E+02   8.800537E+01   2.736365E-01
   3.485549E+01   2.967673E+02   8.557918E+01   2.714252E-01
   3.497614E+01   2.961748E+02   8.368302E+01   2.694562E-01
   3.509721E+01   2.963589E+02   8.231153E+01   2.677368E-01
   3.521871E+01   2.955818E+02   8.136376E+01   2.662289E-01
   3.534062E+01   2.925304E+02   8.061792E+01   2.648319E-01
   3.546295E+01   2.871255E+02   7.983817E+01   2.634300E-01
   3.558571E+01   2.803179E+02   7.891200E+01   2.619621E-01
   3.570889E+01   2.729134E+02   7.786209E+01   2.604349E-01
   3.583250E+01   2.651583E+02   7.669485E+01   2.588490E-01
   3.595654E+01   2.577394E+02   7.537367E+01   2.571834E-01
   3.608101E+01   2.516743E+02   7.398274E+01   2.554788E-01
   3.620590E+01   2.469995E+02   7.268003E+01   2.538169E-01
   3.633123E+01   2.429488E+02   7.151047E+01   2.522232E-01
   3.645700E+01   2.388648E+02   7.044083E+01   2.506823E-01
   3.658320E+01   2.344100E+02   6.941928E+01   2.491682E-01
   3.670983E+01   2.296570E+02   6.839160E+01   2.476523E-01
   3.683691E+01   2.249051E+02   6.735611E+01   2.461332E-01
   3.696442E+01   2.201925E+02   6.634150E+01   2.446262E-01
   3.709238E+01   2.152855E+02   6.534173E+01   2.431281E-01
   3.722077E+01   2.101154E+02   6.431707E+01   2.416171E-01
   3.734962E+01   2.049334E+02   6.325032E+01   2.400836E-01
   3.747890E+01   2.000416E+02   6.215514E+01   2.385346E-01
   3.760864E+01   1.955951E+02   6.105957E+01   2.369857E-01
   3.773883E+01   1.915243E+02   5.999182E+01   2.354527E-01
   3.786946E+01   1.875537E+02   5.893697E+01   2.339270E-01
   3.800055E+01   1.837238E+02   5.787565E+01   2.323979E-01
   3.813209E+01   1.803259E+02   5.681995E+01   2.308725E-01
   3.826409E+01   1.773410E+02   5.577904E+01   2.293561E-01
   3.839654E+01   1.749877E+02   5.477003E+01   2.278592E-01
   3.852946E+01   1.732535E+02   5.382937E+01   2.264033E-01
   3.866283E+01   1.714352E+02   5.297348E+01   2.249977E-01
   3.879667E+01   1.693056E+02   5.216148E+01   2.236187E-01
   3.893096E+01   1.670697E+02   5.137062E+01   2.222536E-01
   3.906573E+01   1.643617E+02   5.062433E+01   2.209160E-01
   3.920096E+01   1.608493E+02   4.985574E+01   2.195651E-01
   3.933665E+01   1.571883E+02   4.897247E+01   2.181451E-01
   3.947282E+01   1.544953E+02   4.805167E+01   2.167039E-01
   3.960946E+01   1.528938E+02   4.721317E+01   2.153157E-01
   3.974657E+01   1.514099E+02   4.645950E+01   2.139811E-01
   3.988416E+01   1.494099E+02   4.574485E+01   2.126712E-01
   4.002222E+01   1.468198E+02   4.502953E+01   2.113611E-01
   4.016076E+01   1.438990E+02   4.428362E+01   2.100320E-01
   4.029978E+01   1.411937E+02   4.349231E+01   2.086748E-01
   4.043928E+01   1.390886E+02   4.268374E+01   2.073078E-01
   4.057926E+01   1.375377E+02   4.190612E+01   2.059620E-01
   4.071973E+01   1.362990E+02   4.116974E+01   2.046442E-01
   4.086069E+01   1.351700E+02   4.047047E+01   2.033516E-01
   4.100213E+01   1.340006E+02   3.980086E+01   2.020794E-01
   4.114406E+01   1.325443E+02   3.913305E+01   2.008087E-01
   4.128648E+01   1.312016E+02   3.845453E+01   1.995316E-01
   4.142940E+01   1.304679E+02   3.777642E+01   1.982563E-01
   4.157281E+01   1.301836E+02   3.714404E+01   1.970135E-01
   4.171672E+01   1.299420E+02   3.657454E+01   1.958152E-01
   4.186113E+01   1.294122E+02   3.604082E+01   1.946430E-01
   4.200603E+01   1.285052E+02   3.551523E+01   1.934776E-01
   4.215144E+01   1.273023E+02   3.498177E+01   1.923078E-01
   4.229735E+01   1.261510E+02   3.444251E+01   1.911354E-01
   4.244377E+01   1.252082E+02   3.390796E+01   1.899678E-01
   4.259069E+01   1.242404E+02   3.339504E+01   1.888172E-01
   4.273812E+01   1.231800E+02   3.288690E+01   1.876714E-01
   4.288606E+01   1.221362E+02   3.237296E+01   1.865226E-01
   4.303451E+01   1.213484E+02   3.187422E+01   1.853864E-01
   4.318348E+01   1.206930E+02   3.139860E+01   1.842690E-01
   4.333297E+01   1.198874E+02   3.094780E+01   1.831717E-01
   4.348297E+01   1.187035E+02   3.051297E+01   1.820880E-01
   4.363349E+01   1.171791E+02   3.006199E+01   1.809935E-01
   4.378453E+01   1.155760E+02   2.957516E+01   1.798726E-01
   4.393609E+01   1.144678E+02   2.908754E+01   1.787522E-01
   4.408818E+01   1.138694E+02   2.861691E+01   1.776461E-01
   4.424079E+01   1.133334E+02   2.817556E+01   1.765642E-01
   4.439394E+01   1.127244E+02   2.775725E+01   1.755019E-01
   4.454761E+01   1.119570E+02   2.735164E+01   1.744512E-01
   4.470182E+01   1.109805E+02   2.694425E+01   1.734005E-01
   4.485655E+01   1.099631E+02   2.653427E+01   1.723490E-01
   4.501183E+01   1.090806E+02   2.612378E+01   1.712983E-01
   4.516764E+01   1.082665E+02   2.572254E+01   1.702564E-01
   4.532399E+01   1.074520E+02   2.533044E+01   1.692234E-01
   4.548089E+01   1.065619E+02   2.493551E+01   1.681892E-01
   4.563832E+01   1.059517E+02   2.454517E+01   1.671599E-01
   4.579630E+01   1.054802E+02   2.416826E+01   1.661431E-01
   4.595483E+01   1.050230E+02   2.381123E+01   1.651446E-01
   4.611391E+01   1.044734E+02   2.346843E+01   1.641600E-01
   4.627353E+01   1.036847E+02   2.312932E+01   1.631801E-01
   4.643371E+01   1.026758E+02   2.278926E+01   1.622010E-01
   4.659445E+01   1.016313E+02   2.243887E+01   1.612140E-01
   4.675574E+01   1.006927E+02   2.207661E+01   1.602174E-01
   4.691759E+01   1.000619E+02   2.171999E+01   1.592265E-01
   4.708000E+01   9.980116E+01   2.137578E+01   1.582475E-01
   4.724297E+01   9.960045E+01   2.105164E+01   1.572878E-01
   4.740650E+01   9.935828E+01   2.074700E+01   1.563474E-01
   4.757060E+01   9.897535E+01   2.045384E+01   1.554193E-01
   4.773527E+01   9.817741E+01   2.016214E+01   1.544945E-01
   4.790051E+01   9.715175E+01   1.986288E+01   1.535642E-01
   4.806633E+01   9.615230E+01   1.953730E+01   1.526098E-01
   4.823271E+01   9.546512E+01   1.920135E+01   1.516458E-01
   4.839967E+01   9.585208E+01   1.887990E+01   1.506949E-01
   4.856721E+01   9.662537E+01   1.859519E+01   1.497799E-01
   4.873533E+01   9.728854E+01   1.837603E+01   1.489310E-01
   4.890403E+01   9.710060E+01   1.816924E+01   1.480980E-01
   4.907332E+01   9.540064E+01   1.794797E+01   1.472555E-01
   4.924319E+01   9.369124E+01   1.766793E+01   1.463552E-01
   4.941365E+01   9.238107E+01   1.734528E+01   1.454116E-01
   4.958470E+01   9.243044E+01   1.704328E+01   1.444870E-01
   4.975634E+01   9.304725E+01   1.676819E+01   1.435896E-01
   4.992858E+01   9.364770E+01   1.653879E+01   1.427407E-01
   5.010141E+01   9.398616E+01   1.632882E+01   1.419142E-01
   5.027484E+01   9.362975E+01   1.612192E+01   1.410942E-01
   5.044887E+01   9.317648E+01   1.590976E+01   1.402705E-01
   5.062350E+01   9.267675E+01   1.569367E+01   1.394443E-01
   5.079874E+01   9.223775E+01   1.548345E+01   1.386258E-01
   5.097458E+01   9.144749E+01   1.527813E+01   1.378151E-01
   5.115104E+01   9.046885E+01   1.506366E+01   1.369963E-01
   5.132810E+01   8.932933E+01   1.482951E+01   1.361574E-01
   5.150578E+01   8.878735E+01   1.458827E+01   1.353098E-01
   5.168407E+01   8.865816E+01   1.434973E+01   1.344649E-01
   5.186298E+01   8.890071E+01   1.413849E+01   1.336508E-01
   5.204250E+01   8.909138E+01   1.394436E+01   1.328576E-01
   5.222265E+01   8.901904E+01   1.376556E+01   1.320843E-01
   5.240343E+01   8.873170E+01   1.358827E+01   1.313149E-01
   5.258482E+01   8.820066E+01   1.341033E+01   1.305470E-01
   5.276685E+01   8.744324E+01   1.323280E+01   1.297818E-01
   5.294951E+01   8.654543E+01   1.304731E+01   1.290090E-01
   5.313280E+01   8.551508E+01   1.285028E+01   1.282240E-01
   5.331672E+01   8.484676E+01   1.264258E+01   1.274259E-01
   5.350128E+01   8.449686E+01   1.243409E+01   1.266266E-01
   5.368648E+01   8.472977E+01   1.224584E+01   1.258510E-01
   5.387232E+01   8.492091E+01   1.207496E+01   1.250980E-01
   5.405880E+01   8.493913E+01   1.192173E+01   1.243689E-01
   5.424593E+01   8.444688E+01   1.176295E+01   1.236361E-01
   5.443371E+01   8.390306E+01   1.160028E+01   1.228999E-01
   5.462214E+01   8.338519E+01   1.143290E+01   1.221589E-01
   5.481122E+01   8.303893E+01   1.127003E+01   1.214241E-01
   5.500095E+01   8.263758E+01   1.111189E+01   1.206969E-01
   5.519134E+01   8.219532E+01   1.095613E+01   1.199742E-01
   5.538239E+01   8.165776E+01   1.080079E+01   1.192535E-01
   5.557410E+01   8.100687E+01   1.064601E+01   1.185352E-01
   5.576647E+01   8.028535E+01   1.048511E+01   1.178100E-01
   5.595951E+01   7.960939E+01   1.031923E+01   1.170788E-01
   5.615322E+01   7.926220E+01   1.014461E+01   1.163352E-01
   5.634760E+01   7.926236E+01   9.978880E+00   1.156031E-01
   5.654265E+01   7.984647E+01   9.824252E+00   1.148847E-01
   5.673838E+01   8.042520E+01   9.691250E+00   1.141973E-01
   5.693479E+01   8.088661E+01   9.571290E+00   1.135300E-01
   5.713187E+01   8.072442E+01   9.461813E+00   1.128817E-01
   5.732964E+01   8.029631E+01   9.345910E+00   1.122269E-01
   5.752809E+01   7.952409E+01   9.221055E+00   1.115622E-01
   5.772723E+01   7.888005E+01   9.088212E+00   1.108865E-01
   5.792705E+01   7.833720E+01   8.955955E+00   1.102124E-01
   5.812757E+01   7.789962E+01   8.824250E+00   1.095396E-01
   5.832879E+01   7.749822E+01   8.693455E+00   1.088690E-01
   5.853070E+01   7.715626E+01   8.564273E+00   1.082015E-01
   5.873331E+01   7.698831E+01   8.436601E+00   1.075365E-01
   5.893662E+01   7.688645E+01   8.317600E+00   1.068853E-01
   5.914063E+01   7.662030E+01   8.201929E+00   1.062411E-01
   5.934535E+01   7.620668E+01   8.090029E+00   1.056045E-01
   5.955078E+01   7.557896E+01   7.972152E+00   1.049606E-01
   5.975692E+01   7.498886E+01   7.850758E+00   1.043121E-01
   5.996377E+01   7.443520E+01   7.725866E+00   1.036586E-01
   6.017134E+01   7.412621E+01   7.601764E+00   1.030061E-01
   6.037963E+01   7.393965E+01   7.477601E+00   1.023535E-01
   6.058864E+01   7.393273E+01   7.359169E+00   1.017100E-01
   6.079837E+01   7.403794E+01   7.244325E+00   1.010726E-01
   6.100883E+01   7.418089E+01   7.136192E+00   1.004469E-01
   6.122002E+01   7.418400E+01   7.030589E+00   9.982695E-02
   6.143194E+01   7.415400E+01   6.926363E+00   9.921035E-02
   6.164459E+01   7.405781E+01   6.821418E+00   9.859374E-02
   6.185797E+01   7.402707E+01   6.715814E+00   9.797651E-02
   6.207210E+01   7.404025E+01   6.611950E+00   9.736281E-02
   6.228697E+01   7.411038E+01   6.509116E+00   9.675138E-02
   6.250258E+01   7.419279E+01   6.407417E+00   9.614261E-02
   6.271894E+01   7.431076E+01   6.306330E+00   9.553545E-02
   6.293605E+01   7.451042E+01   6.204116E+00   9.492651E-02
   6.315390E+01   7.484475E+01   6.104666E+00   9.432242E-02
   6.337252E+01   7.534666E+01   6.005820E+00   9.371907E-02
   6.359189E+01   7.594719E+01   5.911509E+00   9.312402E-02
   6.381201E+01   7.672763E+01   5.820317E+00   9.253428E-02
   6.403290E+01   7.753853E+01   5.733635E+00   9.195337E-02
   6.425456E+01   7.844486E+01   5.651110E+00   9.138039E-02
   6.447698E+01   7.932350E+01   5.572478E+00   9.081572E-02
   6.470017E+01   8.014985E+01   5.495000E+00   9.025444E-02
   6.492414E+01   8.107292E+01   5.417441E+00   8.969322E-02
   6.514888E+01   8.210309E+01   5.343427E+00   8.913894E-02
   6.537440E+01   8.338292E+01   5.271499E+00   8.858781E-02
   6.560070E+01   8.478149E+01   5.208625E+00   8.805445E-02
   6.582778E+01   8.607177E+01   5.150841E+00   8.753299E-02
   6.605565E+01   8.732280E+01   5.096736E+00   8.702033E-02
   6.628430E+01   8.836823E+01   5.043865E+00   8.651301E-02
   6.651375E+01   8.941331E+01   4.990293E+00   8.600557E-02
   6.674400E+01   9.055059E+01   4.938599E+00   8.550249E-02
   6.697504E+01   9.176082E+01   4.887395E+00   8.500106E-02
   6.720688E+01   9.317348E+01   4.841827E+00   8.451083E-02
   6.743952E+01   9.464739E+01   4.799970E+00   8.402910E-02
   6.767297E+01   9.621498E+01   4.764839E+00   8.356201E-02
   6.790722E+01   9.775824E+01   4.735329E+00   8.310851E-02
   6.814229E+01   9.927736E+01   4.711693E+00   8.266933E-02
   6.837817E+01   1.006034E+02   4.694194E+00   8.224689E-02
   6.861486E+01   1.018098E+02   4.679897E+00   8.183445E-02
   6.885238E+01   1.026811E+02   4.670377E+00   8.143769E-02
   6.909072E+01   1.034153E+02   4.661857E+00   8.104668E-02
   6.932988E+01   1.037409E+02   4.656190E+00   8.066823E-02
   6.956987E+01   1.039579E+02   4.651566E+00   8.029550E-02
   6.981069E+01   1.035631E+02   4.647764E+00   7.993307E-02
   7.005235E+01   1.030647E+02   4.643597E+00   7.957321E-02
   7.029484E+01   1.016615E+02   4.635811E+00   7.921658E-02
   7.053817E+01   1.001575E+02   4.621080E+00   7.884758E-02
   7.078235E+01   9.804899E+01   4.599109E+00   7.847004E-02
   7.102737E+01   9.591013E+01   4.567428E+00   7.807260E-02
   7.127323E+01   9.381025E+01   4.530722E+00   7.766481E-02
   7.151995E+01   9.173466E+01   4.490201E+00   7.724935E-02
   7.176752E+01   8.975379E+01   4.447556E+00   7.682933E-02
   7.201595E+01   8.778805E+01   4.404267E+00   7.640875E-02
   7.226524E+01   8.569193E+01   4.358632E+00   7.598481E-02
   7.251539E+01   8.360744E+01   4.310065E+00   7.555487E-02
   7.276641E+01   8.151365E+01   4.259045E+00   7.512005E-02
   7.301830E+01   7.944325E+01   4.205242E+00   7.467919E-02
   7.327106E+01   7.750100E+01   4.149762E+00   7.423403E-02
   7.352469E+01   7.558877E+01   4.092926E+00   7.378596E-02
   7.377920E+01   7.383337E+01   4.035000E+00   7.333468E-02
   7.403460E+01   7.211259E+01   3.976349E+00   7.288188E-02
   7.429087E+01   7.062182E+01   3.917093E+00   7.242652E-02
   7.454804E+01   6.918831E+01   3.858973E+00   7.197399E-02
   7.480609E+01   6.794129E+01   3.801014E+00   7.152115E-02
   7.506504E+01   6.676090E+01   3.745262E+00   7.107383E-02
   7.532488E+01   6.563417E+01   3.690239E+00   7.062854E-02
   7.558563E+01   6.453915E+01   3.636169E+00   7.018600E-02
   7.584727E+01   6.351326E+01   3.582258E+00   6.974400E-02
   7.610982E+01   6.254237E+01   3.529520E+00   6.930522E-02
   7.637328E+01   6.167003E+01   3.476795E+00   6.886647E-02
   7.663766E+01   6.091731E+01   3.426713E+00   6.843445E-02
   7.690295E+01   6.017004E+01   3.378393E+00   6.800765E-02
   7.716915E+01   5.942744E+01   3.331512E+00   6.758528E-02
   7.743628E+01   5.866311E+01   3.286549E+00   6.716884E-02
   7.770433E+01   5.775506E+01   3.241340E+00   6.675324E-02
   7.797331E+01   5.685312E+01   3.195864E+00   6.633759E-02
   7.824322E+01   5.591524E+01   3.150045E+00   6.592184E-02
   7.851407E+01   5.498350E+01   3.103223E+00   6.550391E-02
   7.878585E+01   5.421626E+01   3.056052E+00   6.508472E-02
   7.905857E+01   5.349383E+01   3.009847E+00   6.466851E-02
   7.933224E+01   5.295602E+01   2.963550E+00   6.425165E-02
   7.960686E+01   5.253864E+01   2.920466E+00   6.384379E-02
   7.988242E+01   5.213357E+01   2.879216E+00   6.344173E-02
   8.015894E+01   5.174635E+01   2.839886E+00   6.304576E-02
   8.043642E+01   5.132291E+01   2.803033E+00   6.265786E-02
   8.071486E+01   5.070004E+01   2.766134E+00   6.227161E-02
   8.099426E+01   5.007898E+01   2.729297E+00   6.188632E-02
   8.127463E+01   4.936244E+01   2.692517E+00   6.150239E-02
   8.155596E+01   4.863888E+01   2.655135E+00   6.111743E-02
   8.183828E+01   4.794691E+01   2.617616E+00   6.073259E-02
   8.212157E+01   4.727579E+01   2.580498E+00   6.034951E-02
   8.240584E+01   4.660398E+01   2.543702E+00   5.996805E-02
   8.269109E+01   4.592531E+01   2.506949E+00   5.958738E-02
   8.297733E+01   4.525257E+01   2.470223E+00   5.920737E-02
   8.326457E+01   4.457947E+01   2.433357E+00   5.882750E-02
   8.355279E+01   4.391277E+01   2.395921E+00   5.844637E-02
   8.384202E+01   4.339975E+01   2.357963E+00   5.806343E-02
   8.413225E+01   4.295075E+01   2.320963E+00   5.768374E-02
   8.442348E+01   4.262935E+01   2.283257E+00   5.730172E-02
   8.471572E+01   4.252110E+01   2.247977E+00   5.692710E-02
   8.500897E+01   4.242774E+01   2.213647E+00   5.655604E-02
   8.530323E+01   4.255855E+01   2.181263E+00   5.619099E-02
   8.559852E+01   4.269945E+01   2.151587E+00   5.583547E-02
   8.589482E+01   4.279495E+01   2.123952E+00   5.548768E-02
   8.619215E+01   4.286242E+01   2.097808E+00   5.514582E-02
   8.649052E+01   4.283641E+01   2.074363E+00   5.481436E-02
   8.678991E+01   4.249356E+01   2.050078E+00   5.448235E-02
   8.709034E+01   4.215364E+01   2.025480E+00   5.415015E-02
   8.739181E+01   4.166993E+01   2.000810E+00   5.381917E-02
   8.769432E+01   4.115468E+01   1.974946E+00   5.348499E-02
   8.799789E+01   4.070260E+01   1.948205E+00   5.314824E-02
   8.830250E+01   4.035787E+01   1.922201E+00   5.281435E-02
   8.860816E+01   4.001663E+01   1.896633E+00   5.248272E-02
   8.891489E+01   3.972082E+01   1.871494E+00   5.215316E-02
   8.922267E+01   3.943309E+01   1.846973E+00   5.182653E-02
   8.953153E+01   3.914690E+01   1.822896E+00   5.150224E-02
   8.984145E+01   3.886210E+01   1.799170E+00   5.117997E-02
   9.015244E+01   3.857947E+01   1.775591E+00   5.085898E-02
   9.046451E+01   3.839280E+01   1.752540E+00   5.054030E-02
   9.077766E+01   3.821655E+01   1.730498E+00   5.022610E-02
   9.109190E+01   3.802504E+01   1.709300E+00   4.991591E-02
   9.140722E+01   3.780850E+01   1.688609E+00   4.960855E-02
   9.172363E+01   3.759293E+01   1.668794E+00   4.930534E-02
   9.204114E+01   3.720302E+01   1.649371E+00   4.900516E-02
   9.235975E+01   3.678072E+01   1.629228E+00   4.870314E-02
   9.267946E+01   3.636338E+01   1.608847E+00   4.840096E-02
   9.300028E+01   3.595284E+01   1.588263E+00   4.809871E-02
   9.332221E+01   3.554633E+01   1.567144E+00   4.779504E-02
   9.364525E+01   3.535894E+01   1.545517E+00   4.748923E-02
   9.396941E+01   3.528195E+01   1.525410E+00   4.718973E-02
   9.429469E+01   3.523894E+01   1.505294E+00   4.689077E-02
   9.462110E+01   3.552279E+01   1.486764E+00   4.659773E-02
   9.494864E+01   3.581907E+01   1.470527E+00   4.631479E-02
   9.527731E+01   3.613688E+01   1.455811E+00   4.603888E-02
   9.560712E+01   3.648906E+01   1.443092E+00   4.577203E-02
   9.593807E+01   3.683445E+01   1.432838E+00   4.551650E-02
   9.627017E+01   3.683596E+01   1.424598E+00   4.527188E-02
   9.660342E+01   3.671329E+01   1.416053E+00   4.502767E-02
   9.693782E+01   3.655269E+01   1.409180E+00   4.479186E-02
   9.727338E+01   3.601291E+01   1.402465E+00   4.455943E-02
   9.761010E+01   3.545894E+01   1.395449E+00   4.432697E-02
   9.794798E+01   3.491365E+01   1.389298E+00   4.409936E-02
   9.828704E+01   3.438070E+01   1.384938E+00   4.388061E-02
   9.862727E+01   3.385056E+01   1.383283E+00   4.367479E-02
   9.896867E+01   3.344547E+01   1.386468E+00   4.349079E-02
   9.931126E+01   3.312473E+01   1.400548E+00   4.335510E-02
   9.965504E+01   3.278369E+01   1.443312E+00   4.334459E-02
   1.000000E+02   3.264209E+01   1.648550E+00   4.401635E-02
