#============================================================================
# Opacities computed by OpTool        <a^n>=  1.0000E-1  1.0000E-1  1.0000E-1
# Method:   DHS  fmax=  0.990
# Parameters:
#   amin [um]=      0.100 amax [um]=      0.100  na  =    1     apow=   3.5    
#   lmin [um]=      0.100 lmax [um]=    100.000  nlam= 2000     nang=   180
#   porosity =      0.000 p_mantle =      0.000  fmax= 0.99     chop=   0.0
# Composition:
#  Where   mfrac  rho   Material
#  -----   -----  ----  -----------------------------------------------------
#  core    1.000  2.21  /Users/jvarga/Dokumentumok/MATISSE/pro/optool_misc_lnk//nk_annealed_sil.dat
#  - - -   - - -  -  -  - - - - - - - - - - - - - - - - - - - - - - - - - - -
#  grain   1.000  2.21  mixture of  1 materials
#----------------------------------------------------------------------------
# Command: /Users/jvarga/bin/optool -dhs 0.99 -l 0.1 100 2000 -a 0.100000 \
#   /Users/jvarga/Dokumentumok/MATISSE/pro/optool_misc_lnk//nk_annealed_sil.dat \
#   -o /Users/jvarga/Dokumentumok/MATISSE/pro/opacities/
#============================================================================
# Standard output file, no scattering matrix
#    iformat
#    nlambda
#    lambda[um]  kabs [cm^2/g]  ksca [cm^2/g]    g_asymmetry
#============================================================================
           3
        2000
   1.000000E-01   2.319480E+04   5.687757E+04   8.812513E-01
   1.003462E-01   2.312875E+04   5.659449E+04   8.808296E-01
   1.006935E-01   2.306297E+04   5.631103E+04   8.804387E-01
   1.010421E-01   2.299739E+04   5.602716E+04   8.800785E-01
   1.013918E-01   2.293193E+04   5.574292E+04   8.797475E-01
   1.017428E-01   2.286652E+04   5.545836E+04   8.794431E-01
   1.020950E-01   2.280109E+04   5.517357E+04   8.791618E-01
   1.024484E-01   2.273558E+04   5.488867E+04   8.788992E-01
   1.028031E-01   2.266995E+04   5.460381E+04   8.786506E-01
   1.031589E-01   2.260417E+04   5.431914E+04   8.784107E-01
   1.035160E-01   2.253821E+04   5.403483E+04   8.781743E-01
   1.038743E-01   2.247206E+04   5.375103E+04   8.779362E-01
   1.042339E-01   2.240573E+04   5.346792E+04   8.776912E-01
   1.045947E-01   2.233923E+04   5.318564E+04   8.774350E-01
   1.049568E-01   2.227257E+04   5.290432E+04   8.771632E-01
   1.053201E-01   2.220579E+04   5.262409E+04   8.768727E-01
   1.056847E-01   2.213891E+04   5.234504E+04   8.765604E-01
   1.060505E-01   2.207199E+04   5.206725E+04   8.762244E-01
   1.064176E-01   2.200505E+04   5.179079E+04   8.758633E-01
   1.067860E-01   2.193813E+04   5.151568E+04   8.754766E-01
   1.071556E-01   2.187129E+04   5.124195E+04   8.750644E-01
   1.075266E-01   2.180456E+04   5.096958E+04   8.746273E-01
   1.078988E-01   2.173797E+04   5.069856E+04   8.741666E-01
   1.082723E-01   2.167155E+04   5.042886E+04   8.736841E-01
   1.086471E-01   2.160535E+04   5.016043E+04   8.731820E-01
   1.090232E-01   2.153937E+04   4.989321E+04   8.726627E-01
   1.094006E-01   2.147365E+04   4.962714E+04   8.721288E-01
   1.097793E-01   2.140820E+04   4.936216E+04   8.715834E-01
   1.101593E-01   2.134303E+04   4.909821E+04   8.710292E-01
   1.105406E-01   2.127815E+04   4.883519E+04   8.704694E-01
   1.109232E-01   2.121357E+04   4.857306E+04   8.699069E-01
   1.113072E-01   2.114929E+04   4.831174E+04   8.693446E-01
   1.116925E-01   2.108530E+04   4.805116E+04   8.687856E-01
   1.120791E-01   2.102161E+04   4.779126E+04   8.682323E-01
   1.124671E-01   2.095821E+04   4.753197E+04   8.676875E-01
   1.128564E-01   2.089508E+04   4.727325E+04   8.671533E-01
   1.132471E-01   2.083222E+04   4.701505E+04   8.666318E-01
   1.136391E-01   2.076960E+04   4.675732E+04   8.661246E-01
   1.140325E-01   2.070720E+04   4.650004E+04   8.656330E-01
   1.144272E-01   2.064500E+04   4.624319E+04   8.651576E-01
   1.148233E-01   2.058299E+04   4.598678E+04   8.646989E-01
   1.152208E-01   2.052113E+04   4.573080E+04   8.642567E-01
   1.156196E-01   2.045940E+04   4.547528E+04   8.638304E-01
   1.160198E-01   2.039778E+04   4.522025E+04   8.634189E-01
   1.164215E-01   2.033625E+04   4.496577E+04   8.630208E-01
   1.168245E-01   2.027479E+04   4.471187E+04   8.626344E-01
   1.172289E-01   2.021339E+04   4.445863E+04   8.622577E-01
   1.176347E-01   2.015204E+04   4.420610E+04   8.618886E-01
   1.180419E-01   2.009073E+04   4.395435E+04   8.615248E-01
   1.184505E-01   2.002946E+04   4.370345E+04   8.611642E-01
   1.188605E-01   1.996824E+04   4.345344E+04   8.608047E-01
   1.192719E-01   1.990706E+04   4.320440E+04   8.604443E-01
   1.196848E-01   1.984595E+04   4.295635E+04   8.600813E-01
   1.200991E-01   1.978490E+04   4.270935E+04   8.597141E-01
   1.205148E-01   1.972393E+04   4.246341E+04   8.593414E-01
   1.209320E-01   1.966305E+04   4.221857E+04   8.589622E-01
   1.213506E-01   1.960227E+04   4.197484E+04   8.585755E-01
   1.217707E-01   1.954161E+04   4.173222E+04   8.581806E-01
   1.221922E-01   1.948108E+04   4.149071E+04   8.577770E-01
   1.226152E-01   1.942069E+04   4.125030E+04   8.573643E-01
   1.230396E-01   1.936045E+04   4.101100E+04   8.569423E-01
   1.234655E-01   1.930035E+04   4.077278E+04   8.565105E-01
   1.238929E-01   1.924042E+04   4.053563E+04   8.560691E-01
   1.243218E-01   1.918065E+04   4.029953E+04   8.556178E-01
   1.247521E-01   1.912105E+04   4.006446E+04   8.551567E-01
   1.251840E-01   1.906162E+04   3.983040E+04   8.546860E-01
   1.256173E-01   1.900236E+04   3.959733E+04   8.542056E-01
   1.260522E-01   1.894327E+04   3.936523E+04   8.537160E-01
   1.264885E-01   1.888435E+04   3.913408E+04   8.532176E-01
   1.269263E-01   1.882560E+04   3.890385E+04   8.527108E-01
   1.273657E-01   1.876702E+04   3.867452E+04   8.521962E-01
   1.278066E-01   1.870860E+04   3.844607E+04   8.516746E-01
   1.282490E-01   1.865034E+04   3.821848E+04   8.511467E-01
   1.286930E-01   1.859224E+04   3.799173E+04   8.506136E-01
   1.291384E-01   1.853428E+04   3.776580E+04   8.500760E-01
   1.295855E-01   1.847646E+04   3.754067E+04   8.495349E-01
   1.300340E-01   1.841878E+04   3.731634E+04   8.489913E-01
   1.304842E-01   1.836123E+04   3.709279E+04   8.484461E-01
   1.309358E-01   1.830380E+04   3.687002E+04   8.479000E-01
   1.313891E-01   1.824647E+04   3.664803E+04   8.473538E-01
   1.318439E-01   1.818925E+04   3.642682E+04   8.468082E-01
   1.323003E-01   1.813213E+04   3.620640E+04   8.462635E-01
   1.327583E-01   1.807509E+04   3.598678E+04   8.457202E-01
   1.332178E-01   1.801813E+04   3.576798E+04   8.451783E-01
   1.336790E-01   1.796125E+04   3.555001E+04   8.446380E-01
   1.341417E-01   1.790444E+04   3.533290E+04   8.440991E-01
   1.346060E-01   1.784770E+04   3.511667E+04   8.435613E-01
   1.350720E-01   1.779102E+04   3.490135E+04   8.430244E-01
   1.355395E-01   1.773442E+04   3.468695E+04   8.424879E-01
   1.360087E-01   1.767788E+04   3.447351E+04   8.419513E-01
   1.364795E-01   1.762140E+04   3.426105E+04   8.414139E-01
   1.369520E-01   1.756500E+04   3.404961E+04   8.408751E-01
   1.374260E-01   1.750868E+04   3.383919E+04   8.403343E-01
   1.379018E-01   1.745245E+04   3.362983E+04   8.397908E-01
   1.383791E-01   1.739630E+04   3.342154E+04   8.392440E-01
   1.388581E-01   1.734025E+04   3.321434E+04   8.386933E-01
   1.393388E-01   1.728431E+04   3.300825E+04   8.381381E-01
   1.398211E-01   1.722848E+04   3.280327E+04   8.375779E-01
   1.403051E-01   1.717278E+04   3.259943E+04   8.370123E-01
   1.407908E-01   1.711721E+04   3.239671E+04   8.364410E-01
   1.412782E-01   1.706178E+04   3.219513E+04   8.358638E-01
   1.417672E-01   1.700651E+04   3.199469E+04   8.352804E-01
   1.422579E-01   1.695140E+04   3.179537E+04   8.346909E-01
   1.427504E-01   1.689646E+04   3.159718E+04   8.340953E-01
   1.432445E-01   1.684170E+04   3.140011E+04   8.334937E-01
   1.437404E-01   1.678713E+04   3.120415E+04   8.328864E-01
   1.442379E-01   1.673275E+04   3.100927E+04   8.322737E-01
   1.447372E-01   1.667857E+04   3.081548E+04   8.316560E-01
   1.452383E-01   1.662460E+04   3.062275E+04   8.310338E-01
   1.457410E-01   1.657084E+04   3.043106E+04   8.304077E-01
   1.462455E-01   1.651729E+04   3.024039E+04   8.297781E-01
   1.467518E-01   1.646397E+04   3.005073E+04   8.291459E-01
   1.472597E-01   1.641086E+04   2.986205E+04   8.285117E-01
   1.477695E-01   1.635798E+04   2.967433E+04   8.278763E-01
   1.482810E-01   1.630533E+04   2.948755E+04   8.272404E-01
   1.487943E-01   1.625290E+04   2.930169E+04   8.266049E-01
   1.493094E-01   1.620069E+04   2.911672E+04   8.259704E-01
   1.498262E-01   1.614870E+04   2.893262E+04   8.253379E-01
   1.503448E-01   1.609693E+04   2.874937E+04   8.247080E-01
   1.508653E-01   1.604538E+04   2.856694E+04   8.240816E-01
   1.513875E-01   1.599404E+04   2.838532E+04   8.234594E-01
   1.519116E-01   1.594290E+04   2.820449E+04   8.228420E-01
   1.524374E-01   1.589196E+04   2.802443E+04   8.222300E-01
   1.529651E-01   1.584122E+04   2.784512E+04   8.216239E-01
   1.534946E-01   1.579066E+04   2.766655E+04   8.210243E-01
   1.540259E-01   1.574028E+04   2.748870E+04   8.204313E-01
   1.545591E-01   1.569007E+04   2.731156E+04   8.198453E-01
   1.550941E-01   1.564003E+04   2.713513E+04   8.192663E-01
   1.556310E-01   1.559013E+04   2.695940E+04   8.186944E-01
   1.561697E-01   1.554038E+04   2.678436E+04   8.181294E-01
   1.567103E-01   1.549076E+04   2.661002E+04   8.175711E-01
   1.572528E-01   1.544127E+04   2.643637E+04   8.170190E-01
   1.577971E-01   1.539190E+04   2.626342E+04   8.164728E-01
   1.583433E-01   1.534265E+04   2.609118E+04   8.159319E-01
   1.588915E-01   1.529349E+04   2.591964E+04   8.153955E-01
   1.594415E-01   1.524443E+04   2.574883E+04   8.148631E-01
   1.599934E-01   1.519546E+04   2.557874E+04   8.143338E-01
   1.605472E-01   1.514658E+04   2.540939E+04   8.138068E-01
   1.611030E-01   1.509778E+04   2.524079E+04   8.132812E-01
   1.616606E-01   1.504906E+04   2.507296E+04   8.127563E-01
   1.622202E-01   1.500041E+04   2.490590E+04   8.122313E-01
   1.627818E-01   1.495184E+04   2.473963E+04   8.117053E-01
   1.633453E-01   1.490334E+04   2.457416E+04   8.111777E-01
   1.639107E-01   1.485491E+04   2.440950E+04   8.106477E-01
   1.644781E-01   1.480655E+04   2.424565E+04   8.101147E-01
   1.650474E-01   1.475826E+04   2.408264E+04   8.095782E-01
   1.656188E-01   1.471004E+04   2.392047E+04   8.090377E-01
   1.661921E-01   1.466190E+04   2.375914E+04   8.084928E-01
   1.667674E-01   1.461383E+04   2.359867E+04   8.079431E-01
   1.673446E-01   1.456583E+04   2.343907E+04   8.073884E-01
   1.679239E-01   1.451792E+04   2.328033E+04   8.068283E-01
   1.685052E-01   1.447008E+04   2.312246E+04   8.062627E-01
   1.690885E-01   1.442233E+04   2.296547E+04   8.056915E-01
   1.696738E-01   1.437466E+04   2.280936E+04   8.051145E-01
   1.702611E-01   1.432708E+04   2.265415E+04   8.045315E-01
   1.708505E-01   1.427958E+04   2.249982E+04   8.039426E-01
   1.714419E-01   1.423218E+04   2.234640E+04   8.033475E-01
   1.720354E-01   1.418486E+04   2.219387E+04   8.027461E-01
   1.726309E-01   1.413764E+04   2.204225E+04   8.021384E-01
   1.732285E-01   1.409052E+04   2.189154E+04   8.015242E-01
   1.738281E-01   1.404350E+04   2.174174E+04   8.009034E-01
   1.744299E-01   1.399658E+04   2.159285E+04   8.002759E-01
   1.750337E-01   1.394977E+04   2.144489E+04   7.996415E-01
   1.756395E-01   1.390307E+04   2.129784E+04   7.990001E-01
   1.762475E-01   1.385647E+04   2.115172E+04   7.983515E-01
   1.768576E-01   1.380999E+04   2.100653E+04   7.976957E-01
   1.774698E-01   1.376364E+04   2.086225E+04   7.970326E-01
   1.780842E-01   1.371740E+04   2.071891E+04   7.963620E-01
   1.787006E-01   1.367129E+04   2.057648E+04   7.956841E-01
   1.793192E-01   1.362530E+04   2.043498E+04   7.949987E-01
   1.799399E-01   1.357945E+04   2.029439E+04   7.943059E-01
   1.805628E-01   1.353374E+04   2.015472E+04   7.936059E-01
   1.811878E-01   1.348816E+04   2.001595E+04   7.928988E-01
   1.818150E-01   1.344273E+04   1.987808E+04   7.921847E-01
   1.824444E-01   1.339745E+04   1.974111E+04   7.914639E-01
   1.830760E-01   1.335231E+04   1.960502E+04   7.907367E-01
   1.837097E-01   1.330733E+04   1.946980E+04   7.900034E-01
   1.843456E-01   1.326250E+04   1.933545E+04   7.892643E-01
   1.849837E-01   1.321782E+04   1.920195E+04   7.885198E-01
   1.856241E-01   1.317330E+04   1.906930E+04   7.877702E-01
   1.862666E-01   1.312894E+04   1.893747E+04   7.870161E-01
   1.869114E-01   1.308474E+04   1.880647E+04   7.862577E-01
   1.875584E-01   1.304069E+04   1.867628E+04   7.854954E-01
   1.882077E-01   1.299681E+04   1.854688E+04   7.847296E-01
   1.888592E-01   1.295308E+04   1.841826E+04   7.839607E-01
   1.895129E-01   1.290950E+04   1.829043E+04   7.831888E-01
   1.901689E-01   1.286608E+04   1.816335E+04   7.824143E-01
   1.908272E-01   1.282281E+04   1.803703E+04   7.816373E-01
   1.914878E-01   1.277969E+04   1.791146E+04   7.808581E-01
   1.921506E-01   1.273672E+04   1.778663E+04   7.800765E-01
   1.928158E-01   1.269390E+04   1.766253E+04   7.792927E-01
   1.934832E-01   1.265121E+04   1.753915E+04   7.785066E-01
   1.941530E-01   1.260867E+04   1.741648E+04   7.777182E-01
   1.948251E-01   1.256626E+04   1.729454E+04   7.769271E-01
   1.954995E-01   1.252399E+04   1.717330E+04   7.761331E-01
   1.961762E-01   1.248185E+04   1.705276E+04   7.753360E-01
   1.968553E-01   1.243984E+04   1.693293E+04   7.745355E-01
   1.975367E-01   1.239795E+04   1.681380E+04   7.737310E-01
   1.982205E-01   1.235618E+04   1.669537E+04   7.729222E-01
   1.989067E-01   1.231454E+04   1.657764E+04   7.721086E-01
   1.995952E-01   1.227302E+04   1.646061E+04   7.712898E-01
   2.002861E-01   1.223161E+04   1.634427E+04   7.704652E-01
   2.009794E-01   1.219032E+04   1.622863E+04   7.696344E-01
   2.016751E-01   1.214914E+04   1.611370E+04   7.687967E-01
   2.023732E-01   1.210807E+04   1.599946E+04   7.679519E-01
   2.030738E-01   1.206712E+04   1.588592E+04   7.670993E-01
   2.037767E-01   1.202628E+04   1.577309E+04   7.662386E-01
   2.044821E-01   1.198555E+04   1.566095E+04   7.653694E-01
   2.051899E-01   1.194492E+04   1.554952E+04   7.644912E-01
   2.059002E-01   1.190441E+04   1.543879E+04   7.636039E-01
   2.066130E-01   1.186402E+04   1.532876E+04   7.627072E-01
   2.073282E-01   1.182373E+04   1.521943E+04   7.618009E-01
   2.080459E-01   1.178355E+04   1.511080E+04   7.608848E-01
   2.087660E-01   1.174349E+04   1.500287E+04   7.599588E-01
   2.094887E-01   1.170354E+04   1.489564E+04   7.590230E-01
   2.102139E-01   1.166370E+04   1.478911E+04   7.580774E-01
   2.109415E-01   1.162398E+04   1.468327E+04   7.571221E-01
   2.116717E-01   1.158437E+04   1.457812E+04   7.561572E-01
   2.124044E-01   1.154489E+04   1.447367E+04   7.551830E-01
   2.131397E-01   1.150552E+04   1.436990E+04   7.541998E-01
   2.138775E-01   1.146627E+04   1.426681E+04   7.532078E-01
   2.146178E-01   1.142714E+04   1.416441E+04   7.522074E-01
   2.153608E-01   1.138813E+04   1.406268E+04   7.511991E-01
   2.161063E-01   1.134924E+04   1.396162E+04   7.501832E-01
   2.168543E-01   1.131048E+04   1.386123E+04   7.491603E-01
   2.176050E-01   1.127184E+04   1.376151E+04   7.481307E-01
   2.183582E-01   1.123333E+04   1.366245E+04   7.470951E-01
   2.191141E-01   1.119495E+04   1.356405E+04   7.460539E-01
   2.198726E-01   1.115669E+04   1.346630E+04   7.450077E-01
   2.206337E-01   1.111856E+04   1.336919E+04   7.439570E-01
   2.213974E-01   1.108056E+04   1.327274E+04   7.429024E-01
   2.221638E-01   1.104268E+04   1.317692E+04   7.418445E-01
   2.229329E-01   1.100494E+04   1.308173E+04   7.407837E-01
   2.237046E-01   1.096733E+04   1.298718E+04   7.397207E-01
   2.244789E-01   1.092985E+04   1.289326E+04   7.386560E-01
   2.252560E-01   1.089250E+04   1.279995E+04   7.375901E-01
   2.260357E-01   1.085529E+04   1.270727E+04   7.365235E-01
   2.268182E-01   1.081821E+04   1.261520E+04   7.354569E-01
   2.276033E-01   1.078126E+04   1.252373E+04   7.343907E-01
   2.283912E-01   1.074444E+04   1.243287E+04   7.333253E-01
   2.291818E-01   1.070777E+04   1.234261E+04   7.322614E-01
   2.299751E-01   1.067122E+04   1.225295E+04   7.311993E-01
   2.307712E-01   1.063481E+04   1.216387E+04   7.301396E-01
   2.315700E-01   1.059854E+04   1.207538E+04   7.290827E-01
   2.323716E-01   1.056240E+04   1.198747E+04   7.280290E-01
   2.331760E-01   1.052640E+04   1.190014E+04   7.269790E-01
   2.339832E-01   1.049054E+04   1.181337E+04   7.259331E-01
   2.347931E-01   1.045481E+04   1.172717E+04   7.248917E-01
   2.356059E-01   1.041922E+04   1.164153E+04   7.238553E-01
   2.364214E-01   1.038377E+04   1.155644E+04   7.228242E-01
   2.372398E-01   1.034846E+04   1.147190E+04   7.217988E-01
   2.380610E-01   1.031329E+04   1.138790E+04   7.207796E-01
   2.388851E-01   1.027825E+04   1.130444E+04   7.197668E-01
   2.397120E-01   1.024335E+04   1.122152E+04   7.187608E-01
   2.405418E-01   1.020859E+04   1.113911E+04   7.177620E-01
   2.413745E-01   1.017396E+04   1.105723E+04   7.167708E-01
   2.422100E-01   1.013948E+04   1.097586E+04   7.157874E-01
   2.430484E-01   1.010513E+04   1.089500E+04   7.148123E-01
   2.438898E-01   1.007092E+04   1.081464E+04   7.138456E-01
   2.447340E-01   1.003685E+04   1.073477E+04   7.128878E-01
   2.455812E-01   1.000291E+04   1.065539E+04   7.119392E-01
   2.464313E-01   9.969108E+03   1.057650E+04   7.110001E-01
   2.472843E-01   9.935443E+03   1.049808E+04   7.100707E-01
   2.481403E-01   9.901913E+03   1.042013E+04   7.091514E-01
   2.489993E-01   9.868518E+03   1.034265E+04   7.082425E-01
   2.498612E-01   9.835256E+03   1.026562E+04   7.073442E-01
   2.507261E-01   9.802128E+03   1.018905E+04   7.064569E-01
   2.515940E-01   9.769132E+03   1.011292E+04   7.055807E-01
   2.524650E-01   9.736267E+03   1.003722E+04   7.047160E-01
   2.533389E-01   9.703533E+03   9.961964E+03   7.038631E-01
   2.542158E-01   9.670928E+03   9.887130E+03   7.030222E-01
   2.550958E-01   9.638452E+03   9.812715E+03   7.021936E-01
   2.559789E-01   9.606102E+03   9.738714E+03   7.013776E-01
   2.568650E-01   9.573879E+03   9.665120E+03   7.005743E-01
   2.577541E-01   9.541781E+03   9.591928E+03   6.997841E-01
   2.586463E-01   9.509806E+03   9.519132E+03   6.990072E-01
   2.595417E-01   9.477953E+03   9.446725E+03   6.982439E-01
   2.604401E-01   9.446221E+03   9.374702E+03   6.974943E-01
   2.613416E-01   9.414607E+03   9.303058E+03   6.967588E-01
   2.622463E-01   9.383111E+03   9.231787E+03   6.960376E-01
   2.631541E-01   9.351731E+03   9.160884E+03   6.953308E-01
   2.640650E-01   9.320465E+03   9.090344E+03   6.946387E-01
   2.649791E-01   9.289311E+03   9.020161E+03   6.939615E-01
   2.658963E-01   9.258267E+03   8.950331E+03   6.932994E-01
   2.668168E-01   9.227332E+03   8.880850E+03   6.926525E-01
   2.677404E-01   9.196504E+03   8.811713E+03   6.920211E-01
   2.686672E-01   9.165780E+03   8.742915E+03   6.914053E-01
   2.695972E-01   9.135159E+03   8.674454E+03   6.908052E-01
   2.705304E-01   9.104639E+03   8.606325E+03   6.902210E-01
   2.714669E-01   9.074217E+03   8.538525E+03   6.896528E-01
   2.724066E-01   9.043891E+03   8.471050E+03   6.891006E-01
   2.733495E-01   9.013659E+03   8.403898E+03   6.885645E-01
   2.742958E-01   8.983520E+03   8.337067E+03   6.880446E-01
   2.752453E-01   8.953470E+03   8.270553E+03   6.875409E-01
   2.761981E-01   8.923508E+03   8.204355E+03   6.870533E-01
   2.771541E-01   8.893632E+03   8.138470E+03   6.865819E-01
   2.781135E-01   8.863839E+03   8.072898E+03   6.861265E-01
   2.790762E-01   8.834127E+03   8.007637E+03   6.856871E-01
   2.800423E-01   8.804494E+03   7.942686E+03   6.852636E-01
   2.810117E-01   8.774937E+03   7.878044E+03   6.848558E-01
   2.819844E-01   8.745456E+03   7.813711E+03   6.844636E-01
   2.829605E-01   8.716046E+03   7.749686E+03   6.840866E-01
   2.839400E-01   8.686708E+03   7.685971E+03   6.837248E-01
   2.849229E-01   8.657438E+03   7.622564E+03   6.833778E-01
   2.859092E-01   8.628234E+03   7.559467E+03   6.830453E-01
   2.868989E-01   8.599095E+03   7.496680E+03   6.827269E-01
   2.878920E-01   8.570019E+03   7.434205E+03   6.824224E-01
   2.888886E-01   8.541004E+03   7.372043E+03   6.821313E-01
   2.898886E-01   8.512049E+03   7.310194E+03   6.818532E-01
   2.908921E-01   8.483151E+03   7.248662E+03   6.815877E-01
   2.918990E-01   8.454309E+03   7.187447E+03   6.813342E-01
   2.929094E-01   8.425522E+03   7.126551E+03   6.810923E-01
   2.939234E-01   8.396788E+03   7.065977E+03   6.808614E-01
   2.949408E-01   8.368106E+03   7.005726E+03   6.806410E-01
   2.959618E-01   8.339474E+03   6.945802E+03   6.804305E-01
   2.969863E-01   8.310892E+03   6.886206E+03   6.802293E-01
   2.980143E-01   8.282359E+03   6.826941E+03   6.800368E-01
   2.990459E-01   8.253873E+03   6.768010E+03   6.798524E-01
   3.000811E-01   8.225433E+03   6.709415E+03   6.796754E-01
   3.011198E-01   8.197040E+03   6.651158E+03   6.795051E-01
   3.021622E-01   8.168691E+03   6.593244E+03   6.793408E-01
   3.032081E-01   8.140387E+03   6.535673E+03   6.791820E-01
   3.042577E-01   8.112127E+03   6.478450E+03   6.790278E-01
   3.053109E-01   8.083911E+03   6.421576E+03   6.788776E-01
   3.063678E-01   8.055737E+03   6.365054E+03   6.787307E-01
   3.074283E-01   8.027607E+03   6.308887E+03   6.785864E-01
   3.084925E-01   7.999519E+03   6.253078E+03   6.784440E-01
   3.095604E-01   7.971474E+03   6.197629E+03   6.783026E-01
   3.106320E-01   7.943472E+03   6.142542E+03   6.781618E-01
   3.117072E-01   7.915511E+03   6.087820E+03   6.780206E-01
   3.127862E-01   7.887594E+03   6.033465E+03   6.778785E-01
   3.138690E-01   7.859720E+03   5.979479E+03   6.777347E-01
   3.149554E-01   7.831888E+03   5.925864E+03   6.775886E-01
   3.160457E-01   7.804100E+03   5.872623E+03   6.774394E-01
   3.171397E-01   7.776356E+03   5.819757E+03   6.772866E-01
   3.182375E-01   7.748656E+03   5.767268E+03   6.771293E-01
   3.193391E-01   7.721000E+03   5.715158E+03   6.769671E-01
   3.204445E-01   7.693389E+03   5.663428E+03   6.767992E-01
   3.215538E-01   7.665824E+03   5.612079E+03   6.766250E-01
   3.226669E-01   7.638306E+03   5.561113E+03   6.764440E-01
   3.237838E-01   7.610834E+03   5.510530E+03   6.762554E-01
   3.249046E-01   7.583409E+03   5.460333E+03   6.760588E-01
   3.260293E-01   7.556033E+03   5.410522E+03   6.758536E-01
   3.271579E-01   7.528705E+03   5.361097E+03   6.756391E-01
   3.282904E-01   7.501427E+03   5.312059E+03   6.754149E-01
   3.294268E-01   7.474199E+03   5.263409E+03   6.751805E-01
   3.305671E-01   7.447023E+03   5.215148E+03   6.749352E-01
   3.317114E-01   7.419898E+03   5.167274E+03   6.746787E-01
   3.328596E-01   7.392826E+03   5.119789E+03   6.744104E-01
   3.340119E-01   7.365808E+03   5.072693E+03   6.741299E-01
   3.351681E-01   7.338844E+03   5.025986E+03   6.738367E-01
   3.363283E-01   7.311935E+03   4.979666E+03   6.735303E-01
   3.374925E-01   7.285082E+03   4.933735E+03   6.732104E-01
   3.386608E-01   7.258286E+03   4.888191E+03   6.728765E-01
   3.398331E-01   7.231547E+03   4.843035E+03   6.725282E-01
   3.410094E-01   7.204867E+03   4.798264E+03   6.721651E-01
   3.421899E-01   7.178247E+03   4.753880E+03   6.717869E-01
   3.433744E-01   7.151686E+03   4.709881E+03   6.713931E-01
   3.445630E-01   7.125187E+03   4.666265E+03   6.709834E-01
   3.457557E-01   7.098750E+03   4.623033E+03   6.705574E-01
   3.469526E-01   7.072375E+03   4.580183E+03   6.701149E-01
   3.481536E-01   7.046064E+03   4.537713E+03   6.696554E-01
   3.493588E-01   7.019817E+03   4.495623E+03   6.691787E-01
   3.505681E-01   6.993636E+03   4.453912E+03   6.686844E-01
   3.517816E-01   6.967520E+03   4.412577E+03   6.681723E-01
   3.529993E-01   6.941471E+03   4.371617E+03   6.676420E-01
   3.542213E-01   6.915490E+03   4.331032E+03   6.670932E-01
   3.554474E-01   6.889577E+03   4.290818E+03   6.665258E-01
   3.566778E-01   6.863733E+03   4.250975E+03   6.659393E-01
   3.579125E-01   6.837959E+03   4.211501E+03   6.653337E-01
   3.591515E-01   6.812256E+03   4.172394E+03   6.647085E-01
   3.603947E-01   6.786624E+03   4.133651E+03   6.640635E-01
   3.616422E-01   6.761064E+03   4.095272E+03   6.633986E-01
   3.628941E-01   6.735576E+03   4.057254E+03   6.627135E-01
   3.641503E-01   6.710163E+03   4.019596E+03   6.620079E-01
   3.654108E-01   6.684823E+03   3.982294E+03   6.612817E-01
   3.666757E-01   6.659558E+03   3.945347E+03   6.605347E-01
   3.679450E-01   6.634368E+03   3.908752E+03   6.597666E-01
   3.692187E-01   6.609255E+03   3.872508E+03   6.589773E-01
   3.704967E-01   6.584218E+03   3.836612E+03   6.581667E-01
   3.717792E-01   6.559259E+03   3.801062E+03   6.573345E-01
   3.730662E-01   6.534378E+03   3.765855E+03   6.564806E-01
   3.743576E-01   6.509575E+03   3.730989E+03   6.556048E-01
   3.756535E-01   6.484851E+03   3.696461E+03   6.547071E-01
   3.769538E-01   6.460207E+03   3.662269E+03   6.537873E-01
   3.782587E-01   6.435644E+03   3.628410E+03   6.528453E-01
   3.795680E-01   6.411160E+03   3.594882E+03   6.518811E-01
   3.808820E-01   6.386759E+03   3.561682E+03   6.508944E-01
   3.822004E-01   6.362439E+03   3.528807E+03   6.498853E-01
   3.835234E-01   6.338201E+03   3.496255E+03   6.488537E-01
   3.848510E-01   6.314045E+03   3.464022E+03   6.477995E-01
   3.861832E-01   6.289973E+03   3.432107E+03   6.467228E-01
   3.875200E-01   6.265985E+03   3.400506E+03   6.456234E-01
   3.888615E-01   6.242081E+03   3.369217E+03   6.445014E-01
   3.902075E-01   6.218260E+03   3.338236E+03   6.433569E-01
   3.915583E-01   6.194525E+03   3.307561E+03   6.421897E-01
   3.929137E-01   6.170875E+03   3.277189E+03   6.410000E-01
   3.942738E-01   6.147310E+03   3.247117E+03   6.397878E-01
   3.956386E-01   6.123831E+03   3.217342E+03   6.385532E-01
   3.970081E-01   6.100438E+03   3.187861E+03   6.372962E-01
   3.983824E-01   6.077131E+03   3.158671E+03   6.360169E-01
   3.997614E-01   6.053911E+03   3.129769E+03   6.347155E-01
   4.011452E-01   6.030778E+03   3.101152E+03   6.333920E-01
   4.025338E-01   6.007732E+03   3.072818E+03   6.320466E-01
   4.039272E-01   5.984774E+03   3.044763E+03   6.306794E-01
   4.053255E-01   5.961903E+03   3.016984E+03   6.292906E-01
   4.067285E-01   5.939119E+03   2.989478E+03   6.278804E-01
   4.081365E-01   5.916423E+03   2.962243E+03   6.264489E-01
   4.095493E-01   5.893816E+03   2.935275E+03   6.249963E-01
   4.109670E-01   5.871296E+03   2.908571E+03   6.235228E-01
   4.123896E-01   5.848865E+03   2.882128E+03   6.220287E-01
   4.138171E-01   5.826522E+03   2.855944E+03   6.205141E-01
   4.152495E-01   5.804267E+03   2.830015E+03   6.189794E-01
   4.166870E-01   5.782100E+03   2.804338E+03   6.174247E-01
   4.181294E-01   5.760022E+03   2.778911E+03   6.158504E-01
   4.195767E-01   5.738033E+03   2.753731E+03   6.142566E-01
   4.210291E-01   5.716131E+03   2.728794E+03   6.126437E-01
   4.224866E-01   5.694318E+03   2.704097E+03   6.110120E-01
   4.239490E-01   5.672594E+03   2.679639E+03   6.093617E-01
   4.254166E-01   5.650957E+03   2.655415E+03   6.076931E-01
   4.268892E-01   5.629409E+03   2.631424E+03   6.060066E-01
   4.283669E-01   5.607949E+03   2.607662E+03   6.043025E-01
   4.298497E-01   5.586577E+03   2.584127E+03   6.025810E-01
   4.313377E-01   5.565293E+03   2.560816E+03   6.008426E-01
   4.328308E-01   5.544096E+03   2.537725E+03   5.990875E-01
   4.343291E-01   5.522987E+03   2.514853E+03   5.973160E-01
   4.358325E-01   5.501966E+03   2.492197E+03   5.955286E-01
   4.373412E-01   5.481032E+03   2.469754E+03   5.937255E-01
   4.388551E-01   5.460184E+03   2.447521E+03   5.919072E-01
   4.403742E-01   5.439424E+03   2.425496E+03   5.900739E-01
   4.418986E-01   5.418750E+03   2.403676E+03   5.882260E-01
   4.434283E-01   5.398163E+03   2.382059E+03   5.863638E-01
   4.449633E-01   5.377661E+03   2.360642E+03   5.844877E-01
   4.465035E-01   5.357246E+03   2.339424E+03   5.825982E-01
   4.480492E-01   5.336916E+03   2.318400E+03   5.806954E-01
   4.496001E-01   5.316672E+03   2.297570E+03   5.787798E-01
   4.511564E-01   5.296512E+03   2.276930E+03   5.768517E-01
   4.527182E-01   5.276438E+03   2.256478E+03   5.749114E-01
   4.542853E-01   5.256448E+03   2.236213E+03   5.729595E-01
   4.558578E-01   5.236542E+03   2.216131E+03   5.709961E-01
   4.574358E-01   5.216720E+03   2.196230E+03   5.690216E-01
   4.590193E-01   5.196982E+03   2.176509E+03   5.670364E-01
   4.606082E-01   5.177326E+03   2.156966E+03   5.650408E-01
   4.622026E-01   5.157754E+03   2.137597E+03   5.630352E-01
   4.638026E-01   5.138264E+03   2.118401E+03   5.610200E-01
   4.654081E-01   5.118857E+03   2.099376E+03   5.589954E-01
   4.670191E-01   5.099531E+03   2.080520E+03   5.569617E-01
   4.686358E-01   5.080287E+03   2.061831E+03   5.549195E-01
   4.702580E-01   5.061125E+03   2.043306E+03   5.528688E-01
   4.718858E-01   5.042042E+03   2.024945E+03   5.508102E-01
   4.735193E-01   5.023041E+03   2.006745E+03   5.487439E-01
   4.751584E-01   5.004119E+03   1.988704E+03   5.466702E-01
   4.768032E-01   4.985277E+03   1.970820E+03   5.445894E-01
   4.784537E-01   4.966515E+03   1.953092E+03   5.425020E-01
   4.801099E-01   4.947831E+03   1.935518E+03   5.404081E-01
   4.817719E-01   4.929226E+03   1.918096E+03   5.383081E-01
   4.834395E-01   4.910699E+03   1.900824E+03   5.362023E-01
   4.851130E-01   4.892250E+03   1.883701E+03   5.340909E-01
   4.867923E-01   4.873878E+03   1.866725E+03   5.319744E-01
   4.884773E-01   4.855583E+03   1.849894E+03   5.298529E-01
   4.901682E-01   4.837365E+03   1.833207E+03   5.277268E-01
   4.918650E-01   4.819223E+03   1.816663E+03   5.255964E-01
   4.935676E-01   4.801156E+03   1.800259E+03   5.234618E-01
   4.952762E-01   4.783166E+03   1.783994E+03   5.213235E-01
   4.969906E-01   4.765250E+03   1.767867E+03   5.191816E-01
   4.987110E-01   4.747409E+03   1.751877E+03   5.170365E-01
   5.004373E-01   4.729642E+03   1.736021E+03   5.148883E-01
   5.021696E-01   4.711949E+03   1.720299E+03   5.127375E-01
   5.039079E-01   4.694330E+03   1.704709E+03   5.105841E-01
   5.056522E-01   4.676783E+03   1.689249E+03   5.084285E-01
   5.074026E-01   4.659310E+03   1.673919E+03   5.062710E-01
   5.091590E-01   4.641908E+03   1.658716E+03   5.041117E-01
   5.109215E-01   4.624579E+03   1.643641E+03   5.019508E-01
   5.126901E-01   4.607321E+03   1.628691E+03   4.997888E-01
   5.144648E-01   4.590134E+03   1.613865E+03   4.976257E-01
   5.162457E-01   4.573017E+03   1.599162E+03   4.954617E-01
   5.180327E-01   4.555972E+03   1.584581E+03   4.932973E-01
   5.198259E-01   4.538996E+03   1.570121E+03   4.911324E-01
   5.216253E-01   4.522090E+03   1.555780E+03   4.889674E-01
   5.234310E-01   4.505252E+03   1.541557E+03   4.868025E-01
   5.252429E-01   4.488484E+03   1.527452E+03   4.846379E-01
   5.270611E-01   4.471784E+03   1.513462E+03   4.824737E-01
   5.288855E-01   4.455153E+03   1.499588E+03   4.803102E-01
   5.307163E-01   4.438589E+03   1.485827E+03   4.781477E-01
   5.325534E-01   4.422092E+03   1.472180E+03   4.759862E-01
   5.343969E-01   4.405662E+03   1.458644E+03   4.738260E-01
   5.362468E-01   4.389299E+03   1.445219E+03   4.716672E-01
   5.381030E-01   4.373002E+03   1.431904E+03   4.695102E-01
   5.399657E-01   4.356771E+03   1.418697E+03   4.673549E-01
   5.418348E-01   4.340606E+03   1.405599E+03   4.652017E-01
   5.437105E-01   4.324505E+03   1.392607E+03   4.630506E-01
   5.455926E-01   4.308469E+03   1.379721E+03   4.609019E-01
   5.474812E-01   4.292498E+03   1.366940E+03   4.587557E-01
   5.493763E-01   4.276591E+03   1.354264E+03   4.566123E-01
   5.512780E-01   4.260748E+03   1.341691E+03   4.544716E-01
   5.531863E-01   4.244968E+03   1.329220E+03   4.523340E-01
   5.551012E-01   4.229250E+03   1.316850E+03   4.501996E-01
   5.570228E-01   4.213596E+03   1.304582E+03   4.480684E-01
   5.589509E-01   4.198004E+03   1.292413E+03   4.459408E-01
   5.608858E-01   4.182474E+03   1.280343E+03   4.438167E-01
   5.628273E-01   4.167006E+03   1.268371E+03   4.416964E-01
   5.647756E-01   4.151599E+03   1.256496E+03   4.395800E-01
   5.667306E-01   4.136253E+03   1.244718E+03   4.374676E-01
   5.686924E-01   4.120967E+03   1.233036E+03   4.353594E-01
   5.706610E-01   4.105742E+03   1.221449E+03   4.332555E-01
   5.726364E-01   4.090577E+03   1.209956E+03   4.311560E-01
   5.746186E-01   4.075472E+03   1.198557E+03   4.290610E-01
   5.766077E-01   4.060426E+03   1.187250E+03   4.269707E-01
   5.786037E-01   4.045439E+03   1.176036E+03   4.248852E-01
   5.806066E-01   4.030511E+03   1.164913E+03   4.228045E-01
   5.826164E-01   4.015641E+03   1.153880E+03   4.207289E-01
   5.846332E-01   4.000830E+03   1.142938E+03   4.186584E-01
   5.866569E-01   3.986076E+03   1.132085E+03   4.165931E-01
   5.886877E-01   3.971380E+03   1.121320E+03   4.145331E-01
   5.907255E-01   3.956741E+03   1.110644E+03   4.124786E-01
   5.927703E-01   3.942159E+03   1.100054E+03   4.104296E-01
   5.948222E-01   3.927634E+03   1.089551E+03   4.083861E-01
   5.968813E-01   3.913165E+03   1.079135E+03   4.063484E-01
   5.989474E-01   3.898752E+03   1.068803E+03   4.043165E-01
   6.010207E-01   3.884394E+03   1.058556E+03   4.022905E-01
   6.031012E-01   3.870093E+03   1.048394E+03   4.002704E-01
   6.051889E-01   3.855846E+03   1.038315E+03   3.982564E-01
   6.072838E-01   3.841655E+03   1.028318E+03   3.962485E-01
   6.093860E-01   3.827518E+03   1.018405E+03   3.942468E-01
   6.114954E-01   3.813435E+03   1.008572E+03   3.922513E-01
   6.136121E-01   3.799407E+03   9.988212E+02   3.902622E-01
   6.157362E-01   3.785432E+03   9.891507E+02   3.882795E-01
   6.178676E-01   3.771511E+03   9.795601E+02   3.863033E-01
   6.200064E-01   3.757643E+03   9.700490E+02   3.843336E-01
   6.221526E-01   3.743829E+03   9.606167E+02   3.823705E-01
   6.243063E-01   3.730067E+03   9.512628E+02   3.804141E-01
   6.264674E-01   3.716357E+03   9.419866E+02   3.784644E-01
   6.286359E-01   3.702700E+03   9.327876E+02   3.765214E-01
   6.308120E-01   3.689095E+03   9.236653E+02   3.745853E-01
   6.329956E-01   3.675542E+03   9.146192E+02   3.726560E-01
   6.351868E-01   3.662040E+03   9.056487E+02   3.707336E-01
   6.373855E-01   3.648589E+03   8.967533E+02   3.688182E-01
   6.395919E-01   3.635190E+03   8.879325E+02   3.669098E-01
   6.418059E-01   3.621841E+03   8.791858E+02   3.650084E-01
   6.440276E-01   3.608543E+03   8.705126E+02   3.631141E-01
   6.462569E-01   3.595295E+03   8.619126E+02   3.612269E-01
   6.484940E-01   3.582098E+03   8.533851E+02   3.593469E-01
   6.507388E-01   3.568950E+03   8.449298E+02   3.574740E-01
   6.529914E-01   3.555852E+03   8.365460E+02   3.556084E-01
   6.552518E-01   3.542803E+03   8.282333E+02   3.537500E-01
   6.575200E-01   3.529803E+03   8.199913E+02   3.518988E-01
   6.597960E-01   3.516853E+03   8.118194E+02   3.500550E-01
   6.620800E-01   3.503951E+03   8.037172E+02   3.482184E-01
   6.643718E-01   3.491097E+03   7.956842E+02   3.463892E-01
   6.666716E-01   3.478292E+03   7.877199E+02   3.445674E-01
   6.689793E-01   3.465535E+03   7.798239E+02   3.427530E-01
   6.712951E-01   3.452826E+03   7.719958E+02   3.409459E-01
   6.736188E-01   3.440165E+03   7.642349E+02   3.391463E-01
   6.759506E-01   3.427551E+03   7.565410E+02   3.373540E-01
   6.782905E-01   3.414984E+03   7.489135E+02   3.355693E-01
   6.806384E-01   3.402465E+03   7.413521E+02   3.337919E-01
   6.829945E-01   3.389992E+03   7.338561E+02   3.320221E-01
   6.853587E-01   3.377566E+03   7.264253E+02   3.302597E-01
   6.877312E-01   3.365186E+03   7.190592E+02   3.285048E-01
   6.901118E-01   3.352853E+03   7.117573E+02   3.267574E-01
   6.925007E-01   3.340566E+03   7.045191E+02   3.250174E-01
   6.948978E-01   3.328324E+03   6.973443E+02   3.232850E-01
   6.973033E-01   3.316128E+03   6.902325E+02   3.215601E-01
   6.997171E-01   3.303978E+03   6.831831E+02   3.198426E-01
   7.021392E-01   3.291873E+03   6.761959E+02   3.181327E-01
   7.045697E-01   3.279813E+03   6.692702E+02   3.164303E-01
   7.070086E-01   3.267798E+03   6.624058E+02   3.147354E-01
   7.094560E-01   3.255828E+03   6.556022E+02   3.130479E-01
   7.119118E-01   3.243903E+03   6.488590E+02   3.113680E-01
   7.143762E-01   3.232021E+03   6.421757E+02   3.096956E-01
   7.168490E-01   3.220184E+03   6.355520E+02   3.080306E-01
   7.193305E-01   3.208391E+03   6.289875E+02   3.063732E-01
   7.218205E-01   3.196642E+03   6.224816E+02   3.047232E-01
   7.243191E-01   3.184936E+03   6.160342E+02   3.030807E-01
   7.268264E-01   3.173274E+03   6.096446E+02   3.014456E-01
   7.293424E-01   3.161656E+03   6.033125E+02   2.998180E-01
   7.318671E-01   3.150080E+03   5.970376E+02   2.981979E-01
   7.344005E-01   3.138548E+03   5.908193E+02   2.965852E-01
   7.369427E-01   3.127058E+03   5.846574E+02   2.949799E-01
   7.394937E-01   3.115611E+03   5.785514E+02   2.933820E-01
   7.420535E-01   3.104206E+03   5.725009E+02   2.917916E-01
   7.446222E-01   3.092844E+03   5.665056E+02   2.902085E-01
   7.471998E-01   3.081524E+03   5.605650E+02   2.886328E-01
   7.497862E-01   3.070246E+03   5.546787E+02   2.870645E-01
   7.523817E-01   3.059009E+03   5.488464E+02   2.855035E-01
   7.549861E-01   3.047815E+03   5.430676E+02   2.839498E-01
   7.575996E-01   3.036662E+03   5.373421E+02   2.824035E-01
   7.602221E-01   3.025550E+03   5.316693E+02   2.808645E-01
   7.628536E-01   3.014479E+03   5.260490E+02   2.793328E-01
   7.654943E-01   3.003450E+03   5.204807E+02   2.778083E-01
   7.681441E-01   2.992461E+03   5.149641E+02   2.762911E-01
   7.708031E-01   2.981513E+03   5.094987E+02   2.747812E-01
   7.734713E-01   2.970606E+03   5.040843E+02   2.732784E-01
   7.761488E-01   2.959739E+03   4.987204E+02   2.717829E-01
   7.788355E-01   2.948912E+03   4.934067E+02   2.702946E-01
   7.815315E-01   2.938126E+03   4.881427E+02   2.688134E-01
   7.842368E-01   2.927379E+03   4.829282E+02   2.673394E-01
   7.869515E-01   2.916672E+03   4.777628E+02   2.658725E-01
   7.896756E-01   2.906005E+03   4.726460E+02   2.644128E-01
   7.924091E-01   2.895378E+03   4.675776E+02   2.629601E-01
   7.951521E-01   2.884790E+03   4.625571E+02   2.615145E-01
   7.979046E-01   2.874241E+03   4.575842E+02   2.600760E-01
   8.006666E-01   2.863731E+03   4.526586E+02   2.586445E-01
   8.034382E-01   2.853260E+03   4.477799E+02   2.572200E-01
   8.062194E-01   2.842828E+03   4.429477E+02   2.558025E-01
   8.090102E-01   2.832435E+03   4.381616E+02   2.543920E-01
   8.118106E-01   2.822080E+03   4.334214E+02   2.529884E-01
   8.146208E-01   2.811764E+03   4.287267E+02   2.515918E-01
   8.174406E-01   2.801486E+03   4.240771E+02   2.502021E-01
   8.202703E-01   2.791246E+03   4.194722E+02   2.488192E-01
   8.231097E-01   2.781044E+03   4.149118E+02   2.474432E-01
   8.259590E-01   2.770879E+03   4.103955E+02   2.460741E-01
   8.288181E-01   2.760753E+03   4.059228E+02   2.447118E-01
   8.316871E-01   2.750664E+03   4.014936E+02   2.433563E-01
   8.345661E-01   2.740612E+03   3.971075E+02   2.420075E-01
   8.374550E-01   2.730598E+03   3.927640E+02   2.406655E-01
   8.403539E-01   2.720621E+03   3.884630E+02   2.393303E-01
   8.432629E-01   2.710681E+03   3.842040E+02   2.380017E-01
   8.461819E-01   2.700778E+03   3.799866E+02   2.366799E-01
   8.491110E-01   2.690911E+03   3.758107E+02   2.353646E-01
   8.520503E-01   2.681082E+03   3.716758E+02   2.340561E-01
   8.549997E-01   2.671288E+03   3.675816E+02   2.327541E-01
   8.579594E-01   2.661531E+03   3.635278E+02   2.314587E-01
   8.609293E-01   2.651811E+03   3.595141E+02   2.301699E-01
   8.639095E-01   2.642126E+03   3.555401E+02   2.288877E-01
   8.669000E-01   2.632477E+03   3.516055E+02   2.276119E-01
   8.699008E-01   2.622865E+03   3.477100E+02   2.263427E-01
   8.729120E-01   2.613288E+03   3.438533E+02   2.250799E-01
   8.759337E-01   2.603746E+03   3.400351E+02   2.238236E-01
   8.789658E-01   2.594240E+03   3.362549E+02   2.225736E-01
   8.820084E-01   2.584770E+03   3.325126E+02   2.213301E-01
   8.850616E-01   2.575334E+03   3.288079E+02   2.200930E-01
   8.881253E-01   2.565934E+03   3.251403E+02   2.188622E-01
   8.911996E-01   2.556568E+03   3.215096E+02   2.176377E-01
   8.942846E-01   2.547238E+03   3.179155E+02   2.164195E-01
   8.973802E-01   2.537942E+03   3.143576E+02   2.152076E-01
   9.004866E-01   2.528681E+03   3.108358E+02   2.140020E-01
   9.036037E-01   2.519454E+03   3.073496E+02   2.128025E-01
   9.067316E-01   2.510261E+03   3.038987E+02   2.116093E-01
   9.098703E-01   2.501103E+03   3.004830E+02   2.104223E-01
   9.130199E-01   2.491979E+03   2.971020E+02   2.092413E-01
   9.161804E-01   2.482889E+03   2.937555E+02   2.080666E-01
   9.193518E-01   2.473833E+03   2.904431E+02   2.068979E-01
   9.225342E-01   2.464810E+03   2.871647E+02   2.057352E-01
   9.257277E-01   2.455821E+03   2.839198E+02   2.045787E-01
   9.289321E-01   2.446866E+03   2.807083E+02   2.034281E-01
   9.321477E-01   2.437943E+03   2.775297E+02   2.022836E-01
   9.353744E-01   2.429055E+03   2.743839E+02   2.011450E-01
   9.386123E-01   2.420199E+03   2.712705E+02   2.000124E-01
   9.418614E-01   2.411376E+03   2.681893E+02   1.988857E-01
   9.451217E-01   2.402586E+03   2.651400E+02   1.977648E-01
   9.483933E-01   2.393829E+03   2.621223E+02   1.966499E-01
   9.516763E-01   2.385105E+03   2.591359E+02   1.955408E-01
   9.549706E-01   2.376413E+03   2.561805E+02   1.944375E-01
   9.582763E-01   2.367754E+03   2.532560E+02   1.933400E-01
   9.615934E-01   2.359127E+03   2.503619E+02   1.922483E-01
   9.649221E-01   2.350532E+03   2.474981E+02   1.911623E-01
   9.682622E-01   2.341969E+03   2.446642E+02   1.900820E-01
   9.716140E-01   2.333439E+03   2.418600E+02   1.890074E-01
   9.749773E-01   2.324940E+03   2.390852E+02   1.879385E-01
   9.783522E-01   2.316473E+03   2.363396E+02   1.868752E-01
   9.817389E-01   2.308037E+03   2.336229E+02   1.858175E-01
   9.851373E-01   2.299633E+03   2.309348E+02   1.847655E-01
   9.885474E-01   2.291260E+03   2.282752E+02   1.837189E-01
   9.919693E-01   2.282919E+03   2.256436E+02   1.826779E-01
   9.954031E-01   2.274609E+03   2.230399E+02   1.816425E-01
   9.988488E-01   2.266330E+03   2.204638E+02   1.806125E-01
   1.002306E+00   2.258082E+03   2.179151E+02   1.795879E-01
   1.005776E+00   2.249864E+03   2.153934E+02   1.785688E-01
   1.009258E+00   2.241678E+03   2.128987E+02   1.775551E-01
   1.012751E+00   2.233522E+03   2.104305E+02   1.765468E-01
   1.016257E+00   2.225396E+03   2.079887E+02   1.755439E-01
   1.019775E+00   2.217301E+03   2.055731E+02   1.745462E-01
   1.023305E+00   2.209237E+03   2.031833E+02   1.735539E-01
   1.026847E+00   2.201202E+03   2.008191E+02   1.725669E-01
   1.030402E+00   2.193198E+03   1.984804E+02   1.715851E-01
   1.033968E+00   2.185223E+03   1.961668E+02   1.706085E-01
   1.037548E+00   2.177278E+03   1.938781E+02   1.696371E-01
   1.041139E+00   2.169363E+03   1.916141E+02   1.686710E-01
   1.044743E+00   2.161478E+03   1.893746E+02   1.677099E-01
   1.048360E+00   2.153622E+03   1.871593E+02   1.667540E-01
   1.051989E+00   2.145796E+03   1.849680E+02   1.658032E-01
   1.055630E+00   2.137999E+03   1.828005E+02   1.648575E-01
   1.059284E+00   2.130231E+03   1.806565E+02   1.639168E-01
   1.062951E+00   2.122493E+03   1.785358E+02   1.629812E-01
   1.066631E+00   2.114783E+03   1.764383E+02   1.620505E-01
   1.070323E+00   2.107102E+03   1.743636E+02   1.611248E-01
   1.074028E+00   2.099450E+03   1.723115E+02   1.602041E-01
   1.077746E+00   2.091827E+03   1.702819E+02   1.592883E-01
   1.081476E+00   2.084232E+03   1.682745E+02   1.583774E-01
   1.085220E+00   2.076665E+03   1.662892E+02   1.574714E-01
   1.088977E+00   2.069128E+03   1.643256E+02   1.565702E-01
   1.092746E+00   2.061618E+03   1.623836E+02   1.556738E-01
   1.096529E+00   2.054136E+03   1.604630E+02   1.547823E-01
   1.100324E+00   2.046683E+03   1.585635E+02   1.538955E-01
   1.104133E+00   2.039257E+03   1.566850E+02   1.530135E-01
   1.107955E+00   2.031860E+03   1.548272E+02   1.521362E-01
   1.111791E+00   2.024490E+03   1.529900E+02   1.512636E-01
   1.115639E+00   2.017147E+03   1.511732E+02   1.503957E-01
   1.119501E+00   2.009833E+03   1.493765E+02   1.495325E-01
   1.123376E+00   2.002545E+03   1.475997E+02   1.486739E-01
   1.127265E+00   1.995285E+03   1.458427E+02   1.478199E-01
   1.131167E+00   1.988053E+03   1.441052E+02   1.469704E-01
   1.135083E+00   1.980847E+03   1.423871E+02   1.461256E-01
   1.139012E+00   1.973669E+03   1.406882E+02   1.452852E-01
   1.142955E+00   1.966517E+03   1.390082E+02   1.444494E-01
   1.146911E+00   1.959392E+03   1.373470E+02   1.436181E-01
   1.150881E+00   1.952294E+03   1.357044E+02   1.427912E-01
   1.154865E+00   1.945223E+03   1.340803E+02   1.419688E-01
   1.158863E+00   1.938178E+03   1.324743E+02   1.411508E-01
   1.162874E+00   1.931159E+03   1.308864E+02   1.403372E-01
   1.166900E+00   1.924167E+03   1.293164E+02   1.395280E-01
   1.170939E+00   1.917202E+03   1.277640E+02   1.387231E-01
   1.174992E+00   1.910262E+03   1.262292E+02   1.379225E-01
   1.179060E+00   1.903348E+03   1.247116E+02   1.371263E-01
   1.183141E+00   1.896461E+03   1.232112E+02   1.363343E-01
   1.187237E+00   1.889599E+03   1.217278E+02   1.355466E-01
   1.191346E+00   1.882763E+03   1.202612E+02   1.347631E-01
   1.195470E+00   1.875952E+03   1.188112E+02   1.339839E-01
   1.199608E+00   1.869167E+03   1.173777E+02   1.332088E-01
   1.203761E+00   1.862408E+03   1.159604E+02   1.324379E-01
   1.207928E+00   1.855674E+03   1.145593E+02   1.316711E-01
   1.212109E+00   1.848965E+03   1.131741E+02   1.309085E-01
   1.216305E+00   1.842282E+03   1.118047E+02   1.301500E-01
   1.220515E+00   1.835623E+03   1.104509E+02   1.293955E-01
   1.224740E+00   1.828990E+03   1.091126E+02   1.286451E-01
   1.228980E+00   1.822381E+03   1.077896E+02   1.278988E-01
   1.233234E+00   1.815798E+03   1.064818E+02   1.271564E-01
   1.237503E+00   1.809239E+03   1.051889E+02   1.264181E-01
   1.241787E+00   1.802704E+03   1.039109E+02   1.256837E-01
   1.246085E+00   1.796194E+03   1.026475E+02   1.249533E-01
   1.250399E+00   1.789709E+03   1.013987E+02   1.242269E-01
   1.254727E+00   1.783248E+03   1.001642E+02   1.235043E-01
   1.259070E+00   1.776811E+03   9.894393E+01   1.227856E-01
   1.263429E+00   1.770398E+03   9.773775E+01   1.220708E-01
   1.267802E+00   1.764010E+03   9.654548E+01   1.213599E-01
   1.272191E+00   1.757645E+03   9.536698E+01   1.206527E-01
   1.276595E+00   1.751304E+03   9.420212E+01   1.199494E-01
   1.281014E+00   1.744987E+03   9.305073E+01   1.192499E-01
   1.285448E+00   1.738694E+03   9.191269E+01   1.185541E-01
   1.289898E+00   1.732424E+03   9.078785E+01   1.178621E-01
   1.294363E+00   1.726178E+03   8.967606E+01   1.171738E-01
   1.298843E+00   1.719955E+03   8.857719E+01   1.164893E-01
   1.303339E+00   1.713756E+03   8.749110E+01   1.158084E-01
   1.307851E+00   1.707580E+03   8.641766E+01   1.151312E-01
   1.312378E+00   1.701427E+03   8.535672E+01   1.144576E-01
   1.316921E+00   1.695297E+03   8.430816E+01   1.137877E-01
   1.321480E+00   1.689190E+03   8.327184E+01   1.131213E-01
   1.326054E+00   1.683106E+03   8.224763E+01   1.124586E-01
   1.330644E+00   1.677045E+03   8.123540E+01   1.117995E-01
   1.335251E+00   1.671006E+03   8.023502E+01   1.111439E-01
   1.339873E+00   1.664991E+03   7.924636E+01   1.104918E-01
   1.344511E+00   1.658997E+03   7.826930E+01   1.098433E-01
   1.349165E+00   1.653027E+03   7.730371E+01   1.091982E-01
   1.353835E+00   1.647078E+03   7.634946E+01   1.085567E-01
   1.358522E+00   1.641152E+03   7.540643E+01   1.079186E-01
   1.363224E+00   1.635248E+03   7.447450E+01   1.072839E-01
   1.367943E+00   1.629366E+03   7.355356E+01   1.066527E-01
   1.372678E+00   1.623506E+03   7.264346E+01   1.060249E-01
   1.377430E+00   1.617669E+03   7.174411E+01   1.054004E-01
   1.382198E+00   1.611853E+03   7.085539E+01   1.047794E-01
   1.386983E+00   1.606059E+03   6.997716E+01   1.041617E-01
   1.391784E+00   1.600286E+03   6.910933E+01   1.035473E-01
   1.396602E+00   1.594535E+03   6.825177E+01   1.029363E-01
   1.401436E+00   1.588806E+03   6.740438E+01   1.023286E-01
   1.406287E+00   1.583098E+03   6.656704E+01   1.017241E-01
   1.411155E+00   1.577412E+03   6.573964E+01   1.011229E-01
   1.416040E+00   1.571746E+03   6.492206E+01   1.005250E-01
   1.420942E+00   1.566102E+03   6.411421E+01   9.993033E-02
   1.425861E+00   1.560480E+03   6.331598E+01   9.933886E-02
   1.430796E+00   1.554878E+03   6.252725E+01   9.875059E-02
   1.435749E+00   1.549297E+03   6.174792E+01   9.816551E-02
   1.440719E+00   1.543737E+03   6.097789E+01   9.758360E-02
   1.445706E+00   1.538198E+03   6.021705E+01   9.700485E-02
   1.450711E+00   1.532679E+03   5.946530E+01   9.642923E-02
   1.455732E+00   1.527181E+03   5.872255E+01   9.585673E-02
   1.460772E+00   1.521704E+03   5.798868E+01   9.528734E-02
   1.465828E+00   1.516247E+03   5.726360E+01   9.472104E-02
   1.470902E+00   1.510811E+03   5.654721E+01   9.415781E-02
   1.475994E+00   1.505394E+03   5.583941E+01   9.359763E-02
   1.481103E+00   1.499999E+03   5.514011E+01   9.304050E-02
   1.486230E+00   1.494623E+03   5.444921E+01   9.248640E-02
   1.491375E+00   1.489267E+03   5.376662E+01   9.193531E-02
   1.496537E+00   1.483931E+03   5.309224E+01   9.138721E-02
   1.501718E+00   1.478616E+03   5.242598E+01   9.084209E-02
   1.506916E+00   1.473320E+03   5.176775E+01   9.029994E-02
   1.512132E+00   1.468044E+03   5.111745E+01   8.976074E-02
   1.517367E+00   1.462787E+03   5.047500E+01   8.922448E-02
   1.522619E+00   1.457550E+03   4.984032E+01   8.869113E-02
   1.527890E+00   1.452333E+03   4.921330E+01   8.816069E-02
   1.533179E+00   1.447135E+03   4.859386E+01   8.763315E-02
   1.538486E+00   1.441957E+03   4.798192E+01   8.710848E-02
   1.543812E+00   1.436798E+03   4.737740E+01   8.658667E-02
   1.549156E+00   1.431658E+03   4.678020E+01   8.606771E-02
   1.554518E+00   1.426537E+03   4.619024E+01   8.555158E-02
   1.559899E+00   1.421436E+03   4.560744E+01   8.503827E-02
   1.565299E+00   1.416353E+03   4.503172E+01   8.452777E-02
   1.570717E+00   1.411289E+03   4.446300E+01   8.402006E-02
   1.576155E+00   1.406244E+03   4.390120E+01   8.351512E-02
   1.581611E+00   1.401218E+03   4.334623E+01   8.301295E-02
   1.587085E+00   1.396211E+03   4.279802E+01   8.251353E-02
   1.592579E+00   1.391222E+03   4.225650E+01   8.201684E-02
   1.598092E+00   1.386252E+03   4.172157E+01   8.152288E-02
   1.603624E+00   1.381301E+03   4.119318E+01   8.103162E-02
   1.609175E+00   1.376368E+03   4.067124E+01   8.054306E-02
   1.614745E+00   1.371453E+03   4.015568E+01   8.005718E-02
   1.620335E+00   1.366556E+03   3.964642E+01   7.957397E-02
   1.625944E+00   1.361678E+03   3.914339E+01   7.909341E-02
   1.631572E+00   1.356818E+03   3.864652E+01   7.861549E-02
   1.637220E+00   1.351976E+03   3.815574E+01   7.814021E-02
   1.642887E+00   1.347151E+03   3.767098E+01   7.766754E-02
   1.648574E+00   1.342345E+03   3.719217E+01   7.719747E-02
   1.654281E+00   1.337557E+03   3.671923E+01   7.672999E-02
   1.660008E+00   1.332786E+03   3.625210E+01   7.626508E-02
   1.665754E+00   1.328033E+03   3.579071E+01   7.580274E-02
   1.671520E+00   1.323298E+03   3.533500E+01   7.534296E-02
   1.677306E+00   1.318581E+03   3.488490E+01   7.488571E-02
   1.683112E+00   1.313881E+03   3.444034E+01   7.443099E-02
   1.688938E+00   1.309198E+03   3.400126E+01   7.397878E-02
   1.694785E+00   1.304533E+03   3.356759E+01   7.352907E-02
   1.700651E+00   1.299885E+03   3.313927E+01   7.308185E-02
   1.706538E+00   1.295254E+03   3.271624E+01   7.263711E-02
   1.712446E+00   1.290640E+03   3.229844E+01   7.219484E-02
   1.718373E+00   1.286044E+03   3.188580E+01   7.175501E-02
   1.724322E+00   1.281464E+03   3.147826E+01   7.131763E-02
   1.730291E+00   1.276902E+03   3.107577E+01   7.088268E-02
   1.736280E+00   1.272356E+03   3.067826E+01   7.045014E-02
   1.742290E+00   1.267828E+03   3.028568E+01   7.002000E-02
   1.748322E+00   1.263316E+03   2.989796E+01   6.959226E-02
   1.754374E+00   1.258820E+03   2.951505E+01   6.916690E-02
   1.760446E+00   1.254342E+03   2.913689E+01   6.874391E-02
   1.766540E+00   1.249880E+03   2.876343E+01   6.832328E-02
   1.772655E+00   1.245434E+03   2.839461E+01   6.790499E-02
   1.778792E+00   1.241005E+03   2.803038E+01   6.748904E-02
   1.784949E+00   1.236592E+03   2.767068E+01   6.707541E-02
   1.791128E+00   1.232196E+03   2.731545E+01   6.666410E-02
   1.797328E+00   1.227816E+03   2.696465E+01   6.625508E-02
   1.803549E+00   1.223452E+03   2.661822E+01   6.584835E-02
   1.809793E+00   1.219104E+03   2.627611E+01   6.544390E-02
   1.816057E+00   1.214772E+03   2.593827E+01   6.504172E-02
   1.822344E+00   1.210457E+03   2.560464E+01   6.464180E-02
   1.828652E+00   1.206157E+03   2.527518E+01   6.424411E-02
   1.834982E+00   1.201873E+03   2.494984E+01   6.384867E-02
   1.841334E+00   1.197605E+03   2.462856E+01   6.345544E-02
   1.847708E+00   1.193352E+03   2.431130E+01   6.306443E-02
   1.854104E+00   1.189116E+03   2.399802E+01   6.267561E-02
   1.860522E+00   1.184894E+03   2.368865E+01   6.228899E-02
   1.866962E+00   1.180689E+03   2.338317E+01   6.190455E-02
   1.873425E+00   1.176499E+03   2.308151E+01   6.152227E-02
   1.879910E+00   1.172324E+03   2.278363E+01   6.114215E-02
   1.886418E+00   1.168165E+03   2.248950E+01   6.076419E-02
   1.892948E+00   1.164021E+03   2.219905E+01   6.038835E-02
   1.899500E+00   1.159893E+03   2.191226E+01   6.001465E-02
   1.906075E+00   1.155779E+03   2.162906E+01   5.964306E-02
   1.912673E+00   1.151681E+03   2.134943E+01   5.927357E-02
   1.919294E+00   1.147598E+03   2.107332E+01   5.890618E-02
   1.925938E+00   1.143530E+03   2.080069E+01   5.854088E-02
   1.932605E+00   1.139476E+03   2.053148E+01   5.817765E-02
   1.939295E+00   1.135438E+03   2.026567E+01   5.781648E-02
   1.946008E+00   1.131415E+03   2.000321E+01   5.745737E-02
   1.952744E+00   1.127406E+03   1.974406E+01   5.710030E-02
   1.959504E+00   1.123412E+03   1.948818E+01   5.674527E-02
   1.966287E+00   1.119433E+03   1.923553E+01   5.639226E-02
   1.973093E+00   1.115468E+03   1.898607E+01   5.604126E-02
   1.979923E+00   1.111518E+03   1.873977E+01   5.569227E-02
   1.986777E+00   1.107583E+03   1.849657E+01   5.534528E-02
   1.993654E+00   1.103662E+03   1.825646E+01   5.500026E-02
   2.000555E+00   1.099755E+03   1.801938E+01   5.465722E-02
   2.007480E+00   1.095863E+03   1.778530E+01   5.431615E-02
   2.014430E+00   1.091985E+03   1.755419E+01   5.397703E-02
   2.021403E+00   1.088121E+03   1.732601E+01   5.363986E-02
   2.028400E+00   1.084271E+03   1.710072E+01   5.330462E-02
   2.035421E+00   1.080436E+03   1.687829E+01   5.297131E-02
   2.042467E+00   1.076614E+03   1.665869E+01   5.263991E-02
   2.049537E+00   1.072807E+03   1.644187E+01   5.231043E-02
   2.056632E+00   1.069013E+03   1.622780E+01   5.198284E-02
   2.063751E+00   1.065233E+03   1.601646E+01   5.165713E-02
   2.070895E+00   1.061468E+03   1.580780E+01   5.133331E-02
   2.078064E+00   1.057715E+03   1.560179E+01   5.101136E-02
   2.085257E+00   1.053977E+03   1.539841E+01   5.069126E-02
   2.092475E+00   1.050253E+03   1.519762E+01   5.037302E-02
   2.099719E+00   1.046542E+03   1.499938E+01   5.005661E-02
   2.106987E+00   1.042844E+03   1.480367E+01   4.974204E-02
   2.114280E+00   1.039160E+03   1.461046E+01   4.942930E-02
   2.121599E+00   1.035490E+03   1.441971E+01   4.911836E-02
   2.128943E+00   1.031833E+03   1.423139E+01   4.880923E-02
   2.136313E+00   1.028189E+03   1.404548E+01   4.850190E-02
   2.143708E+00   1.024559E+03   1.386194E+01   4.819636E-02
   2.151128E+00   1.020942E+03   1.368074E+01   4.789259E-02
   2.158575E+00   1.017338E+03   1.350187E+01   4.759059E-02
   2.166047E+00   1.013747E+03   1.332527E+01   4.729035E-02
   2.173545E+00   1.010169E+03   1.315094E+01   4.699186E-02
   2.181069E+00   1.006605E+03   1.297884E+01   4.669511E-02
   2.188619E+00   1.003053E+03   1.280894E+01   4.640010E-02
   2.196195E+00   9.995146E+02   1.264122E+01   4.610681E-02
   2.203797E+00   9.959889E+02   1.247565E+01   4.581524E-02
   2.211426E+00   9.924761E+02   1.231220E+01   4.552538E-02
   2.219081E+00   9.889760E+02   1.215084E+01   4.523721E-02
   2.226762E+00   9.769559E+02   1.925641E+01   4.608756E-02
   2.234470E+00   9.749308E+02   2.055651E+01   4.601709E-02
   2.242205E+00   9.713364E+02   2.103411E+01   4.583101E-02
   2.249967E+00   9.708151E+02   2.124642E+01   4.560912E-02
   2.257755E+00   9.684540E+02   2.133940E+01   4.537240E-02
   2.265571E+00   9.653298E+02   2.135034E+01   4.512590E-02
   2.273413E+00   9.607443E+02   2.129595E+01   4.487195E-02
   2.281283E+00   9.558950E+02   2.119235E+01   4.461261E-02
   2.289179E+00   9.526396E+02   2.109449E+01   4.435538E-02
   2.297104E+00   9.521740E+02   2.094197E+01   4.409158E-02
   2.305055E+00   9.476475E+02   2.079112E+01   4.382975E-02
   2.313034E+00   9.475319E+02   2.060871E+01   4.356436E-02
   2.321041E+00   9.384717E+02   2.042249E+01   4.330051E-02
   2.329076E+00   9.389487E+02   2.023274E+01   4.303658E-02
   2.337138E+00   9.369574E+02   2.006580E+01   4.277747E-02
   2.345228E+00   9.321530E+02   1.983905E+01   4.251111E-02
   2.353346E+00   9.270410E+02   1.963267E+01   4.224898E-02
   2.361493E+00   9.277292E+02   1.941861E+01   4.198639E-02
   2.369667E+00   9.264695E+02   1.922314E+01   4.172794E-02
   2.377870E+00   9.215794E+02   1.899858E+01   4.146664E-02
   2.386101E+00   9.229920E+02   1.878633E+01   4.120778E-02
   2.394361E+00   9.245535E+02   1.857850E+01   4.095073E-02
   2.402649E+00   9.200929E+02   1.837830E+01   4.069655E-02
   2.410966E+00   9.156794E+02   1.815742E+01   4.044032E-02
   2.419312E+00   9.107036E+02   1.793895E+01   4.018561E-02
   2.427686E+00   9.056896E+02   1.772088E+01   3.993206E-02
   2.436090E+00   9.083046E+02   1.749741E+01   3.967807E-02
   2.444523E+00   9.069601E+02   1.728590E+01   3.942739E-02
   2.452985E+00   9.008572E+02   1.707603E+01   3.917847E-02
   2.461476E+00   9.020866E+02   1.685872E+01   3.892877E-02
   2.469997E+00   9.006670E+02   1.665592E+01   3.868271E-02
   2.478547E+00   8.979681E+02   1.644529E+01   3.843654E-02
   2.487126E+00   8.942091E+02   1.624203E+01   3.819270E-02
   2.495736E+00   8.949538E+02   1.603247E+01   3.794847E-02
   2.504375E+00   8.888435E+02   1.582592E+01   3.770635E-02
   2.513044E+00   8.864648E+02   1.563101E+01   3.746687E-02
   2.521743E+00   8.882550E+02   1.541796E+01   3.722497E-02
   2.530472E+00   8.870445E+02   1.523924E+01   3.699017E-02
   2.539232E+00   8.831118E+02   1.501135E+01   3.674820E-02
   2.548022E+00   8.790342E+02   1.482540E+01   3.651441E-02
   2.556842E+00   8.799168E+02   1.462634E+01   3.627889E-02
   2.565692E+00   8.755366E+02   1.444116E+01   3.604724E-02
   2.574574E+00   8.750448E+02   1.424483E+01   3.581425E-02
   2.583486E+00   8.744583E+02   1.405059E+01   3.558258E-02
   2.592429E+00   8.694832E+02   1.387781E+01   3.535609E-02
   2.601403E+00   8.658431E+02   1.368325E+01   3.512652E-02
   2.610408E+00   8.664679E+02   1.350258E+01   3.490002E-02
   2.619444E+00   8.633681E+02   1.331892E+01   3.467423E-02
   2.628511E+00   8.632082E+02   1.314531E+01   3.445096E-02
   2.637610E+00   8.602363E+02   1.295793E+01   3.422631E-02
   2.646740E+00   8.567066E+02   1.278396E+01   3.400510E-02
   2.655902E+00   8.567969E+02   1.261301E+01   3.378506E-02
   2.665096E+00   8.524478E+02   1.244024E+01   3.356597E-02
   2.674321E+00   8.520684E+02   1.226920E+01   3.334775E-02
   2.683579E+00   8.522575E+02   1.210684E+01   3.313205E-02
   2.692868E+00   8.471856E+02   1.193671E+01   3.291619E-02
   2.702190E+00   8.431956E+02   1.178109E+01   3.270395E-02
   2.711544E+00   8.420662E+02   1.160565E+01   3.248844E-02
   2.720930E+00   8.397261E+02   1.145345E+01   3.227849E-02
   2.730349E+00   8.373412E+02   1.128912E+01   3.206699E-02
   2.739800E+00   8.338080E+02   1.113176E+01   3.185784E-02
   2.749284E+00   8.315347E+02   1.097681E+01   3.164992E-02
   2.758801E+00   8.305942E+02   1.081809E+01   3.144195E-02
   2.768351E+00   8.282895E+02   1.066995E+01   3.123711E-02
   2.777934E+00   8.249792E+02   1.051268E+01   3.103130E-02
   2.787550E+00   8.228481E+02   1.036529E+01   3.082826E-02
   2.797199E+00   8.226788E+02   1.023185E+01   3.062883E-02
   2.806882E+00   8.202693E+02   1.006297E+01   3.042289E-02
   2.816598E+00   8.162983E+02   9.923543E+00   3.022415E-02
   2.826348E+00   8.166842E+02   9.785496E+00   3.002615E-02
   2.836131E+00   8.151782E+02   9.652170E+00   2.983015E-02
   2.845949E+00   8.128864E+02   9.508026E+00   2.963266E-02
   2.855800E+00   8.081005E+02   9.381345E+00   2.944003E-02
   2.865686E+00   8.060142E+02   9.236485E+00   2.924391E-02
   2.875606E+00   8.042151E+02   9.102954E+00   2.905107E-02
   2.885560E+00   8.020103E+02   8.970420E+00   2.885926E-02
   2.895549E+00   8.001761E+02   8.840476E+00   2.866878E-02
   2.905572E+00   7.998399E+02   8.716951E+00   2.848041E-02
   2.915630E+00   7.990496E+02   8.588658E+00   2.829174E-02
   2.925722E+00   7.993340E+02   8.465352E+00   2.810490E-02
   2.935850E+00   7.954050E+02   8.338964E+00   2.791846E-02
   2.946013E+00   7.931641E+02   8.216189E+00   2.773347E-02
   2.956211E+00   7.915866E+02   8.094476E+00   2.754941E-02
   2.966444E+00   7.905200E+02   7.976182E+00   2.736686E-02
   2.976712E+00   7.868932E+02   7.861904E+00   2.718624E-02
   2.987016E+00   7.855323E+02   7.741012E+00   2.700455E-02
   2.997356E+00   7.831947E+02   7.630450E+00   2.682619E-02
   3.007732E+00   7.819146E+02   7.517814E+00   2.664796E-02
   3.018143E+00   7.796156E+02   7.403177E+00   2.647003E-02
   3.028591E+00   7.779609E+02   7.292183E+00   2.629367E-02
   3.039075E+00   7.771046E+02   7.181985E+00   2.611813E-02
   3.049595E+00   7.773467E+02   7.074672E+00   2.594394E-02
   3.060151E+00   7.759850E+02   6.967691E+00   2.577067E-02
   3.070744E+00   7.737546E+02   6.863651E+00   2.559892E-02
   3.081374E+00   7.747589E+02   6.760932E+00   2.542793E-02
   3.092040E+00   7.722290E+02   6.661673E+00   2.525885E-02
   3.102743E+00   7.719798E+02   6.558424E+00   2.508920E-02
   3.113484E+00   7.733620E+02   6.459400E+00   2.492120E-02
   3.124261E+00   7.718652E+02   6.362921E+00   2.475481E-02
   3.135076E+00   7.718044E+02   6.268633E+00   2.458957E-02
   3.145929E+00   7.713463E+02   6.177465E+00   2.442589E-02
   3.156819E+00   7.691393E+02   6.084330E+00   2.426250E-02
   3.167746E+00   7.680924E+02   5.992087E+00   2.409991E-02
   3.178712E+00   7.688528E+02   5.904710E+00   2.393919E-02
   3.189715E+00   7.674951E+02   5.817835E+00   2.377946E-02
   3.200756E+00   7.692619E+02   5.731005E+00   2.362012E-02
   3.211836E+00   7.668552E+02   5.644541E+00   2.346190E-02
   3.222954E+00   7.655778E+02   5.560778E+00   2.330502E-02
   3.234111E+00   7.661515E+02   5.477591E+00   2.314878E-02
   3.245306E+00   7.644702E+02   5.392064E+00   2.299269E-02
   3.256540E+00   7.636803E+02   5.309399E+00   2.283798E-02
   3.267812E+00   7.626318E+02   5.232383E+00   2.268562E-02
   3.279124E+00   7.639284E+02   5.153980E+00   2.253326E-02
   3.290475E+00   7.611111E+02   5.075235E+00   2.238180E-02
   3.301866E+00   7.607905E+02   4.998978E+00   2.223149E-02
   3.313295E+00   7.602260E+02   4.922272E+00   2.208167E-02
   3.324764E+00   7.588000E+02   4.848729E+00   2.193353E-02
   3.336273E+00   7.579258E+02   4.774349E+00   2.178569E-02
   3.347822E+00   7.574811E+02   4.701084E+00   2.163876E-02
   3.359411E+00   7.572994E+02   4.629530E+00   2.149294E-02
   3.371040E+00   7.571989E+02   4.559276E+00   2.134814E-02
   3.382709E+00   7.570363E+02   4.490772E+00   2.120450E-02
   3.394418E+00   7.561583E+02   4.419796E+00   2.106071E-02
   3.406169E+00   7.589541E+02   4.354726E+00   2.091911E-02
   3.417959E+00   7.632356E+02   4.292861E+00   2.077903E-02
   3.429791E+00   7.610309E+02   4.240261E+00   2.064324E-02
   3.441663E+00   7.524232E+02   4.174157E+00   2.050412E-02
   3.453577E+00   7.493401E+02   4.104878E+00   2.036400E-02
   3.465532E+00   7.491052E+02   4.041236E+00   2.022608E-02
   3.477528E+00   7.467775E+02   3.979000E+00   2.008940E-02
   3.489566E+00   7.466378E+02   3.911866E+00   1.995139E-02
   3.501645E+00   7.487260E+02   3.853764E+00   1.981686E-02
   3.513766E+00   7.475550E+02   3.804880E+00   1.968644E-02
   3.525930E+00   7.420496E+02   3.740808E+00   1.955163E-02
   3.538135E+00   7.414425E+02   3.682499E+00   1.941896E-02
   3.550382E+00   7.401042E+02   3.626347E+00   1.928768E-02
   3.562672E+00   7.394909E+02   3.565794E+00   1.915528E-02
   3.575005E+00   7.375375E+02   3.510513E+00   1.902544E-02
   3.587380E+00   7.370309E+02   3.455029E+00   1.889594E-02
   3.599798E+00   7.365680E+02   3.402594E+00   1.876810E-02
   3.612259E+00   7.354045E+02   3.347673E+00   1.863992E-02
   3.624763E+00   7.350365E+02   3.296949E+00   1.851378E-02
   3.637311E+00   7.331513E+02   3.243452E+00   1.838725E-02
   3.649901E+00   7.327966E+02   3.192066E+00   1.826190E-02
   3.662536E+00   7.313776E+02   3.141085E+00   1.813732E-02
   3.675214E+00   7.308983E+02   3.092444E+00   1.801408E-02
   3.687936E+00   7.299134E+02   3.042035E+00   1.789069E-02
   3.700702E+00   7.298623E+02   2.995755E+00   1.776937E-02
   3.713513E+00   7.284513E+02   2.948142E+00   1.764814E-02
   3.726367E+00   7.269458E+02   2.900686E+00   1.752749E-02
   3.739266E+00   7.275215E+02   2.853491E+00   1.740725E-02
   3.752210E+00   7.273740E+02   2.809046E+00   1.728868E-02
   3.765199E+00   7.258423E+02   2.765173E+00   1.717098E-02
   3.778232E+00   7.270707E+02   2.720057E+00   1.705300E-02
   3.791311E+00   7.244068E+02   2.677640E+00   1.693699E-02
   3.804435E+00   7.234908E+02   2.635426E+00   1.682139E-02
   3.817604E+00   7.229687E+02   2.592805E+00   1.670607E-02
   3.830819E+00   7.214227E+02   2.550692E+00   1.659153E-02
   3.844080E+00   7.209138E+02   2.510014E+00   1.647799E-02
   3.857386E+00   7.197072E+02   2.469745E+00   1.636517E-02
   3.870739E+00   7.188210E+02   2.429398E+00   1.625275E-02
   3.884138E+00   7.189959E+02   2.389885E+00   1.614106E-02
   3.897583E+00   7.167432E+02   2.351959E+00   1.603077E-02
   3.911075E+00   7.168935E+02   2.311691E+00   1.591966E-02
   3.924614E+00   7.156395E+02   2.275432E+00   1.581095E-02
   3.938199E+00   7.155465E+02   2.236624E+00   1.570142E-02
   3.951831E+00   7.150496E+02   2.201283E+00   1.559397E-02
   3.965511E+00   7.138938E+02   2.164894E+00   1.548655E-02
   3.979238E+00   7.130767E+02   2.129735E+00   1.538011E-02
   3.993012E+00   7.133242E+02   2.093570E+00   1.527354E-02
   4.006834E+00   7.137926E+02   2.060776E+00   1.516900E-02
   4.020704E+00   7.145069E+02   2.026682E+00   1.506425E-02
   4.034622E+00   7.121165E+02   1.994782E+00   1.496129E-02
   4.048589E+00   7.114380E+02   1.960924E+00   1.485765E-02
   4.062603E+00   7.111615E+02   1.928036E+00   1.475488E-02
   4.076666E+00   7.107585E+02   1.896751E+00   1.465333E-02
   4.090778E+00   7.097984E+02   1.864752E+00   1.455191E-02
   4.104938E+00   7.093206E+02   1.833069E+00   1.445101E-02
   4.119148E+00   7.089533E+02   1.803010E+00   1.435135E-02
   4.133407E+00   7.094236E+02   1.773063E+00   1.425208E-02
   4.147715E+00   7.093338E+02   1.743270E+00   1.415336E-02
   4.162073E+00   7.085557E+02   1.713665E+00   1.405520E-02
   4.176480E+00   7.081995E+02   1.685084E+00   1.395796E-02
   4.190937E+00   7.087229E+02   1.657432E+00   1.386152E-02
   4.205445E+00   7.083568E+02   1.629992E+00   1.376570E-02
   4.220002E+00   7.073176E+02   1.601977E+00   1.367002E-02
   4.234610E+00   7.073934E+02   1.575326E+00   1.357538E-02
   4.249268E+00   7.066566E+02   1.548098E+00   1.348090E-02
   4.263978E+00   7.068861E+02   1.521559E+00   1.338708E-02
   4.278738E+00   7.069517E+02   1.496057E+00   1.329426E-02
   4.293549E+00   7.063587E+02   1.470065E+00   1.320160E-02
   4.308411E+00   7.075927E+02   1.445909E+00   1.311020E-02
   4.323325E+00   7.064898E+02   1.420475E+00   1.301867E-02
   4.338291E+00   7.068568E+02   1.396707E+00   1.292834E-02
   4.353308E+00   7.073075E+02   1.372808E+00   1.283831E-02
   4.368377E+00   7.066031E+02   1.348598E+00   1.274858E-02
   4.383499E+00   7.073864E+02   1.326638E+00   1.266041E-02
   4.398673E+00   7.072138E+02   1.303890E+00   1.257223E-02
   4.413899E+00   7.068131E+02   1.281408E+00   1.248461E-02
   4.429178E+00   7.068679E+02   1.260751E+00   1.239843E-02
   4.444510E+00   7.051972E+02   1.237984E+00   1.231148E-02
   4.459895E+00   7.054324E+02   1.216270E+00   1.222536E-02
   4.475334E+00   7.053578E+02   1.195169E+00   1.214000E-02
   4.490825E+00   7.048116E+02   1.174068E+00   1.205504E-02
   4.506371E+00   7.045853E+02   1.153650E+00   1.197084E-02
   4.521970E+00   7.041896E+02   1.132544E+00   1.188656E-02
   4.537623E+00   7.041036E+02   1.112051E+00   1.180298E-02
   4.553330E+00   7.040776E+02   1.092716E+00   1.172050E-02
   4.569092E+00   7.048776E+02   1.073602E+00   1.163843E-02
   4.584908E+00   7.038038E+02   1.053640E+00   1.155631E-02
   4.600779E+00   7.044672E+02   1.035009E+00   1.147525E-02
   4.616705E+00   7.051074E+02   1.016439E+00   1.139456E-02
   4.632687E+00   7.048173E+02   9.981949E-01   1.131452E-02
   4.648723E+00   7.051605E+02   9.801079E-01   1.123486E-02
   4.664815E+00   7.055257E+02   9.627091E-01   1.115600E-02
   4.680963E+00   7.056513E+02   9.450525E-01   1.107731E-02
   4.697166E+00   7.057375E+02   9.275836E-01   1.099907E-02
   4.713426E+00   7.052168E+02   9.102256E-01   1.092129E-02
   4.729742E+00   7.058955E+02   8.933412E-01   1.084404E-02
   4.746114E+00   7.065725E+02   8.765880E-01   1.076720E-02
   4.762543E+00   7.075337E+02   8.600172E-01   1.069077E-02
   4.779029E+00   7.080726E+02   8.439470E-01   1.061506E-02
   4.795572E+00   7.092426E+02   8.277971E-01   1.053953E-02
   4.812172E+00   7.108710E+02   8.118323E-01   1.046440E-02
   4.828830E+00   7.135125E+02   7.966151E-01   1.039002E-02
   4.845545E+00   7.153961E+02   7.808311E-01   1.031558E-02
   4.862319E+00   7.185871E+02   7.664512E-01   1.024238E-02
   4.879150E+00   7.225186E+02   7.516677E-01   1.016909E-02
   4.896040E+00   7.271294E+02   7.382511E-01   1.009709E-02
   4.912988E+00   7.326993E+02   7.249920E-01   1.002542E-02
   4.929994E+00   7.405649E+02   7.135740E-01   9.955292E-03
   4.947060E+00   7.460056E+02   7.034606E-01   9.886808E-03
   4.964185E+00   7.473949E+02   6.937077E-01   9.819401E-03
   4.981369E+00   7.457159E+02   6.827580E-01   9.751670E-03
   4.998612E+00   7.447032E+02   6.711237E-01   9.683606E-03
   5.015915E+00   7.437272E+02   6.596053E-01   9.615937E-03
   5.033278E+00   7.433107E+02   6.480600E-01   9.548480E-03
   5.050701E+00   7.405785E+02   6.366586E-01   9.481697E-03
   5.068185E+00   7.363733E+02   6.242538E-01   9.414494E-03
   5.085729E+00   7.339644E+02   6.116611E-01   9.347196E-03
   5.103333E+00   7.320845E+02   5.987447E-01   9.279812E-03
   5.120999E+00   7.319968E+02   5.857593E-01   9.212417E-03
   5.138726E+00   7.331017E+02   5.728422E-01   9.145191E-03
   5.156514E+00   7.350756E+02   5.610803E-01   9.079162E-03
   5.174363E+00   7.379565E+02   5.491504E-01   9.013123E-03
   5.192275E+00   7.422927E+02   5.373396E-01   8.947269E-03
   5.210248E+00   7.489108E+02   5.262122E-01   8.882030E-03
   5.228284E+00   7.580211E+02   5.160099E-01   8.817618E-03
   5.246382E+00   7.709364E+02   5.078493E-01   8.754965E-03
   5.264543E+00   7.825966E+02   5.017136E-01   8.694695E-03
   5.282767E+00   7.911673E+02   4.967818E-01   8.636280E-03
   5.301053E+00   7.963183E+02   4.926931E-01   8.579437E-03
   5.319403E+00   7.966108E+02   4.883882E-01   8.523312E-03
   5.337817E+00   7.901852E+02   4.836439E-01   8.467902E-03
   5.356294E+00   7.762926E+02   4.768906E-01   8.411692E-03
   5.374836E+00   7.581071E+02   4.666409E-01   8.352720E-03
   5.393441E+00   7.438430E+02   4.538199E-01   8.290853E-03
   5.412111E+00   7.368954E+02   4.412665E-01   8.228563E-03
   5.430845E+00   7.350612E+02   4.295575E-01   8.166722E-03
   5.449645E+00   7.346493E+02   4.191359E-01   8.106251E-03
   5.468509E+00   7.349765E+02   4.092523E-01   8.046463E-03
   5.487439E+00   7.366012E+02   3.997831E-01   7.987172E-03
   5.506434E+00   7.380145E+02   3.906059E-01   7.928427E-03
   5.525495E+00   7.414660E+02   3.820231E-01   7.870302E-03
   5.544622E+00   7.427510E+02   3.737606E-01   7.813006E-03
   5.563815E+00   7.450132E+02   3.655878E-01   7.755906E-03
   5.583075E+00   7.469831E+02   3.579167E-01   7.699628E-03
   5.602401E+00   7.499166E+02   3.502734E-01   7.643481E-03
   5.621794E+00   7.527687E+02   3.433031E-01   7.588345E-03
   5.641254E+00   7.529412E+02   3.360008E-01   7.533370E-03
   5.660782E+00   7.558952E+02   3.289787E-01   7.478598E-03
   5.680377E+00   7.559178E+02   3.219819E-01   7.424436E-03
   5.700040E+00   7.566514E+02   3.148710E-01   7.370255E-03
   5.719772E+00   7.577843E+02   3.081593E-01   7.316721E-03
   5.739571E+00   7.579786E+02   3.011626E-01   7.263156E-03
   5.759439E+00   7.590209E+02   2.945280E-01   7.210137E-03
   5.779376E+00   7.584057E+02   2.877172E-01   7.157304E-03
   5.799382E+00   7.585157E+02   2.806932E-01   7.104290E-03
   5.819457E+00   7.593402E+02   2.739269E-01   7.051700E-03
   5.839601E+00   7.604894E+02   2.668400E-01   6.998817E-03
   5.859815E+00   7.624516E+02   2.600453E-01   6.946381E-03
   5.880100E+00   7.680211E+02   2.530960E-01   6.893412E-03
   5.900454E+00   7.710245E+02   2.477213E-01   6.843116E-03
   5.920879E+00   7.767515E+02   2.411946E-01   6.791023E-03
   5.941375E+00   7.847485E+02   2.356282E-01   6.740122E-03
   5.961941E+00   7.943180E+02   2.312022E-01   6.690806E-03
   5.982579E+00   8.012057E+02   2.269041E-01   6.642252E-03
   6.003288E+00   8.064729E+02   2.226680E-01   6.594224E-03
   6.024069E+00   8.097460E+02   2.183727E-01   6.546602E-03
   6.044922E+00   8.114337E+02   2.135950E-01   6.498688E-03
   6.065847E+00   8.149930E+02   2.090643E-01   6.451057E-03
   6.086844E+00   8.191735E+02   2.044327E-01   6.403359E-03
   6.107914E+00   8.231893E+02   2.003092E-01   6.356657E-03
   6.129058E+00   8.274841E+02   1.962428E-01   6.310189E-03
   6.150274E+00   8.296716E+02   1.924278E-01   6.264636E-03
   6.171563E+00   8.304966E+02   1.883657E-01   6.219088E-03
   6.192927E+00   8.306928E+02   1.844043E-01   6.173988E-03
   6.214364E+00   8.297394E+02   1.801088E-01   6.128697E-03
   6.235876E+00   8.278359E+02   1.754943E-01   6.083187E-03
   6.257462E+00   8.268394E+02   1.709332E-01   6.037774E-03
   6.279122E+00   8.248931E+02   1.662260E-01   5.992405E-03
   6.300858E+00   8.236682E+02   1.614788E-01   5.946981E-03
   6.322669E+00   8.234855E+02   1.564813E-01   5.901064E-03
   6.344555E+00   8.246076E+02   1.516940E-01   5.855413E-03
   6.366518E+00   8.271490E+02   1.471015E-01   5.809982E-03
   6.388556E+00   8.321613E+02   1.430870E-01   5.765318E-03
   6.410670E+00   8.365781E+02   1.390082E-01   5.720741E-03
   6.432862E+00   8.417682E+02   1.351485E-01   5.676554E-03
   6.455129E+00   8.477596E+02   1.315977E-01   5.632940E-03
   6.477474E+00   8.540614E+02   1.282194E-01   5.589725E-03
   6.499897E+00   8.601157E+02   1.246891E-01   5.546352E-03
   6.522397E+00   8.678989E+02   1.216319E-01   5.503738E-03
   6.544974E+00   8.735395E+02   1.185106E-01   5.461498E-03
   6.567630E+00   8.814661E+02   1.156398E-01   5.419468E-03
   6.590365E+00   8.869516E+02   1.127293E-01   5.377928E-03
   6.613178E+00   8.927181E+02   1.099126E-01   5.336651E-03
   6.636070E+00   8.963606E+02   1.069265E-01   5.295517E-03
   6.659041E+00   9.011721E+02   1.038886E-01   5.254117E-03
   6.682092E+00   9.065201E+02   1.010971E-01   5.213263E-03
   6.705223E+00   9.135964E+02   9.839216E-02   5.172331E-03
   6.728433E+00   9.201242E+02   9.599112E-02   5.132337E-03
   6.751724E+00   9.252884E+02   9.347946E-02   5.092452E-03
   6.775096E+00   9.334575E+02   9.106305E-02   5.052212E-03
   6.798549E+00   9.416349E+02   8.873176E-02   5.012242E-03
   6.822082E+00   9.490908E+02   8.651382E-02   4.972797E-03
   6.845698E+00   9.564562E+02   8.436635E-02   4.933622E-03
   6.869395E+00   9.625541E+02   8.216724E-02   4.894665E-03
   6.893173E+00   9.694108E+02   8.004910E-02   4.855794E-03
   6.917035E+00   9.770393E+02   7.805162E-02   4.817114E-03
   6.940979E+00   9.858393E+02   7.627967E-02   4.778837E-03
   6.965005E+00   9.931495E+02   7.447532E-02   4.740895E-03
   6.989115E+00   9.995121E+02   7.260616E-02   4.703036E-03
   7.013309E+00   1.005627E+03   7.059587E-02   4.664787E-03
   7.037586E+00   1.012345E+03   6.849591E-02   4.626006E-03
   7.061947E+00   1.021439E+03   6.682911E-02   4.587946E-03
   7.086393E+00   1.028807E+03   6.530229E-02   4.550891E-03
   7.110923E+00   1.037243E+03   6.372167E-02   4.513243E-03
   7.135538E+00   1.047946E+03   6.237318E-02   4.475641E-03
   7.160238E+00   1.059598E+03   6.101248E-02   4.437510E-03
   7.185024E+00   1.071031E+03   5.975347E-02   4.399693E-03
   7.209895E+00   1.081023E+03   5.852747E-02   4.362375E-03
   7.234853E+00   1.093737E+03   5.761133E-02   4.325194E-03
   7.259897E+00   1.107152E+03   5.687708E-02   4.288375E-03
   7.285028E+00   1.122000E+03   5.624543E-02   4.251158E-03
   7.310246E+00   1.138428E+03   5.580957E-02   4.213883E-03
   7.335551E+00   1.154045E+03   5.543975E-02   4.176992E-03
   7.360943E+00   1.172252E+03   5.540830E-02   4.140342E-03
   7.386424E+00   1.190574E+03   5.550955E-02   4.104027E-03
   7.411992E+00   1.209640E+03   5.575365E-02   4.067709E-03
   7.437650E+00   1.228974E+03   5.609748E-02   4.031306E-03
   7.463396E+00   1.249365E+03   5.665118E-02   3.995114E-03
   7.489231E+00   1.267683E+03   5.717406E-02   3.959630E-03
   7.515155E+00   1.287402E+03   5.784512E-02   3.923247E-03
   7.541170E+00   1.309900E+03   5.888999E-02   3.886938E-03
   7.567274E+00   1.333757E+03   6.016352E-02   3.850139E-03
   7.593469E+00   1.358444E+03   6.166965E-02   3.813641E-03
   7.619754E+00   1.383802E+03   6.338532E-02   3.777077E-03
   7.646131E+00   1.411708E+03   6.549702E-02   3.740306E-03
   7.672598E+00   1.442680E+03   6.808789E-02   3.702758E-03
   7.699158E+00   1.477837E+03   7.128461E-02   3.665206E-03
   7.725809E+00   1.512817E+03   7.470908E-02   3.627358E-03
   7.752553E+00   1.554017E+03   7.902356E-02   3.588821E-03
   7.779389E+00   1.599150E+03   8.399308E-02   3.550352E-03
   7.806318E+00   1.651114E+03   8.998712E-02   3.511291E-03
   7.833340E+00   1.707523E+03   9.684577E-02   3.471535E-03
   7.860456E+00   1.772341E+03   1.049272E-01   3.431632E-03
   7.887665E+00   1.844872E+03   1.141663E-01   3.391746E-03
   7.914969E+00   1.923139E+03   1.242853E-01   3.352369E-03
   7.942367E+00   2.007273E+03   1.353164E-01   3.313375E-03
   7.969861E+00   2.089900E+03   1.463336E-01   3.275364E-03
   7.997449E+00   2.172262E+03   1.574283E-01   3.238263E-03
   8.025133E+00   2.250638E+03   1.683188E-01   3.201342E-03
   8.052912E+00   2.327025E+03   1.796302E-01   3.162874E-03
   8.080788E+00   2.410259E+03   1.924825E-01   3.122588E-03
   8.108761E+00   2.502227E+03   2.073200E-01   3.079979E-03
   8.136830E+00   2.611961E+03   2.256527E-01   3.033967E-03
   8.164996E+00   2.738167E+03   2.469678E-01   2.986440E-03
   8.193260E+00   2.886784E+03   2.722889E-01   2.937221E-03
   8.221621E+00   3.052636E+03   3.006009E-01   2.888721E-03
   8.250081E+00   3.232915E+03   3.312148E-01   2.843759E-03
   8.278640E+00   3.424757E+03   3.636935E-01   2.805124E-03
   8.307297E+00   3.618301E+03   3.945415E-01   2.783961E-03
   8.336053E+00   3.745558E+03   4.087547E-01   2.796076E-03
   8.364909E+00   3.656513E+03   3.802764E-01   2.826663E-03
   8.393865E+00   3.498984E+03   3.494607E-01   2.800607E-03
   8.422921E+00   3.545645E+03   3.662801E-01   2.722412E-03
   8.452078E+00   3.743791E+03   4.132670E-01   2.639313E-03
   8.481335E+00   3.995806E+03   4.699211E-01   2.572460E-03
   8.510694E+00   4.259149E+03   5.288640E-01   2.524563E-03
   8.540155E+00   4.519584E+03   5.872582E-01   2.494662E-03
   8.569717E+00   4.773561E+03   6.448051E-01   2.477399E-03
   8.599382E+00   5.012705E+03   6.994883E-01   2.469448E-03
   8.629149E+00   5.241734E+03   7.536100E-01   2.464878E-03
   8.659020E+00   5.459447E+03   8.061662E-01   2.465747E-03
   8.688994E+00   5.668022E+03   8.584082E-01   2.469529E-03
   8.719071E+00   5.862406E+03   9.087388E-01   2.476797E-03
   8.749253E+00   6.038367E+03   9.558125E-01   2.487432E-03
   8.779539E+00   6.197953E+03   1.000343E+00   2.499491E-03
   8.809931E+00   6.361923E+03   1.049334E+00   2.508515E-03
   8.840427E+00   6.523755E+03   1.100382E+00   2.518743E-03
   8.871029E+00   6.697709E+03   1.158706E+00   2.527308E-03
   8.901737E+00   6.901973E+03   1.232014E+00   2.536951E-03
   8.932551E+00   7.133983E+03   1.321401E+00   2.550252E-03
   8.963471E+00   7.394638E+03   1.430859E+00   2.572348E-03
   8.994499E+00   7.694503E+03   1.571031E+00   2.608637E-03
   9.025634E+00   7.979163E+03   1.731060E+00   2.677628E-03
   9.056877E+00   8.181937E+03   1.892198E+00   2.789095E-03
   9.088229E+00   8.212704E+03   2.020923E+00   2.951369E-03
   9.119688E+00   8.007729E+03   2.090867E+00   3.165137E-03
   9.151257E+00   7.532418E+03   2.059204E+00   3.394024E-03
   9.182935E+00   6.876290E+03   1.943128E+00   3.596951E-03
   9.214722E+00   6.157100E+03   1.770634E+00   3.735848E-03
   9.246620E+00   5.525380E+03   1.593274E+00   3.798515E-03
   9.278628E+00   5.021345E+03   1.444506E+00   3.816301E-03
   9.310746E+00   4.597151E+03   1.322685E+00   3.816788E-03
   9.342976E+00   4.224231E+03   1.217305E+00   3.805109E-03
   9.375318E+00   3.889597E+03   1.120568E+00   3.780715E-03
   9.407771E+00   3.604343E+03   1.036703E+00   3.748475E-03
   9.440337E+00   3.357237E+03   9.624776E-01   3.710768E-03
   9.473015E+00   3.139262E+03   8.964554E-01   3.670273E-03
   9.505807E+00   2.959850E+03   8.412961E-01   3.629925E-03
   9.538712E+00   2.793439E+03   7.924174E-01   3.591224E-03
   9.571731E+00   2.639910E+03   7.501261E-01   3.555347E-03
   9.604865E+00   2.500646E+03   7.116342E-01   3.519208E-03
   9.638113E+00   2.363153E+03   6.758992E-01   3.484196E-03
   9.671476E+00   2.233009E+03   6.438590E-01   3.450808E-03
   9.704954E+00   2.107259E+03   6.123782E-01   3.415657E-03
   9.738549E+00   1.984910E+03   5.828329E-01   3.380875E-03
   9.772260E+00   1.869978E+03   5.543985E-01   3.344920E-03
   9.806087E+00   1.762472E+03   5.273420E-01   3.308370E-03
   9.840032E+00   1.660483E+03   5.014434E-01   3.271365E-03
   9.874094E+00   1.566642E+03   4.772864E-01   3.234596E-03
   9.908274E+00   1.478485E+03   4.544117E-01   3.197903E-03
   9.942572E+00   1.394249E+03   4.325886E-01   3.161284E-03
   9.976989E+00   1.317389E+03   4.117817E-01   3.124443E-03
   1.001153E+01   1.245023E+03   3.922501E-01   3.088220E-03
   1.004618E+01   1.179401E+03   3.734284E-01   3.051644E-03
   1.008096E+01   1.120143E+03   3.560936E-01   3.016112E-03
   1.011585E+01   1.064867E+03   3.403133E-01   2.982104E-03
   1.015087E+01   1.008581E+03   3.248899E-01   2.948175E-03
   1.018601E+01   9.558709E+02   3.100396E-01   2.914326E-03
   1.022127E+01   9.112941E+02   2.958673E-01   2.880463E-03
   1.025665E+01   8.673516E+02   2.827171E-01   2.847826E-03
   1.029215E+01   8.290494E+02   2.701990E-01   2.815452E-03
   1.032778E+01   7.911793E+02   2.583780E-01   2.783880E-03
   1.036353E+01   7.571077E+02   2.472211E-01   2.752877E-03
   1.039941E+01   7.257621E+02   2.363618E-01   2.721894E-03
   1.043540E+01   6.981125E+02   2.265574E-01   2.692330E-03
   1.047153E+01   6.727050E+02   2.173440E-01   2.663477E-03
   1.050777E+01   6.441048E+02   2.086524E-01   2.635549E-03
   1.054415E+01   6.194953E+02   2.000756E-01   2.607370E-03
   1.058065E+01   5.930450E+02   1.919820E-01   2.579999E-03
   1.061727E+01   5.721138E+02   1.839695E-01   2.552266E-03
   1.065403E+01   5.501285E+02   1.765770E-01   2.525632E-03
   1.069091E+01   5.302906E+02   1.694841E-01   2.499309E-03
   1.072791E+01   5.108152E+02   1.624004E-01   2.472782E-03
   1.076505E+01   4.956197E+02   1.559884E-01   2.447309E-03
   1.080231E+01   4.788336E+02   1.496746E-01   2.421947E-03
   1.083971E+01   4.648927E+02   1.438347E-01   2.397344E-03
   1.087723E+01   4.496909E+02   1.378898E-01   2.372396E-03
   1.091488E+01   4.376125E+02   1.326066E-01   2.348676E-03
   1.095266E+01   4.255203E+02   1.272266E-01   2.324591E-03
   1.099058E+01   4.129001E+02   1.223454E-01   2.301565E-03
   1.102862E+01   4.023520E+02   1.172973E-01   2.277923E-03
   1.106680E+01   3.914144E+02   1.126608E-01   2.255163E-03
   1.110511E+01   3.824034E+02   1.081783E-01   2.232589E-03
   1.114355E+01   3.717443E+02   1.036385E-01   2.209803E-03
   1.118212E+01   3.658915E+02   9.946679E-02   2.187656E-03
   1.122083E+01   3.580218E+02   9.525865E-02   2.165366E-03
   1.125967E+01   3.525961E+02   9.145107E-02   2.143932E-03
   1.129865E+01   3.461488E+02   8.748928E-02   2.122005E-03
   1.133776E+01   3.423793E+02   8.385155E-02   2.100752E-03
   1.137701E+01   3.403714E+02   8.027932E-02   2.079510E-03
   1.141639E+01   3.361653E+02   7.692269E-02   2.058848E-03
   1.145591E+01   3.343749E+02   7.362254E-02   2.038161E-03
   1.149556E+01   3.315190E+02   7.035502E-02   2.017497E-03
   1.153536E+01   3.326451E+02   6.724565E-02   1.997053E-03
   1.157529E+01   3.327765E+02   6.424033E-02   1.976851E-03
   1.161536E+01   3.347763E+02   6.137580E-02   1.956910E-03
   1.165556E+01   3.341209E+02   5.854896E-02   1.937077E-03
   1.169591E+01   3.375129E+02   5.579257E-02   1.917207E-03
   1.173640E+01   3.408399E+02   5.308467E-02   1.897377E-03
   1.177702E+01   3.440226E+02   5.049885E-02   1.877837E-03
   1.181779E+01   3.480756E+02   4.783452E-02   1.857858E-03
   1.185870E+01   3.528158E+02   4.529494E-02   1.838138E-03
   1.189975E+01   3.609580E+02   4.264363E-02   1.817703E-03
   1.194094E+01   3.695965E+02   4.013136E-02   1.797559E-03
   1.198227E+01   3.809487E+02   3.758715E-02   1.776953E-03
   1.202375E+01   3.955244E+02   3.497704E-02   1.755664E-03
   1.206537E+01   4.146153E+02   3.247389E-02   1.734243E-03
   1.210714E+01   4.377917E+02   2.993551E-02   1.712050E-03
   1.214905E+01   4.698933E+02   2.743710E-02   1.688964E-03
   1.219110E+01   5.113856E+02   2.499253E-02   1.664759E-03
   1.223330E+01   5.703408E+02   2.282098E-02   1.639473E-03
   1.227565E+01   6.520465E+02   2.101995E-02   1.612382E-03
   1.231814E+01   7.748842E+02   2.037724E-02   1.584334E-03
   1.236078E+01   9.536057E+02   2.202181E-02   1.557149E-03
   1.240357E+01   1.203185E+03   2.783606E-02   1.535236E-03
   1.244651E+01   1.482564E+03   3.854920E-02   1.526790E-03
   1.248959E+01   1.744622E+03   5.353989E-02   1.536680E-03
   1.253283E+01   1.912754E+03   6.963684E-02   1.566547E-03
   1.257621E+01   1.970584E+03   8.438693E-02   1.608750E-03
   1.261974E+01   1.909695E+03   9.551892E-02   1.655675E-03
   1.266343E+01   1.740773E+03   1.011308E-01   1.697357E-03
   1.270726E+01   1.511692E+03   1.004763E-01   1.722105E-03
   1.275125E+01   1.291034E+03   9.647374E-02   1.729672E-03
   1.279539E+01   1.093596E+03   9.069271E-02   1.724807E-03
   1.283968E+01   9.277847E+02   8.468865E-02   1.712949E-03
   1.288413E+01   7.810460E+02   7.838579E-02   1.696110E-03
   1.292873E+01   6.625977E+02   7.162067E-02   1.673808E-03
   1.297348E+01   5.787539E+02   6.541879E-02   1.649760E-03
   1.301839E+01   5.226676E+02   6.010593E-02   1.626212E-03
   1.306345E+01   4.827731E+02   5.577104E-02   1.604589E-03
   1.310867E+01   4.532704E+02   5.201184E-02   1.584073E-03
   1.315405E+01   4.330281E+02   4.897697E-02   1.565453E-03
   1.319959E+01   4.128257E+02   4.627419E-02   1.547837E-03
   1.324528E+01   3.971249E+02   4.392494E-02   1.531188E-03
   1.329113E+01   3.807784E+02   4.168251E-02   1.514824E-03
   1.333713E+01   3.684336E+02   3.965746E-02   1.499018E-03
   1.338330E+01   3.576040E+02   3.779303E-02   1.483684E-03
   1.342963E+01   3.459454E+02   3.610498E-02   1.469004E-03
   1.347612E+01   3.372642E+02   3.442929E-02   1.454173E-03
   1.352277E+01   3.288880E+02   3.289046E-02   1.439827E-03
   1.356958E+01   3.219472E+02   3.146068E-02   1.425825E-03
   1.361655E+01   3.166055E+02   3.012648E-02   1.412123E-03
   1.366368E+01   3.088299E+02   2.887357E-02   1.398815E-03
   1.371098E+01   3.029943E+02   2.758382E-02   1.385212E-03
   1.375844E+01   2.985242E+02   2.645022E-02   1.372230E-03
   1.380607E+01   2.937612E+02   2.528325E-02   1.359049E-03
   1.385386E+01   2.913173E+02   2.425729E-02   1.346418E-03
   1.390182E+01   2.858171E+02   2.322674E-02   1.333828E-03
   1.394994E+01   2.832237E+02   2.223440E-02   1.321283E-03
   1.399823E+01   2.796766E+02   2.127565E-02   1.308898E-03
   1.404668E+01   2.785785E+02   2.033032E-02   1.296454E-03
   1.409531E+01   2.767979E+02   1.948016E-02   1.284491E-03
   1.414410E+01   2.766271E+02   1.862636E-02   1.272416E-03
   1.419306E+01   2.764836E+02   1.789250E-02   1.260962E-03
   1.424219E+01   2.740817E+02   1.709007E-02   1.249175E-03
   1.429149E+01   2.747761E+02   1.637359E-02   1.237729E-03
   1.434096E+01   2.731151E+02   1.566218E-02   1.226366E-03
   1.439060E+01   2.729125E+02   1.496625E-02   1.215007E-03
   1.444042E+01   2.719097E+02   1.429209E-02   1.203773E-03
   1.449041E+01   2.730002E+02   1.362322E-02   1.192456E-03
   1.454057E+01   2.735861E+02   1.300910E-02   1.181461E-03
   1.459090E+01   2.725521E+02   1.239285E-02   1.170478E-03
   1.464141E+01   2.747980E+02   1.176774E-02   1.159269E-03
   1.469209E+01   2.770303E+02   1.122410E-02   1.148558E-03
   1.474295E+01   2.784411E+02   1.067171E-02   1.137782E-03
   1.479398E+01   2.789637E+02   1.014924E-02   1.127209E-03
   1.484519E+01   2.798235E+02   9.576530E-03   1.116215E-03
   1.489658E+01   2.840983E+02   9.067741E-03   1.105482E-03
   1.494814E+01   2.874888E+02   8.613405E-03   1.095145E-03
   1.499989E+01   2.863689E+02   8.086246E-03   1.084395E-03
   1.505181E+01   2.917233E+02   7.576881E-03   1.073409E-03
   1.510392E+01   2.976685E+02   7.120032E-03   1.062733E-03
   1.515620E+01   3.033788E+02   6.685184E-03   1.052169E-03
   1.520866E+01   3.088341E+02   6.250362E-03   1.041528E-03
   1.526131E+01   3.159690E+02   5.818578E-03   1.030714E-03
   1.531414E+01   3.244797E+02   5.402941E-03   1.019840E-03
   1.536715E+01   3.351132E+02   5.009704E-03   1.008901E-03
   1.542034E+01   3.489933E+02   4.640625E-03   9.978109E-04
   1.547372E+01   3.641121E+02   4.308735E-03   9.868109E-04
   1.552729E+01   3.840218E+02   3.993757E-03   9.753641E-04
   1.558103E+01   4.094881E+02   3.761496E-03   9.640789E-04
   1.563497E+01   4.385385E+02   3.575147E-03   9.526036E-04
   1.568909E+01   4.765487E+02   3.476573E-03   9.407686E-04
   1.574340E+01   5.268607E+02   3.528327E-03   9.287389E-04
   1.579790E+01   5.926497E+02   3.812473E-03   9.168647E-04
   1.585258E+01   6.804882E+02   4.445636E-03   9.051643E-04
   1.590746E+01   7.969245E+02   5.647120E-03   8.947978E-04
   1.596252E+01   9.431551E+02   7.721812E-03   8.889046E-04
   1.601778E+01   1.077029E+03   1.038716E-02   8.913538E-04
   1.607323E+01   1.151968E+03   1.302462E-02   9.034306E-04
   1.612886E+01   1.131894E+03   1.479507E-02   9.215724E-04
   1.618470E+01   1.007464E+03   1.491521E-02   9.378555E-04
   1.624072E+01   8.356649E+02   1.346345E-02   9.428851E-04
   1.629694E+01   6.885979E+02   1.152095E-02   9.373435E-04
   1.635335E+01   5.763922E+02   9.697052E-03   9.269015E-04
   1.640996E+01   4.988634E+02   8.065378E-03   9.135187E-04
   1.646677E+01   4.517517E+02   6.824638E-03   9.001986E-04
   1.652377E+01   4.185304E+02   5.828301E-03   8.874372E-04
   1.658097E+01   3.950157E+02   5.017757E-03   8.752764E-04
   1.663836E+01   3.797419E+02   4.315171E-03   8.631946E-04
   1.669596E+01   3.693539E+02   3.754413E-03   8.519386E-04
   1.675375E+01   3.647692E+02   3.266057E-03   8.407444E-04
   1.681175E+01   3.603919E+02   2.862955E-03   8.302680E-04
   1.686994E+01   3.600733E+02   2.495022E-03   8.195781E-04
   1.692834E+01   3.625668E+02   2.212785E-03   8.095697E-04
   1.698694E+01   3.629460E+02   1.948572E-03   7.996739E-04
   1.704574E+01   3.661954E+02   1.712760E-03   7.895537E-04
   1.710474E+01   3.721279E+02   1.531118E-03   7.797175E-04
   1.716395E+01   3.801999E+02   1.386586E-03   7.698704E-04
   1.722337E+01   3.935350E+02   1.311993E-03   7.604664E-04
   1.728299E+01   3.970483E+02   1.220866E-03   7.515945E-04
   1.734281E+01   4.043858E+02   1.148932E-03   7.415988E-04
   1.740285E+01   4.209850E+02   1.170642E-03   7.322724E-04
   1.746309E+01   4.292341E+02   1.175214E-03   7.230739E-04
   1.752354E+01   4.457863E+02   1.255851E-03   7.132757E-04
   1.758420E+01   4.636440E+02   1.373713E-03   7.043784E-04
   1.764507E+01   4.733460E+02   1.482362E-03   6.950111E-04
   1.770615E+01   4.946835E+02   1.707626E-03   6.851304E-04
   1.776744E+01   5.134838E+02   1.948020E-03   6.757887E-04
   1.782894E+01   5.408468E+02   2.331681E-03   6.653277E-04
   1.789066E+01   5.748631E+02   2.730871E-03   6.563380E-04
   1.795259E+01   5.927881E+02   3.161585E-03   6.462158E-04
   1.801473E+01   6.385156E+02   3.809705E-03   6.359942E-04
   1.807709E+01   6.660115E+02   4.421392E-03   6.259020E-04
   1.813967E+01   7.138124E+02   5.290820E-03   6.149137E-04
   1.820246E+01   7.611896E+02   6.346762E-03   6.031145E-04
   1.826547E+01   8.397435E+02   7.776733E-03   5.899781E-04
   1.832870E+01   9.240761E+02   9.273068E-03   5.768119E-04
   1.839214E+01   1.018391E+03   1.104053E-02   5.621324E-04
   1.845581E+01   1.133535E+03   1.301280E-02   5.458149E-04
   1.851969E+01   1.246901E+03   1.490447E-02   5.290782E-04
   1.858380E+01   1.354400E+03   1.670703E-02   5.118453E-04
   1.864813E+01   1.453544E+03   1.847668E-02   4.936900E-04
   1.871268E+01   1.555573E+03   2.046268E-02   4.722202E-04
   1.877746E+01   1.664005E+03   2.260852E-02   4.461813E-04
   1.884246E+01   1.752811E+03   2.433884E-02   4.199332E-04
   1.890768E+01   1.794567E+03   2.537314E-02   4.016377E-04
   1.897313E+01   1.806139E+03   2.651608E-02   3.942243E-04
   1.903881E+01   1.847344E+03   2.918039E-02   3.952446E-04
   1.910472E+01   1.955541E+03   3.396051E-02   3.936371E-04
   1.917085E+01   2.152392E+03   4.172177E-02   3.863028E-04
   1.923721E+01   2.466241E+03   5.124101E-02   3.803854E-04
   1.930380E+01   2.673556E+03   5.643701E-02   3.783103E-04
   1.937062E+01   2.966162E+03   6.733565E-02   3.676470E-04
   1.943768E+01   3.291875E+03   7.670584E-02   3.673456E-04
   1.950496E+01   3.527147E+03   8.253100E-02   3.719827E-04
   1.957248E+01   3.713204E+03   8.717969E-02   3.775107E-04
   1.964023E+01   3.864767E+03   9.085232E-02   3.845607E-04
   1.970822E+01   3.989266E+03   9.420619E-02   3.906336E-04
   1.977644E+01   4.123928E+03   9.874891E-02   3.959178E-04
   1.984490E+01   4.259084E+03   1.036650E-01   4.034875E-04
   1.991359E+01   4.351152E+03   1.067442E-01   4.141724E-04
   1.998252E+01   4.422523E+03   1.093943E-01   4.241387E-04
   2.005169E+01   4.497114E+03   1.127978E-01   4.339034E-04
   2.012110E+01   4.567923E+03   1.165226E-01   4.437361E-04
   2.019076E+01   4.669348E+03   1.227259E-01   4.533129E-04
   2.026065E+01   4.768183E+03   1.300797E-01   4.702538E-04
   2.033078E+01   4.788533E+03   1.341289E-01   4.960678E-04
   2.040116E+01   4.728893E+03   1.345883E-01   5.277166E-04
   2.047178E+01   4.587599E+03   1.307476E-01   5.611930E-04
   2.054264E+01   4.433000E+03   1.258730E-01   5.889735E-04
   2.061375E+01   4.281683E+03   1.215994E-01   6.148948E-04
   2.068511E+01   4.128763E+03   1.169222E-01   6.366589E-04
   2.075671E+01   3.997230E+03   1.140196E-01   6.581129E-04
   2.082856E+01   3.847445E+03   1.103502E-01   6.791706E-04
   2.090066E+01   3.699595E+03   1.069672E-01   6.990956E-04
   2.097301E+01   3.557683E+03   1.037522E-01   7.166850E-04
   2.104561E+01   3.417748E+03   1.014448E-01   7.361580E-04
   2.111846E+01   3.258722E+03   9.880073E-02   7.567934E-04
   2.119157E+01   3.065980E+03   9.522241E-02   7.784138E-04
   2.126492E+01   2.853684E+03   9.018419E-02   7.949789E-04
   2.133853E+01   2.645732E+03   8.468450E-02   8.057146E-04
   2.141240E+01   2.450110E+03   7.898340E-02   8.104534E-04
   2.148652E+01   2.276207E+03   7.366712E-02   8.107709E-04
   2.156090E+01   2.117498E+03   6.873141E-02   8.082824E-04
   2.163553E+01   1.973995E+03   6.409719E-02   8.031050E-04
   2.171043E+01   1.847152E+03   5.988061E-02   7.960941E-04
   2.178558E+01   1.729657E+03   5.593255E-02   7.878234E-04
   2.186099E+01   1.627567E+03   5.230281E-02   7.781561E-04
   2.193666E+01   1.533431E+03   4.883680E-02   7.674022E-04
   2.201260E+01   1.458256E+03   4.558599E-02   7.549273E-04
   2.208880E+01   1.407885E+03   4.289445E-02   7.424434E-04
   2.216526E+01   1.371930E+03   4.086355E-02   7.319286E-04
   2.224199E+01   1.341275E+03   3.926016E-02   7.231433E-04
   2.231898E+01   1.318585E+03   3.812539E-02   7.162295E-04
   2.239624E+01   1.290021E+03   3.751901E-02   7.129099E-04
   2.247377E+01   1.230612E+03   3.680468E-02   7.115143E-04
   2.255156E+01   1.152322E+03   3.546374E-02   7.075471E-04
   2.262962E+01   1.081784E+03   3.378373E-02   7.003842E-04
   2.270796E+01   1.023363E+03   3.222049E-02   6.925930E-04
   2.278656E+01   9.680923E+02   3.068960E-02   6.844035E-04
   2.286544E+01   9.202824E+02   2.922710E-02   6.758084E-04
   2.294459E+01   8.784831E+02   2.784563E-02   6.670630E-04
   2.302402E+01   8.429409E+02   2.668828E-02   6.591854E-04
   2.310372E+01   7.992744E+02   2.550421E-02   6.513833E-04
   2.318369E+01   7.640273E+02   2.424978E-02   6.423780E-04
   2.326394E+01   7.331618E+02   2.317053E-02   6.341470E-04
   2.334447E+01   7.013383E+02   2.203084E-02   6.253400E-04
   2.342528E+01   6.811940E+02   2.088162E-02   6.156785E-04
   2.350637E+01   6.802923E+02   2.014161E-02   6.079536E-04
   2.358774E+01   6.466034E+02   1.956218E-02   6.029485E-04
   2.366939E+01   6.160799E+02   1.817637E-02   5.914877E-04
   2.375133E+01   6.604348E+02   1.765027E-02   5.830356E-04
   2.383354E+01   6.412998E+02   1.791370E-02   5.837616E-04
   2.391604E+01   5.862183E+02   1.680524E-02   5.752340E-04
   2.399883E+01   6.031436E+02   1.622076E-02   5.675430E-04
   2.408191E+01   5.768072E+02   1.607667E-02   5.652905E-04
   2.416527E+01   5.345702E+02   1.519013E-02   5.575190E-04
   2.424892E+01   5.360453E+02   1.447177E-02   5.492211E-04
   2.433286E+01   5.264092E+02   1.407861E-02   5.440480E-04
   2.441709E+01   5.130510E+02   1.347060E-02   5.371242E-04
   2.450161E+01   5.108989E+02   1.308975E-02   5.316802E-04
   2.458642E+01   4.910611E+02   1.263521E-02   5.262223E-04
   2.467153E+01   4.767012E+02   1.210506E-02   5.198098E-04
   2.475693E+01   4.604995E+02   1.145500E-02   5.122739E-04
   2.484263E+01   4.723006E+02   1.089811E-02   5.044840E-04
   2.492863E+01   4.816906E+02   1.060364E-02   4.991825E-04
   2.501492E+01   4.805255E+02   1.021455E-02   4.933369E-04
   2.510151E+01   4.862800E+02   9.833590E-03   4.872598E-04
   2.518840E+01   4.963714E+02   9.482178E-03   4.812530E-04
   2.527559E+01   5.112681E+02   9.178013E-03   4.754741E-04
   2.536309E+01   5.312783E+02   8.929173E-03   4.699915E-04
   2.545088E+01   5.569449E+02   8.763865E-03   4.650683E-04
   2.553898E+01   5.862476E+02   8.690794E-03   4.608838E-04
   2.562739E+01   6.184897E+02   8.721573E-03   4.575943E-04
   2.571610E+01   6.507034E+02   8.868651E-03   4.554814E-04
   2.580512E+01   6.783291E+02   9.125599E-03   4.547266E-04
   2.589444E+01   6.948461E+02   9.439306E-03   4.551432E-04
   2.598408E+01   6.982696E+02   9.755064E-03   4.562859E-04
   2.607403E+01   6.860328E+02   1.001652E-02   4.577027E-04
   2.616428E+01   6.608661E+02   1.016184E-02   4.585766E-04
   2.625485E+01   6.279137E+02   1.018874E-02   4.585736E-04
   2.634574E+01   5.912979E+02   1.010830E-02   4.575676E-04
   2.643694E+01   5.546563E+02   9.951132E-03   4.556830E-04
   2.652845E+01   5.192849E+02   9.736585E-03   4.530575E-04
   2.662028E+01   4.868202E+02   9.482938E-03   4.498178E-04
   2.671243E+01   4.580557E+02   9.210988E-03   4.461638E-04
   2.680489E+01   4.327797E+02   8.937361E-03   4.422947E-04
   2.689768E+01   4.102072E+02   8.668682E-03   4.383232E-04
   2.699079E+01   3.896188E+02   8.404739E-03   4.342820E-04
   2.708422E+01   3.708095E+02   8.142706E-03   4.301552E-04
   2.717798E+01   3.543195E+02   7.887180E-03   4.259853E-04
   2.727205E+01   3.396916E+02   7.643697E-03   4.218557E-04
   2.736646E+01   3.262189E+02   7.410675E-03   4.177753E-04
   2.746119E+01   3.138952E+02   7.186311E-03   4.137298E-04
   2.755625E+01   3.024375E+02   6.971057E-03   4.097364E-04
   2.765164E+01   2.915569E+02   6.762556E-03   4.057783E-04
   2.774736E+01   2.813396E+02   6.558169E-03   4.018253E-04
   2.784341E+01   2.721335E+02   6.358866E-03   3.978836E-04
   2.793979E+01   2.639607E+02   6.167697E-03   3.939926E-04
   2.803650E+01   2.565153E+02   5.986123E-03   3.901808E-04
   2.813355E+01   2.491343E+02   5.811985E-03   3.864384E-04
   2.823094E+01   2.418769E+02   5.639252E-03   3.826906E-04
   2.832867E+01   2.354532E+02   5.469086E-03   3.789386E-04
   2.842673E+01   2.299867E+02   5.305457E-03   3.752326E-04
   2.852513E+01   2.250436E+02   5.149679E-03   3.716006E-04
   2.862387E+01   2.202772E+02   4.999284E-03   3.680192E-04
   2.872295E+01   2.157760E+02   4.852300E-03   3.644623E-04
   2.882238E+01   2.117479E+02   4.708561E-03   3.609248E-04
   2.892215E+01   2.083662E+02   4.569304E-03   3.574218E-04
   2.902227E+01   2.054478E+02   4.436223E-03   3.539814E-04
   2.912273E+01   2.025425E+02   4.307581E-03   3.505891E-04
   2.922354E+01   1.998165E+02   4.180640E-03   3.472046E-04
   2.932470E+01   1.975088E+02   4.056260E-03   3.438364E-04
   2.942621E+01   1.956063E+02   3.933644E-03   3.404736E-04
   2.952807E+01   1.944159E+02   3.813378E-03   3.371200E-04
   2.963029E+01   1.938697E+02   3.696650E-03   3.337949E-04
   2.973286E+01   1.939956E+02   3.582369E-03   3.304821E-04
   2.983578E+01   1.951519E+02   3.470884E-03   3.271813E-04
   2.993906E+01   1.976109E+02   3.364233E-03   3.239198E-04
   3.004269E+01   2.014462E+02   3.264517E-03   3.207301E-04
   3.014669E+01   2.065063E+02   3.173628E-03   3.176464E-04
   3.025104E+01   2.126645E+02   3.092316E-03   3.146858E-04
   3.035576E+01   2.198932E+02   3.022688E-03   3.118857E-04
   3.046084E+01   2.276421E+02   2.967813E-03   3.093109E-04
   3.056628E+01   2.347214E+02   2.928143E-03   3.069983E-04
   3.067209E+01   2.393701E+02   2.900353E-03   3.049362E-04
   3.077826E+01   2.398120E+02   2.873160E-03   3.029787E-04
   3.088481E+01   2.367856E+02   2.833757E-03   3.008952E-04
   3.099172E+01   2.325032E+02   2.782390E-03   2.986385E-04
   3.109900E+01   2.277066E+02   2.721372E-03   2.962272E-04
   3.120665E+01   2.230996E+02   2.651624E-03   2.936581E-04
   3.131467E+01   2.194441E+02   2.576156E-03   2.909643E-04
   3.142307E+01   2.170128E+02   2.498312E-03   2.881965E-04
   3.153184E+01   2.157462E+02   2.420410E-03   2.853958E-04
   3.164099E+01   2.151851E+02   2.342525E-03   2.825715E-04
   3.175052E+01   2.152332E+02   2.262901E-03   2.796919E-04
   3.186043E+01   2.163414E+02   2.180786E-03   2.767314E-04
   3.197072E+01   2.190321E+02   2.097208E-03   2.736953E-04
   3.208139E+01   2.235252E+02   2.013115E-03   2.705926E-04
   3.219244E+01   2.301871E+02   1.928178E-03   2.674038E-04
   3.230388E+01   2.400002E+02   1.843233E-03   2.641152E-04
   3.241570E+01   2.541054E+02   1.761455E-03   2.607513E-04
   3.252791E+01   2.736651E+02   1.686176E-03   2.573320E-04
   3.264051E+01   3.007268E+02   1.623748E-03   2.539036E-04
   3.275349E+01   3.377669E+02   1.588097E-03   2.506380E-04
   3.286687E+01   3.860338E+02   1.597662E-03   2.478135E-04
   3.298064E+01   4.452640E+02   1.675207E-03   2.458319E-04
   3.309481E+01   5.106421E+02   1.844242E-03   2.452969E-04
   3.320937E+01   5.700804E+02   2.106464E-03   2.467368E-04
   3.332433E+01   6.077253E+02   2.425237E-03   2.501782E-04
   3.343968E+01   6.113053E+02   2.731696E-03   2.548915E-04
   3.355544E+01   5.794888E+02   2.952434E-03   2.594851E-04
   3.367159E+01   5.232632E+02   3.046936E-03   2.625669E-04
   3.378815E+01   4.596390E+02   3.025779E-03   2.635142E-04
   3.390511E+01   4.024417E+02   2.931095E-03   2.625944E-04
   3.402247E+01   3.572102E+02   2.805645E-03   2.605079E-04
   3.414024E+01   3.233965E+02   2.677482E-03   2.578957E-04
   3.425842E+01   2.981189E+02   2.556423E-03   2.550955E-04
   3.437701E+01   2.792590E+02   2.443670E-03   2.522301E-04
   3.449601E+01   2.659152E+02   2.340087E-03   2.493677E-04
   3.461542E+01   2.575231E+02   2.248051E-03   2.465891E-04
   3.473525E+01   2.531217E+02   2.169960E-03   2.439794E-04
   3.485549E+01   2.514698E+02   2.105976E-03   2.415813E-04
   3.497614E+01   2.515159E+02   2.055376E-03   2.394121E-04
   3.509721E+01   2.520671E+02   2.017540E-03   2.374919E-04
   3.521871E+01   2.516164E+02   1.989533E-03   2.357979E-04
   3.534062E+01   2.490766E+02   1.965767E-03   2.342397E-04
   3.546295E+01   2.444653E+02   1.940725E-03   2.327009E-04
   3.558571E+01   2.386686E+02   1.912089E-03   2.311119E-04
   3.570889E+01   2.323920E+02   1.880641E-03   2.294724E-04
   3.583250E+01   2.258491E+02   1.846624E-03   2.277814E-04
   3.595654E+01   2.196551E+02   1.809385E-03   2.260117E-04
   3.608101E+01   2.146752E+02   1.771121E-03   2.241945E-04
   3.620590E+01   2.108894E+02   1.735446E-03   2.224104E-04
   3.633123E+01   2.076095E+02   1.703176E-03   2.206919E-04
   3.645700E+01   2.042675E+02   1.673371E-03   2.190297E-04
   3.658320E+01   2.005825E+02   1.644758E-03   2.174007E-04
   3.670983E+01   1.966354E+02   1.616116E-03   2.157760E-04
   3.683691E+01   1.926903E+02   1.587471E-03   2.141514E-04
   3.696442E+01   1.887722E+02   1.559480E-03   2.125416E-04
   3.709238E+01   1.846771E+02   1.531955E-03   2.109456E-04
   3.722077E+01   1.803558E+02   1.503982E-03   2.093425E-04
   3.734962E+01   1.760337E+02   1.475228E-03   2.077204E-04
   3.747890E+01   1.719724E+02   1.446058E-03   2.060837E-04
   3.760864E+01   1.683001E+02   1.417127E-03   2.044460E-04
   3.773883E+01   1.649481E+02   1.389046E-03   2.028236E-04
   3.786946E+01   1.616781E+02   1.361422E-03   2.012106E-04
   3.800055E+01   1.585308E+02   1.333827E-03   1.995959E-04
   3.813209E+01   1.557599E+02   1.306574E-03   1.979840E-04
   3.826409E+01   1.533468E+02   1.279854E-03   1.963803E-04
   3.839654E+01   1.514809E+02   1.254073E-03   1.947928E-04
   3.852946E+01   1.501434E+02   1.230022E-03   1.932429E-04
   3.866283E+01   1.487095E+02   1.207946E-03   1.917460E-04
   3.879667E+01   1.469882E+02   1.186900E-03   1.902808E-04
   3.893096E+01   1.451665E+02   1.166408E-03   1.888328E-04
   3.906573E+01   1.429146E+02   1.146933E-03   1.874186E-04
   3.920096E+01   1.399542E+02   1.126960E-03   1.860013E-04
   3.933665E+01   1.368878E+02   1.104562E-03   1.845208E-04
   3.947282E+01   1.346854E+02   1.081580E-03   1.830141E-04
   3.960946E+01   1.334298E+02   1.060638E-03   1.815522E-04
   3.974657E+01   1.322577E+02   1.041652E-03   1.801441E-04
   3.988416E+01   1.306173E+02   1.023541E-03   1.787671E-04
   4.002222E+01   1.284514E+02   1.005433E-03   1.773975E-04
   4.016076E+01   1.259970E+02   9.867119E-04   1.760149E-04
   4.029978E+01   1.237426E+02   9.671234E-04   1.746060E-04
   4.043928E+01   1.220242E+02   9.473180E-04   1.731854E-04
   4.057926E+01   1.207910E+02   9.283264E-04   1.717835E-04
   4.071973E+01   1.198260E+02   9.103367E-04   1.704086E-04
   4.086069E+01   1.189501E+02   8.932327E-04   1.690598E-04
   4.100213E+01   1.180311E+02   8.768337E-04   1.677336E-04
   4.114406E+01   1.168551E+02   8.605166E-04   1.664139E-04
   4.128648E+01   1.157823E+02   8.440514E-04   1.650897E-04
   4.142940E+01   1.152543E+02   8.277201E-04   1.637651E-04
   4.157281E+01   1.151189E+02   8.124700E-04   1.624709E-04
   4.171672E+01   1.150083E+02   7.986236E-04   1.612216E-04
   4.186113E+01   1.146317E+02   7.855695E-04   1.600019E-04
   4.200603E+01   1.139149E+02   7.727106E-04   1.587939E-04
   4.215144E+01   1.129340E+02   7.597153E-04   1.575864E-04
   4.229735E+01   1.120004E+02   7.466564E-04   1.563783E-04
   4.244377E+01   1.112531E+02   7.337680E-04   1.551758E-04
   4.259069E+01   1.104782E+02   7.213872E-04   1.539919E-04
   4.273812E+01   1.096187E+02   7.091511E-04   1.528156E-04
   4.288606E+01   1.087753E+02   6.968447E-04   1.516386E-04
   4.303451E+01   1.081591E+02   6.849260E-04   1.504743E-04
   4.318348E+01   1.076571E+02   6.735489E-04   1.493290E-04
   4.333297E+01   1.070139E+02   6.627268E-04   1.482060E-04
   4.348297E+01   1.060251E+02   6.522570E-04   1.471005E-04
   4.363349E+01   1.047319E+02   6.414714E-04   1.459892E-04
   4.378453E+01   1.033752E+02   6.299788E-04   1.448558E-04
   4.393609E+01   1.024656E+02   6.185471E-04   1.437219E-04
   4.408818E+01   1.020136E+02   6.075444E-04   1.426005E-04
   4.424079E+01   1.016115E+02   5.971944E-04   1.415036E-04
   4.439394E+01   1.011383E+02   5.873572E-04   1.404276E-04
   4.454761E+01   1.005184E+02   5.778117E-04   1.393656E-04
   4.470182E+01   9.970932E+01   5.682546E-04   1.383069E-04
   4.485655E+01   9.886330E+01   5.586792E-04   1.372499E-04
   4.501183E+01   9.813979E+01   5.491376E-04   1.361949E-04
   4.516764E+01   9.747630E+01   5.398261E-04   1.351498E-04
   4.532399E+01   9.681017E+01   5.307374E-04   1.341150E-04
   4.548089E+01   9.607582E+01   5.216212E-04   1.330816E-04
   4.563832E+01   9.559527E+01   5.126469E-04   1.320532E-04
   4.579630E+01   9.523819E+01   5.039868E-04   1.310377E-04
   4.595483E+01   9.488982E+01   4.957648E-04   1.300411E-04
   4.611391E+01   9.445398E+01   4.878589E-04   1.290596E-04
   4.627353E+01   9.379905E+01   4.800464E-04   1.280858E-04
   4.643371E+01   9.294315E+01   4.722341E-04   1.271158E-04
   4.659445E+01   9.205681E+01   4.642396E-04   1.261407E-04
   4.675574E+01   9.126974E+01   4.560383E-04   1.251582E-04
   4.691759E+01   9.076281E+01   4.479933E-04   1.241813E-04
   4.708000E+01   9.059199E+01   4.402423E-04   1.232154E-04
   4.724297E+01   9.047189E+01   4.329256E-04   1.222688E-04
   4.740650E+01   9.030962E+01   4.260260E-04   1.213419E-04
   4.757060E+01   9.001587E+01   4.193764E-04   1.204287E-04
   4.773527E+01   8.934107E+01   4.127644E-04   1.195223E-04
   4.790051E+01   8.845884E+01   4.060159E-04   1.186139E-04
   4.806633E+01   8.760668E+01   3.987646E-04   1.176853E-04
   4.823271E+01   8.704377E+01   3.913414E-04   1.167484E-04
   4.839967E+01   8.746565E+01   3.842690E-04   1.158204E-04
   4.856721E+01   8.823560E+01   3.779658E-04   1.149251E-04
   4.873533E+01   8.888929E+01   3.729873E-04   1.140917E-04
   4.890403E+01   8.875630E+01   3.682453E-04   1.132780E-04
   4.907332E+01   8.723311E+01   3.631852E-04   1.124637E-04
   4.924319E+01   8.571525E+01   3.569755E-04   1.115994E-04
   4.941365E+01   8.457537E+01   3.499537E-04   1.106963E-04
   4.958470E+01   8.468497E+01   3.434035E-04   1.098064E-04
   4.975634E+01   8.531307E+01   3.374225E-04   1.089402E-04
   4.992858E+01   8.591586E+01   3.323632E-04   1.081192E-04
   5.010141E+01   8.627238E+01   3.276966E-04   1.073209E-04
   5.027484E+01   8.598568E+01   3.230872E-04   1.065328E-04
   5.044887E+01   8.561083E+01   3.183869E-04   1.057434E-04
   5.062350E+01   8.519409E+01   3.136235E-04   1.049534E-04
   5.079874E+01   8.483218E+01   3.089929E-04   1.041716E-04
   5.097458E+01   8.414342E+01   3.044652E-04   1.033996E-04
   5.115104E+01   8.328223E+01   2.997687E-04   1.026226E-04
   5.132810E+01   8.227661E+01   2.946984E-04   1.018300E-04
   5.150578E+01   8.182707E+01   2.895195E-04   1.010293E-04
   5.168407E+01   8.176030E+01   2.844186E-04   1.002311E-04
   5.186298E+01   8.203230E+01   2.798738E-04   9.946030E-05
   5.204250E+01   8.225226E+01   2.756750E-04   9.870951E-05
   5.222265E+01   8.222403E+01   2.717820E-04   9.797851E-05
   5.240343E+01   8.199566E+01   2.679261E-04   9.725316E-05
   5.258482E+01   8.154075E+01   2.640647E-04   9.653138E-05
   5.276685E+01   8.087492E+01   2.602189E-04   9.581409E-05
   5.294951E+01   8.008033E+01   2.562287E-04   9.509206E-05
   5.313280E+01   7.916509E+01   2.520249E-04   9.436127E-05
   5.331672E+01   7.858993E+01   2.476347E-04   9.361948E-05
   5.350128E+01   7.831197E+01   2.432481E-04   9.287714E-05
   5.368648E+01   7.857272E+01   2.392747E-04   9.215505E-05
   5.387232E+01   7.879040E+01   2.356465E-04   9.145411E-05
   5.405880E+01   7.884216E+01   2.323656E-04   9.077569E-05
   5.424593E+01   7.841873E+01   2.289793E-04   9.009690E-05
   5.443371E+01   7.794820E+01   2.255275E-04   8.941669E-05
   5.462214E+01   7.750326E+01   2.219961E-04   8.873359E-05
   5.481122E+01   7.721766E+01   2.185643E-04   8.805681E-05
   5.500095E+01   7.687929E+01   2.152319E-04   8.738795E-05
   5.519134E+01   7.650203E+01   2.119542E-04   8.672435E-05
   5.538239E+01   7.603541E+01   2.086925E-04   8.606411E-05
   5.557410E+01   7.546241E+01   2.054493E-04   8.540745E-05
   5.576647E+01   7.482484E+01   2.020981E-04   8.474645E-05
   5.595951E+01   7.423126E+01   1.986621E-04   8.408156E-05
   5.615322E+01   7.394858E+01   1.950740E-04   8.340667E-05
   5.634760E+01   7.398965E+01   1.916690E-04   8.274198E-05
   5.654265E+01   7.457660E+01   1.884909E-04   8.208886E-05
   5.673838E+01   7.515312E+01   1.857308E-04   8.146330E-05
   5.693479E+01   7.561623E+01   1.832235E-04   8.085620E-05
   5.713187E+01   7.549017E+01   1.809137E-04   8.026771E-05
   5.732964E+01   7.511600E+01   1.784860E-04   7.967559E-05
   5.752809E+01   7.442069E+01   1.758922E-04   7.907705E-05
   5.772723E+01   7.384832E+01   1.731567E-04   7.847026E-05
   5.792705E+01   7.337098E+01   1.704408E-04   7.786567E-05
   5.812757E+01   7.299264E+01   1.677437E-04   7.726320E-05
   5.832879E+01   7.264816E+01   1.650714E-04   7.666366E-05
   5.853070E+01   7.235930E+01   1.624370E-04   7.606778E-05
   5.873331E+01   7.223424E+01   1.598395E-04   7.547476E-05
   5.893662E+01   7.216912E+01   1.574119E-04   7.489430E-05
   5.914063E+01   7.194811E+01   1.550513E-04   7.432106E-05
   5.934535E+01   7.158680E+01   1.527659E-04   7.375555E-05
   5.955078E+01   7.102512E+01   1.503730E-04   7.318560E-05
   5.975692E+01   7.050001E+01   1.479210E-04   7.261279E-05
   5.996377E+01   7.001034E+01   1.454105E-04   7.203701E-05
   6.017134E+01   6.975178E+01   1.429232E-04   7.146261E-05
   6.037963E+01   6.960922E+01   1.404419E-04   7.088913E-05
   6.058864E+01   6.963512E+01   1.380747E-04   7.032395E-05
   6.079837E+01   6.976645E+01   1.357807E-04   6.976466E-05
   6.100883E+01   6.993180E+01   1.336170E-04   6.921597E-05
   6.122002E+01   6.996422E+01   1.315044E-04   6.867332E-05
   6.143194E+01   6.996513E+01   1.294221E-04   6.813456E-05
   6.164459E+01   6.990380E+01   1.273310E-04   6.759697E-05
   6.185797E+01   6.990507E+01   1.252332E-04   6.705981E-05
   6.207210E+01   6.994777E+01   1.231729E-04   6.652652E-05
   6.228697E+01   7.004456E+01   1.211367E-04   6.599603E-05
   6.250258E+01   7.015303E+01   1.191264E-04   6.546872E-05
   6.271894E+01   7.029552E+01   1.171321E-04   6.494370E-05
   6.293605E+01   7.051654E+01   1.151223E-04   6.441816E-05
   6.315390E+01   7.086525E+01   1.131686E-04   6.389737E-05
   6.337252E+01   7.137392E+01   1.112314E-04   6.337797E-05
   6.359189E+01   7.197565E+01   1.093823E-04   6.286615E-05
   6.381201E+01   7.274851E+01   1.075955E-04   6.235938E-05
   6.403290E+01   7.354970E+01   1.058953E-04   6.186068E-05
   6.425456E+01   7.444128E+01   1.042755E-04   6.136921E-05
   6.447698E+01   7.530591E+01   1.027301E-04   6.088543E-05
   6.470017E+01   7.612110E+01   1.012090E-04   6.040539E-05
   6.492414E+01   7.702964E+01   9.969008E-05   5.992623E-05
   6.514888E+01   7.804005E+01   9.823969E-05   5.945343E-05
   6.537440E+01   7.928934E+01   9.683165E-05   5.898379E-05
   6.560070E+01   8.064947E+01   9.559203E-05   5.852910E-05
   6.582778E+01   8.190489E+01   9.444710E-05   5.808491E-05
   6.605565E+01   8.312206E+01   9.337132E-05   5.764862E-05
   6.628430E+01   8.414265E+01   9.231932E-05   5.721764E-05
   6.651375E+01   8.516403E+01   9.125690E-05   5.678740E-05
   6.674400E+01   8.627365E+01   9.023127E-05   5.636133E-05
   6.697504E+01   8.745383E+01   8.921706E-05   5.593733E-05
   6.720688E+01   8.882622E+01   8.830799E-05   5.552276E-05
   6.743952E+01   9.025639E+01   8.746827E-05   5.511564E-05
   6.767297E+01   9.177383E+01   8.675234E-05   5.472072E-05
   6.790722E+01   9.326567E+01   8.613943E-05   5.433723E-05
   6.814229E+01   9.473175E+01   8.563383E-05   5.396572E-05
   6.837817E+01   9.600939E+01   8.523932E-05   5.360814E-05
   6.861486E+01   9.717057E+01   8.490309E-05   5.325909E-05
   6.885238E+01   9.800702E+01   8.465243E-05   5.292313E-05
   6.909072E+01   9.871124E+01   8.442007E-05   5.259230E-05
   6.932988E+01   9.902111E+01   8.423813E-05   5.227207E-05
   6.956987E+01   9.922588E+01   8.407527E-05   5.195685E-05
   6.981069E+01   9.884231E+01   8.392547E-05   5.165050E-05
   7.005235E+01   9.835942E+01   8.376948E-05   5.134665E-05
   7.029484E+01   9.700959E+01   8.354595E-05   5.104634E-05
   7.053817E+01   9.556736E+01   8.319874E-05   5.073700E-05
   7.078235E+01   9.354917E+01   8.272102E-05   5.042196E-05
   7.102737E+01   9.150777E+01   8.207125E-05   5.009213E-05
   7.127323E+01   8.950682E+01   8.133371E-05   4.975485E-05
   7.151995E+01   8.753140E+01   8.053013E-05   4.941223E-05
   7.176752E+01   8.564805E+01   7.969104E-05   4.906661E-05
   7.201595E+01   8.377956E+01   7.884254E-05   4.872111E-05
   7.226524E+01   8.178714E+01   7.795387E-05   4.837372E-05
   7.251539E+01   7.980725E+01   7.701525E-05   4.802233E-05
   7.276641E+01   7.781948E+01   7.603517E-05   4.766782E-05
   7.301830E+01   7.585523E+01   7.500798E-05   4.730931E-05
   7.327106E+01   7.401437E+01   7.395371E-05   4.694804E-05
   7.352469E+01   7.220258E+01   7.287776E-05   4.658516E-05
   7.377920E+01   7.054132E+01   7.178525E-05   4.622037E-05
   7.403460E+01   6.891319E+01   7.068226E-05   4.585501E-05
   7.429087E+01   6.750556E+01   6.957146E-05   4.548819E-05
   7.454804E+01   6.615199E+01   6.848306E-05   4.512409E-05
   7.480609E+01   6.497693E+01   6.740016E-05   4.476025E-05
   7.506504E+01   6.386455E+01   6.635840E-05   4.440114E-05
   7.532488E+01   6.280305E+01   6.533161E-05   4.404413E-05
   7.558563E+01   6.177131E+01   6.432363E-05   4.368977E-05
   7.584727E+01   6.080558E+01   6.332050E-05   4.333636E-05
   7.610982E+01   5.989193E+01   6.234001E-05   4.298593E-05
   7.637328E+01   5.907269E+01   6.136177E-05   4.263605E-05
   7.663766E+01   5.836712E+01   6.043200E-05   4.229172E-05
   7.690295E+01   5.766590E+01   5.953482E-05   4.195186E-05
   7.716915E+01   5.696841E+01   5.866447E-05   4.161588E-05
   7.743628E+01   5.624909E+01   5.782925E-05   4.128488E-05
   7.770433E+01   5.539147E+01   5.699094E-05   4.095516E-05
   7.797331E+01   5.453959E+01   5.614947E-05   4.062592E-05
   7.824322E+01   5.365304E+01   5.530346E-05   4.029718E-05
   7.851407E+01   5.277251E+01   5.444143E-05   3.996736E-05
   7.878585E+01   5.205018E+01   5.357515E-05   3.963704E-05
   7.905857E+01   5.137040E+01   5.272730E-05   3.930944E-05
   7.933224E+01   5.086824E+01   5.187965E-05   3.898179E-05
   7.960686E+01   5.048074E+01   5.108958E-05   3.866127E-05
   7.988242E+01   5.010434E+01   5.033279E-05   3.834553E-05
   8.015894E+01   4.974437E+01   4.961068E-05   3.803480E-05
   8.043642E+01   4.934849E+01   4.893277E-05   3.773055E-05
   8.071486E+01   4.876034E+01   4.825487E-05   3.742811E-05
   8.099426E+01   4.817377E+01   4.757921E-05   3.712685E-05
   8.127463E+01   4.749497E+01   4.690551E-05   3.682712E-05
   8.155596E+01   4.680945E+01   4.622249E-05   3.652711E-05
   8.183828E+01   4.615426E+01   4.553829E-05   3.622763E-05
   8.212157E+01   4.551886E+01   4.486217E-05   3.592991E-05
   8.240584E+01   4.488251E+01   4.419273E-05   3.563384E-05
   8.269109E+01   4.423936E+01   4.352509E-05   3.533881E-05
   8.297733E+01   4.360173E+01   4.285901E-05   3.504471E-05
   8.326457E+01   4.296363E+01   4.219156E-05   3.475118E-05
   8.355279E+01   4.233172E+01   4.151535E-05   3.445718E-05
   8.384202E+01   4.184825E+01   4.083138E-05   3.416223E-05
   8.413225E+01   4.142617E+01   4.016507E-05   3.387007E-05
   8.442348E+01   4.112757E+01   3.948774E-05   3.357660E-05
   8.471572E+01   4.103411E+01   3.885347E-05   3.328886E-05
   8.500897E+01   4.095478E+01   3.823651E-05   3.300414E-05
   8.530323E+01   4.109164E+01   3.765418E-05   3.272411E-05
   8.559852E+01   4.123744E+01   3.711925E-05   3.245142E-05
   8.589482E+01   4.133872E+01   3.662013E-05   3.218477E-05
   8.619215E+01   4.141244E+01   3.614731E-05   3.192282E-05
   8.649052E+01   4.139477E+01   3.572141E-05   3.166882E-05
   8.678991E+01   4.107071E+01   3.528139E-05   3.141492E-05
   8.709034E+01   4.074957E+01   3.483669E-05   3.116127E-05
   8.739181E+01   4.028916E+01   3.439128E-05   3.090891E-05
   8.769432E+01   3.979854E+01   3.392607E-05   3.065464E-05
   8.799789E+01   3.936933E+01   3.344662E-05   3.039885E-05
   8.830250E+01   3.904377E+01   3.298057E-05   3.014544E-05
   8.860816E+01   3.872139E+01   3.252264E-05   2.989402E-05
   8.891489E+01   3.844283E+01   3.207274E-05   2.964442E-05
   8.922267E+01   3.817184E+01   3.163404E-05   2.939728E-05
   8.953153E+01   3.790216E+01   3.120355E-05   2.915217E-05
   8.984145E+01   3.763365E+01   3.077965E-05   2.890885E-05
   9.015244E+01   3.736717E+01   3.035885E-05   2.866679E-05
   9.046451E+01   3.719355E+01   2.994771E-05   2.842668E-05
   9.077766E+01   3.702967E+01   2.955434E-05   2.819010E-05
   9.109190E+01   3.685068E+01   2.917585E-05   2.795672E-05
   9.140722E+01   3.664720E+01   2.880649E-05   2.772568E-05
   9.172363E+01   3.644433E+01   2.845254E-05   2.749792E-05
   9.204114E+01   3.607204E+01   2.810561E-05   2.727268E-05
   9.235975E+01   3.566850E+01   2.774690E-05   2.704646E-05
   9.267946E+01   3.526977E+01   2.738465E-05   2.682042E-05
   9.300028E+01   3.487766E+01   2.701945E-05   2.659463E-05
   9.332221E+01   3.448957E+01   2.664569E-05   2.636814E-05
   9.364525E+01   3.431448E+01   2.626397E-05   2.614035E-05
   9.396941E+01   3.424614E+01   2.590855E-05   2.591732E-05
   9.429469E+01   3.421086E+01   2.555346E-05   2.569495E-05
   9.462110E+01   3.449280E+01   2.522587E-05   2.547697E-05
   9.494864E+01   3.478612E+01   2.493750E-05   2.526640E-05
   9.527731E+01   3.509995E+01   2.467522E-05   2.506107E-05
   9.560712E+01   3.544656E+01   2.444703E-05   2.486240E-05
   9.593807E+01   3.578572E+01   2.426078E-05   2.467195E-05
   9.627017E+01   3.578965E+01   2.410857E-05   2.448952E-05
   9.660342E+01   3.567289E+01   2.395137E-05   2.430764E-05
   9.693782E+01   3.551859E+01   2.382259E-05   2.413190E-05
   9.727338E+01   3.499531E+01   2.369645E-05   2.395884E-05
   9.761010E+01   3.445833E+01   2.356546E-05   2.378596E-05
   9.794798E+01   3.392945E+01   2.344924E-05   2.361669E-05
   9.828704E+01   3.341188E+01   2.336338E-05   2.345382E-05
   9.862727E+01   3.289607E+01   2.332318E-05   2.330017E-05
   9.896867E+01   3.250019E+01   2.336453E-05   2.316191E-05
   9.931126E+01   3.218252E+01   2.358906E-05   2.305749E-05
   9.965504E+01   3.183524E+01   2.429517E-05   2.304035E-05
   1.000000E+02   3.162803E+01   2.772815E-05   2.349709E-05
