#============================================================================
# Opacities computed by OpTool        <a^n>=  5.0000E+0  5.0000E+0  5.0000E+0
# Method:   DHS  fmax=  0.990
# Parameters:
#   amin [um]=      5.000 amax [um]=      5.000  na  =    1     apow=   3.5    
#   lmin [um]=      0.100 lmax [um]=    100.000  nlam= 2000     nang=   180
#   porosity =      0.000 p_mantle =      0.000  fmax= 0.99     chop=   0.0
# Composition:
#  Where   mfrac  rho   Material
#  -----   -----  ----  -----------------------------------------------------
#  core    1.000  2.21  /Users/jvarga/Dokumentumok/MATISSE/pro/optool_misc_lnk//nk_annealed_sil.dat
#  - - -   - - -  -  -  - - - - - - - - - - - - - - - - - - - - - - - - - - -
#  grain   1.000  2.21  mixture of  1 materials
#----------------------------------------------------------------------------
# Command: /Users/jvarga/bin/optool -dhs 0.99 -l 0.1 100 2000 -a 5.000000 \
#   /Users/jvarga/Dokumentumok/MATISSE/pro/optool_misc_lnk//nk_annealed_sil.dat \
#   -o /Users/jvarga/Dokumentumok/MATISSE/pro/opacities/
#============================================================================
# Standard output file, no scattering matrix
#    iformat
#    nlambda
#    lambda[um]  kabs [cm^2/g]  ksca [cm^2/g]    g_asymmetry
#============================================================================
           3
        2000
   1.000000E-01   1.500035E+03   1.835256E+03   9.813105E-01
   1.003462E-01   1.499828E+03   1.836241E+03   9.812756E-01
   1.006935E-01   1.499602E+03   1.837221E+03   9.813337E-01
   1.010421E-01   1.499396E+03   1.838199E+03   9.813335E-01
   1.013918E-01   1.499185E+03   1.839169E+03   9.813484E-01
   1.017428E-01   1.498990E+03   1.840114E+03   9.814453E-01
   1.020950E-01   1.498779E+03   1.841092E+03   9.815025E-01
   1.024484E-01   1.498597E+03   1.842013E+03   9.813613E-01
   1.028031E-01   1.498389E+03   1.842982E+03   9.813241E-01
   1.031589E-01   1.498178E+03   1.843944E+03   9.812622E-01
   1.035160E-01   1.498004E+03   1.844859E+03   9.813633E-01
   1.038743E-01   1.497813E+03   1.845820E+03   9.811213E-01
   1.042339E-01   1.497625E+03   1.846766E+03   9.815579E-01
   1.045947E-01   1.497452E+03   1.847642E+03   9.814428E-01
   1.049568E-01   1.497273E+03   1.848567E+03   9.814780E-01
   1.053201E-01   1.497097E+03   1.849501E+03   9.814740E-01
   1.056847E-01   1.496913E+03   1.850433E+03   9.815435E-01
   1.060505E-01   1.496745E+03   1.851349E+03   9.816828E-01
   1.064176E-01   1.496576E+03   1.852258E+03   9.814066E-01
   1.067860E-01   1.496408E+03   1.853177E+03   9.816746E-01
   1.071556E-01   1.496231E+03   1.854100E+03   9.819877E-01
   1.075266E-01   1.496054E+03   1.855033E+03   9.816121E-01
   1.078988E-01   1.495892E+03   1.855941E+03   9.816208E-01
   1.082723E-01   1.495722E+03   1.856864E+03   9.816004E-01
   1.086471E-01   1.495544E+03   1.857813E+03   9.817127E-01
   1.090232E-01   1.495368E+03   1.858733E+03   9.818415E-01
   1.094006E-01   1.495185E+03   1.859674E+03   9.815144E-01
   1.097793E-01   1.495003E+03   1.860625E+03   9.816703E-01
   1.101593E-01   1.494802E+03   1.861582E+03   9.817891E-01
   1.105406E-01   1.494605E+03   1.862525E+03   9.819086E-01
   1.109232E-01   1.494405E+03   1.863491E+03   9.819066E-01
   1.113072E-01   1.494197E+03   1.864463E+03   9.819602E-01
   1.116925E-01   1.493986E+03   1.865431E+03   9.819324E-01
   1.120791E-01   1.493764E+03   1.866402E+03   9.817930E-01
   1.124671E-01   1.493535E+03   1.867367E+03   9.817602E-01
   1.128564E-01   1.493287E+03   1.868336E+03   9.820528E-01
   1.132471E-01   1.493033E+03   1.869330E+03   9.817946E-01
   1.136391E-01   1.492784E+03   1.870325E+03   9.818084E-01
   1.140325E-01   1.492519E+03   1.871313E+03   9.820299E-01
   1.144272E-01   1.492258E+03   1.872291E+03   9.819981E-01
   1.148233E-01   1.491985E+03   1.873275E+03   9.820586E-01
   1.152208E-01   1.491705E+03   1.874231E+03   9.818429E-01
   1.156196E-01   1.491419E+03   1.875206E+03   9.818892E-01
   1.160198E-01   1.491106E+03   1.876190E+03   9.820075E-01
   1.164215E-01   1.490819E+03   1.877171E+03   9.819447E-01
   1.168245E-01   1.490496E+03   1.878119E+03   9.823035E-01
   1.172289E-01   1.490165E+03   1.879119E+03   9.819108E-01
   1.176347E-01   1.489819E+03   1.880126E+03   9.819830E-01
   1.180419E-01   1.489486E+03   1.881098E+03   9.819116E-01
   1.184505E-01   1.489116E+03   1.882076E+03   9.819463E-01
   1.188605E-01   1.488758E+03   1.883090E+03   9.817489E-01
   1.192719E-01   1.488377E+03   1.884068E+03   9.817900E-01
   1.196848E-01   1.488006E+03   1.885094E+03   9.817237E-01
   1.200991E-01   1.487593E+03   1.886116E+03   9.816469E-01
   1.205148E-01   1.487199E+03   1.887172E+03   9.819246E-01
   1.209320E-01   1.486801E+03   1.888181E+03   9.818273E-01
   1.213506E-01   1.486364E+03   1.889233E+03   9.813154E-01
   1.217707E-01   1.485957E+03   1.890320E+03   9.815118E-01
   1.221922E-01   1.485520E+03   1.891389E+03   9.814251E-01
   1.226152E-01   1.485081E+03   1.892481E+03   9.814630E-01
   1.230396E-01   1.484636E+03   1.893636E+03   9.815082E-01
   1.234655E-01   1.484190E+03   1.894733E+03   9.811364E-01
   1.238929E-01   1.483726E+03   1.895929E+03   9.812329E-01
   1.243218E-01   1.483298E+03   1.897053E+03   9.811768E-01
   1.247521E-01   1.482812E+03   1.898270E+03   9.810312E-01
   1.251840E-01   1.482345E+03   1.899461E+03   9.811392E-01
   1.256173E-01   1.481893E+03   1.900671E+03   9.811143E-01
   1.260522E-01   1.481416E+03   1.901968E+03   9.812956E-01
   1.264885E-01   1.480927E+03   1.903196E+03   9.811190E-01
   1.269263E-01   1.480444E+03   1.904518E+03   9.810690E-01
   1.273657E-01   1.479973E+03   1.905824E+03   9.810588E-01
   1.278066E-01   1.479465E+03   1.907185E+03   9.810763E-01
   1.282490E-01   1.478991E+03   1.908494E+03   9.812475E-01
   1.286930E-01   1.478477E+03   1.909894E+03   9.812195E-01
   1.291384E-01   1.478007E+03   1.911245E+03   9.812728E-01
   1.295855E-01   1.477497E+03   1.912712E+03   9.810685E-01
   1.300340E-01   1.477019E+03   1.914116E+03   9.807736E-01
   1.304842E-01   1.476512E+03   1.915602E+03   9.815058E-01
   1.309358E-01   1.476022E+03   1.917051E+03   9.807194E-01
   1.313891E-01   1.475515E+03   1.918550E+03   9.808976E-01
   1.318439E-01   1.475031E+03   1.920030E+03   9.808598E-01
   1.323003E-01   1.474533E+03   1.921576E+03   9.810589E-01
   1.327583E-01   1.474031E+03   1.923082E+03   9.808602E-01
   1.332178E-01   1.473535E+03   1.924622E+03   9.810059E-01
   1.336790E-01   1.473051E+03   1.926182E+03   9.810177E-01
   1.341417E-01   1.472565E+03   1.927757E+03   9.811489E-01
   1.346060E-01   1.472054E+03   1.929364E+03   9.810544E-01
   1.350720E-01   1.471540E+03   1.930924E+03   9.811635E-01
   1.355395E-01   1.471043E+03   1.932494E+03   9.808625E-01
   1.360087E-01   1.470544E+03   1.934107E+03   9.809313E-01
   1.364795E-01   1.470065E+03   1.935717E+03   9.807625E-01
   1.369520E-01   1.469571E+03   1.937312E+03   9.810257E-01
   1.374260E-01   1.469059E+03   1.938905E+03   9.810066E-01
   1.379018E-01   1.468579E+03   1.940453E+03   9.809636E-01
   1.383791E-01   1.468097E+03   1.942066E+03   9.808294E-01
   1.388581E-01   1.467612E+03   1.943655E+03   9.810221E-01
   1.393388E-01   1.467121E+03   1.945211E+03   9.811036E-01
   1.398211E-01   1.466660E+03   1.946814E+03   9.812425E-01
   1.403051E-01   1.466178E+03   1.948399E+03   9.811819E-01
   1.407908E-01   1.465685E+03   1.949948E+03   9.813001E-01
   1.412782E-01   1.465218E+03   1.951473E+03   9.815536E-01
   1.417672E-01   1.464745E+03   1.953027E+03   9.807112E-01
   1.422579E-01   1.464262E+03   1.954533E+03   9.813852E-01
   1.427504E-01   1.463791E+03   1.956034E+03   9.809584E-01
   1.432445E-01   1.463347E+03   1.957532E+03   9.806562E-01
   1.437404E-01   1.462890E+03   1.958967E+03   9.811648E-01
   1.442379E-01   1.462444E+03   1.960456E+03   9.809946E-01
   1.447372E-01   1.462017E+03   1.961881E+03   9.811984E-01
   1.452383E-01   1.461562E+03   1.963271E+03   9.812757E-01
   1.457410E-01   1.461131E+03   1.964711E+03   9.807864E-01
   1.462455E-01   1.460706E+03   1.966043E+03   9.807129E-01
   1.467518E-01   1.460275E+03   1.967462E+03   9.811077E-01
   1.472597E-01   1.459861E+03   1.968789E+03   9.809043E-01
   1.477695E-01   1.459449E+03   1.970096E+03   9.809885E-01
   1.482810E-01   1.459025E+03   1.971441E+03   9.807655E-01
   1.487943E-01   1.458629E+03   1.972673E+03   9.806317E-01
   1.493094E-01   1.458215E+03   1.974022E+03   9.804020E-01
   1.498262E-01   1.457810E+03   1.975247E+03   9.811757E-01
   1.503448E-01   1.457419E+03   1.976492E+03   9.810798E-01
   1.508653E-01   1.456991E+03   1.977776E+03   9.810033E-01
   1.513875E-01   1.456628E+03   1.978972E+03   9.811895E-01
   1.519116E-01   1.456210E+03   1.980189E+03   9.813854E-01
   1.524374E-01   1.455831E+03   1.981424E+03   9.813403E-01
   1.529651E-01   1.455407E+03   1.982630E+03   9.810599E-01
   1.534946E-01   1.455050E+03   1.983817E+03   9.811887E-01
   1.540259E-01   1.454611E+03   1.985046E+03   9.814747E-01
   1.545591E-01   1.454228E+03   1.986270E+03   9.811097E-01
   1.550941E-01   1.453837E+03   1.987421E+03   9.813023E-01
   1.556310E-01   1.453416E+03   1.988640E+03   9.813335E-01
   1.561697E-01   1.453023E+03   1.989855E+03   9.816572E-01
   1.567103E-01   1.452593E+03   1.991047E+03   9.811555E-01
   1.572528E-01   1.452179E+03   1.992245E+03   9.814554E-01
   1.577971E-01   1.451735E+03   1.993497E+03   9.818069E-01
   1.583433E-01   1.451303E+03   1.994703E+03   9.813802E-01
   1.588915E-01   1.450878E+03   1.995955E+03   9.818314E-01
   1.594415E-01   1.450432E+03   1.997145E+03   9.818729E-01
   1.599934E-01   1.449969E+03   1.998428E+03   9.816865E-01
   1.605472E-01   1.449536E+03   1.999653E+03   9.821196E-01
   1.611030E-01   1.449061E+03   2.000898E+03   9.816177E-01
   1.616606E-01   1.448610E+03   2.002126E+03   9.817728E-01
   1.622202E-01   1.448160E+03   2.003362E+03   9.821026E-01
   1.627818E-01   1.447667E+03   2.004639E+03   9.816960E-01
   1.633453E-01   1.447201E+03   2.005896E+03   9.818764E-01
   1.639107E-01   1.446730E+03   2.007150E+03   9.820621E-01
   1.644781E-01   1.446254E+03   2.008364E+03   9.817735E-01
   1.650474E-01   1.445750E+03   2.009652E+03   9.820441E-01
   1.656188E-01   1.445283E+03   2.010843E+03   9.821361E-01
   1.661921E-01   1.444794E+03   2.012080E+03   9.822454E-01
   1.667674E-01   1.444296E+03   2.013300E+03   9.817685E-01
   1.673446E-01   1.443816E+03   2.014496E+03   9.821284E-01
   1.679239E-01   1.443318E+03   2.015737E+03   9.821970E-01
   1.685052E-01   1.442829E+03   2.016919E+03   9.820214E-01
   1.690885E-01   1.442323E+03   2.018096E+03   9.824972E-01
   1.696738E-01   1.441846E+03   2.019239E+03   9.822809E-01
   1.702611E-01   1.441351E+03   2.020387E+03   9.822999E-01
   1.708505E-01   1.440853E+03   2.021520E+03   9.824864E-01
   1.714419E-01   1.440336E+03   2.022644E+03   9.823067E-01
   1.720354E-01   1.439831E+03   2.023755E+03   9.826831E-01
   1.726309E-01   1.439337E+03   2.024838E+03   9.825179E-01
   1.732285E-01   1.438842E+03   2.025893E+03   9.822899E-01
   1.738281E-01   1.438330E+03   2.026919E+03   9.829092E-01
   1.744299E-01   1.437806E+03   2.027954E+03   9.823983E-01
   1.750337E-01   1.437298E+03   2.028907E+03   9.827481E-01
   1.756395E-01   1.436766E+03   2.029919E+03   9.827478E-01
   1.762475E-01   1.436249E+03   2.030871E+03   9.826895E-01
   1.768576E-01   1.435724E+03   2.031815E+03   9.825703E-01
   1.774698E-01   1.435195E+03   2.032711E+03   9.829995E-01
   1.780842E-01   1.434660E+03   2.033595E+03   9.826050E-01
   1.787006E-01   1.434127E+03   2.034432E+03   9.827972E-01
   1.793192E-01   1.433580E+03   2.035257E+03   9.828023E-01
   1.799399E-01   1.433037E+03   2.036061E+03   9.829724E-01
   1.805628E-01   1.432455E+03   2.036863E+03   9.827146E-01
   1.811878E-01   1.431908E+03   2.037612E+03   9.829408E-01
   1.818150E-01   1.431351E+03   2.038389E+03   9.826377E-01
   1.824444E-01   1.430830E+03   2.039073E+03   9.830402E-01
   1.830760E-01   1.430279E+03   2.039786E+03   9.828526E-01
   1.837097E-01   1.429711E+03   2.040394E+03   9.827988E-01
   1.843456E-01   1.429154E+03   2.041037E+03   9.830015E-01
   1.849837E-01   1.428595E+03   2.041660E+03   9.828117E-01
   1.856241E-01   1.428036E+03   2.042277E+03   9.830966E-01
   1.862666E-01   1.427477E+03   2.042864E+03   9.827349E-01
   1.869114E-01   1.426913E+03   2.043435E+03   9.828093E-01
   1.875584E-01   1.426368E+03   2.043963E+03   9.828625E-01
   1.882077E-01   1.425780E+03   2.044517E+03   9.825438E-01
   1.888592E-01   1.425199E+03   2.045024E+03   9.827990E-01
   1.895129E-01   1.424652E+03   2.045571E+03   9.824321E-01
   1.901689E-01   1.424072E+03   2.046092E+03   9.826105E-01
   1.908272E-01   1.423502E+03   2.046507E+03   9.824436E-01
   1.914878E-01   1.422935E+03   2.047050E+03   9.828312E-01
   1.921506E-01   1.422355E+03   2.047561E+03   9.827064E-01
   1.928158E-01   1.421771E+03   2.048007E+03   9.827963E-01
   1.934832E-01   1.421168E+03   2.048540E+03   9.825494E-01
   1.941530E-01   1.420581E+03   2.049046E+03   9.824031E-01
   1.948251E-01   1.419990E+03   2.049424E+03   9.821405E-01
   1.954995E-01   1.419397E+03   2.049973E+03   9.822284E-01
   1.961762E-01   1.418793E+03   2.050452E+03   9.823039E-01
   1.968553E-01   1.418179E+03   2.050903E+03   9.824761E-01
   1.975367E-01   1.417570E+03   2.051405E+03   9.824613E-01
   1.982205E-01   1.416952E+03   2.051932E+03   9.822356E-01
   1.989067E-01   1.416332E+03   2.052378E+03   9.818007E-01
   1.995952E-01   1.415745E+03   2.052910E+03   9.818343E-01
   2.002861E-01   1.415075E+03   2.053416E+03   9.818948E-01
   2.009794E-01   1.414485E+03   2.053948E+03   9.821279E-01
   2.016751E-01   1.413887E+03   2.054354E+03   9.820744E-01
   2.023732E-01   1.413216E+03   2.054942E+03   9.817124E-01
   2.030738E-01   1.412634E+03   2.055535E+03   9.813852E-01
   2.037767E-01   1.412006E+03   2.056005E+03   9.817058E-01
   2.044821E-01   1.411367E+03   2.056589E+03   9.819442E-01
   2.051899E-01   1.410708E+03   2.057179E+03   9.818017E-01
   2.059002E-01   1.410084E+03   2.057745E+03   9.815833E-01
   2.066130E-01   1.409465E+03   2.058344E+03   9.812001E-01
   2.073282E-01   1.408841E+03   2.058982E+03   9.816352E-01
   2.080459E-01   1.408199E+03   2.059621E+03   9.819458E-01
   2.087660E-01   1.407513E+03   2.060330E+03   9.812451E-01
   2.094887E-01   1.406905E+03   2.061017E+03   9.811871E-01
   2.102139E-01   1.406225E+03   2.061683E+03   9.811519E-01
   2.109415E-01   1.405602E+03   2.062493E+03   9.814462E-01
   2.116717E-01   1.404923E+03   2.063179E+03   9.809920E-01
   2.124044E-01   1.404283E+03   2.064002E+03   9.807941E-01
   2.131397E-01   1.403627E+03   2.064759E+03   9.812464E-01
   2.138775E-01   1.402964E+03   2.065612E+03   9.809084E-01
   2.146178E-01   1.402301E+03   2.066492E+03   9.808622E-01
   2.153608E-01   1.401605E+03   2.067372E+03   9.811692E-01
   2.161063E-01   1.400948E+03   2.068249E+03   9.803495E-01
   2.168543E-01   1.400294E+03   2.069177E+03   9.808033E-01
   2.176050E-01   1.399630E+03   2.070002E+03   9.809553E-01
   2.183582E-01   1.398967E+03   2.070992E+03   9.803006E-01
   2.191141E-01   1.398301E+03   2.071942E+03   9.801377E-01
   2.198726E-01   1.397625E+03   2.072906E+03   9.803294E-01
   2.206337E-01   1.396968E+03   2.073904E+03   9.808424E-01
   2.213974E-01   1.396319E+03   2.074949E+03   9.797724E-01
   2.221638E-01   1.395602E+03   2.075983E+03   9.799650E-01
   2.229329E-01   1.394959E+03   2.077098E+03   9.804201E-01
   2.237046E-01   1.394282E+03   2.078156E+03   9.799775E-01
   2.244789E-01   1.393602E+03   2.079183E+03   9.800646E-01
   2.252560E-01   1.392931E+03   2.080337E+03   9.800798E-01
   2.260357E-01   1.392273E+03   2.081410E+03   9.804849E-01
   2.268182E-01   1.391581E+03   2.082555E+03   9.799878E-01
   2.276033E-01   1.390890E+03   2.083698E+03   9.804642E-01
   2.283912E-01   1.390256E+03   2.084922E+03   9.803687E-01
   2.291818E-01   1.389535E+03   2.086087E+03   9.804270E-01
   2.299751E-01   1.388860E+03   2.087272E+03   9.797359E-01
   2.307712E-01   1.388230E+03   2.088537E+03   9.803222E-01
   2.315700E-01   1.387550E+03   2.089740E+03   9.799029E-01
   2.323716E-01   1.386863E+03   2.090971E+03   9.796807E-01
   2.331760E-01   1.386178E+03   2.092256E+03   9.800511E-01
   2.339832E-01   1.385544E+03   2.093551E+03   9.800361E-01
   2.347931E-01   1.384855E+03   2.094862E+03   9.798870E-01
   2.356059E-01   1.384158E+03   2.096128E+03   9.804728E-01
   2.364214E-01   1.383515E+03   2.097421E+03   9.802592E-01
   2.372398E-01   1.382874E+03   2.098762E+03   9.798326E-01
   2.380610E-01   1.382175E+03   2.100094E+03   9.802038E-01
   2.388851E-01   1.381490E+03   2.101406E+03   9.798493E-01
   2.397120E-01   1.380827E+03   2.102756E+03   9.799926E-01
   2.405418E-01   1.380182E+03   2.104085E+03   9.801745E-01
   2.413745E-01   1.379515E+03   2.105409E+03   9.804557E-01
   2.422100E-01   1.378832E+03   2.106719E+03   9.805943E-01
   2.430484E-01   1.378169E+03   2.108059E+03   9.803517E-01
   2.438898E-01   1.377524E+03   2.109407E+03   9.800410E-01
   2.447340E-01   1.376877E+03   2.110785E+03   9.801932E-01
   2.455812E-01   1.376184E+03   2.112064E+03   9.801213E-01
   2.464313E-01   1.375504E+03   2.113329E+03   9.804495E-01
   2.472843E-01   1.374832E+03   2.114641E+03   9.806952E-01
   2.481403E-01   1.374164E+03   2.115948E+03   9.806952E-01
   2.489993E-01   1.373536E+03   2.117235E+03   9.805490E-01
   2.498612E-01   1.372857E+03   2.118455E+03   9.802853E-01
   2.507261E-01   1.372162E+03   2.119652E+03   9.803646E-01
   2.515940E-01   1.371487E+03   2.120793E+03   9.807368E-01
   2.524650E-01   1.370846E+03   2.121965E+03   9.808236E-01
   2.533389E-01   1.370216E+03   2.123184E+03   9.806758E-01
   2.542158E-01   1.369545E+03   2.124385E+03   9.808085E-01
   2.550958E-01   1.368823E+03   2.125437E+03   9.805135E-01
   2.559789E-01   1.368112E+03   2.126484E+03   9.807134E-01
   2.568650E-01   1.367482E+03   2.127510E+03   9.809197E-01
   2.577541E-01   1.366799E+03   2.128625E+03   9.806692E-01
   2.586463E-01   1.366121E+03   2.129537E+03   9.809045E-01
   2.595417E-01   1.365431E+03   2.130442E+03   9.808958E-01
   2.604401E-01   1.364798E+03   2.131320E+03   9.811517E-01
   2.613416E-01   1.364121E+03   2.132285E+03   9.809922E-01
   2.622463E-01   1.363328E+03   2.133104E+03   9.808876E-01
   2.631541E-01   1.362666E+03   2.133787E+03   9.809495E-01
   2.640650E-01   1.362024E+03   2.134785E+03   9.808085E-01
   2.649791E-01   1.361267E+03   2.135466E+03   9.812368E-01
   2.658963E-01   1.360584E+03   2.136005E+03   9.808588E-01
   2.668168E-01   1.359944E+03   2.136809E+03   9.809402E-01
   2.677404E-01   1.359179E+03   2.137409E+03   9.809260E-01
   2.686672E-01   1.358443E+03   2.137945E+03   9.810328E-01
   2.695972E-01   1.357777E+03   2.138597E+03   9.812736E-01
   2.705304E-01   1.357015E+03   2.139026E+03   9.806509E-01
   2.714669E-01   1.356317E+03   2.139439E+03   9.809386E-01
   2.724066E-01   1.355586E+03   2.139931E+03   9.808086E-01
   2.733495E-01   1.354867E+03   2.140352E+03   9.808177E-01
   2.742958E-01   1.354117E+03   2.140741E+03   9.806511E-01
   2.752453E-01   1.353419E+03   2.141107E+03   9.806335E-01
   2.761981E-01   1.352677E+03   2.141365E+03   9.810153E-01
   2.771541E-01   1.351909E+03   2.141668E+03   9.808321E-01
   2.781135E-01   1.351162E+03   2.141949E+03   9.802755E-01
   2.790762E-01   1.350432E+03   2.142211E+03   9.811360E-01
   2.800423E-01   1.349641E+03   2.142335E+03   9.805951E-01
   2.810117E-01   1.348892E+03   2.142575E+03   9.802285E-01
   2.819844E-01   1.348096E+03   2.142703E+03   9.805565E-01
   2.829605E-01   1.347343E+03   2.142844E+03   9.804957E-01
   2.839400E-01   1.346552E+03   2.142946E+03   9.801593E-01
   2.849229E-01   1.345797E+03   2.143017E+03   9.803217E-01
   2.859092E-01   1.345008E+03   2.143194E+03   9.802768E-01
   2.868989E-01   1.344211E+03   2.143144E+03   9.798924E-01
   2.878920E-01   1.343481E+03   2.143324E+03   9.799430E-01
   2.888886E-01   1.342687E+03   2.143255E+03   9.797584E-01
   2.898886E-01   1.341882E+03   2.143387E+03   9.796449E-01
   2.908921E-01   1.341097E+03   2.143423E+03   9.797877E-01
   2.918990E-01   1.340324E+03   2.143409E+03   9.793788E-01
   2.929094E-01   1.339512E+03   2.143404E+03   9.798067E-01
   2.939234E-01   1.338680E+03   2.143474E+03   9.792695E-01
   2.949408E-01   1.337945E+03   2.143615E+03   9.795569E-01
   2.959618E-01   1.337105E+03   2.143522E+03   9.794750E-01
   2.969863E-01   1.336329E+03   2.143718E+03   9.791984E-01
   2.980143E-01   1.335529E+03   2.143813E+03   9.792451E-01
   2.990459E-01   1.334781E+03   2.143893E+03   9.789262E-01
   3.000811E-01   1.333933E+03   2.143979E+03   9.784129E-01
   3.011198E-01   1.333160E+03   2.144157E+03   9.791618E-01
   3.021622E-01   1.332323E+03   2.144283E+03   9.787612E-01
   3.032081E-01   1.331581E+03   2.144491E+03   9.789399E-01
   3.042577E-01   1.330793E+03   2.144670E+03   9.783985E-01
   3.053109E-01   1.329961E+03   2.144977E+03   9.788492E-01
   3.063678E-01   1.329202E+03   2.145276E+03   9.783403E-01
   3.074283E-01   1.328435E+03   2.145509E+03   9.785628E-01
   3.084925E-01   1.327602E+03   2.145829E+03   9.782369E-01
   3.095604E-01   1.326843E+03   2.146307E+03   9.782954E-01
   3.106320E-01   1.326066E+03   2.146593E+03   9.782894E-01
   3.117072E-01   1.325273E+03   2.147165E+03   9.783698E-01
   3.127862E-01   1.324501E+03   2.147587E+03   9.781235E-01
   3.138690E-01   1.323741E+03   2.148033E+03   9.785787E-01
   3.149554E-01   1.322880E+03   2.148618E+03   9.774732E-01
   3.160457E-01   1.322183E+03   2.149268E+03   9.785622E-01
   3.171397E-01   1.321442E+03   2.149811E+03   9.778526E-01
   3.182375E-01   1.320632E+03   2.150422E+03   9.785900E-01
   3.193391E-01   1.319893E+03   2.151199E+03   9.780225E-01
   3.204445E-01   1.319062E+03   2.151673E+03   9.776967E-01
   3.215538E-01   1.318251E+03   2.152566E+03   9.784270E-01
   3.226669E-01   1.317607E+03   2.153418E+03   9.770817E-01
   3.237838E-01   1.316781E+03   2.154066E+03   9.788257E-01
   3.249046E-01   1.316072E+03   2.154845E+03   9.775342E-01
   3.260293E-01   1.315266E+03   2.155533E+03   9.781688E-01
   3.271579E-01   1.314441E+03   2.156501E+03   9.776618E-01
   3.282904E-01   1.313746E+03   2.157367E+03   9.773889E-01
   3.294268E-01   1.312988E+03   2.158211E+03   9.785566E-01
   3.305671E-01   1.312250E+03   2.159058E+03   9.780833E-01
   3.317114E-01   1.311438E+03   2.159848E+03   9.773552E-01
   3.328596E-01   1.310667E+03   2.160753E+03   9.781440E-01
   3.340119E-01   1.309949E+03   2.161588E+03   9.774343E-01
   3.351681E-01   1.309126E+03   2.162375E+03   9.786778E-01
   3.363283E-01   1.308319E+03   2.163346E+03   9.776915E-01
   3.374925E-01   1.307622E+03   2.164210E+03   9.771164E-01
   3.386608E-01   1.306820E+03   2.165029E+03   9.782559E-01
   3.398331E-01   1.306034E+03   2.165829E+03   9.782149E-01
   3.410094E-01   1.305232E+03   2.166712E+03   9.776604E-01
   3.421899E-01   1.304488E+03   2.167457E+03   9.779458E-01
   3.433744E-01   1.303645E+03   2.168246E+03   9.777139E-01
   3.445630E-01   1.302907E+03   2.169057E+03   9.778130E-01
   3.457557E-01   1.302095E+03   2.169696E+03   9.782950E-01
   3.469526E-01   1.301217E+03   2.170546E+03   9.777328E-01
   3.481536E-01   1.300473E+03   2.171284E+03   9.778930E-01
   3.493588E-01   1.299695E+03   2.172111E+03   9.779386E-01
   3.505681E-01   1.298876E+03   2.172631E+03   9.773910E-01
   3.517816E-01   1.297990E+03   2.173316E+03   9.778652E-01
   3.529993E-01   1.297273E+03   2.174041E+03   9.784092E-01
   3.542213E-01   1.296454E+03   2.174648E+03   9.778043E-01
   3.554474E-01   1.295547E+03   2.175055E+03   9.771448E-01
   3.566778E-01   1.294704E+03   2.175822E+03   9.775878E-01
   3.579125E-01   1.294000E+03   2.176533E+03   9.775344E-01
   3.591515E-01   1.293133E+03   2.176776E+03   9.775094E-01
   3.603947E-01   1.292204E+03   2.177313E+03   9.775762E-01
   3.616422E-01   1.291418E+03   2.177903E+03   9.775510E-01
   3.628941E-01   1.290565E+03   2.178431E+03   9.772365E-01
   3.641503E-01   1.289708E+03   2.178979E+03   9.771244E-01
   3.654108E-01   1.288901E+03   2.179490E+03   9.769699E-01
   3.666757E-01   1.288045E+03   2.179896E+03   9.772008E-01
   3.679450E-01   1.287230E+03   2.180534E+03   9.769514E-01
   3.692187E-01   1.286412E+03   2.180845E+03   9.769715E-01
   3.704967E-01   1.285466E+03   2.181349E+03   9.769759E-01
   3.717792E-01   1.284707E+03   2.181830E+03   9.767278E-01
   3.730662E-01   1.283818E+03   2.182383E+03   9.767630E-01
   3.743576E-01   1.283008E+03   2.182957E+03   9.769451E-01
   3.756535E-01   1.282243E+03   2.183434E+03   9.764465E-01
   3.769538E-01   1.281348E+03   2.183815E+03   9.765345E-01
   3.782587E-01   1.280498E+03   2.184380E+03   9.769630E-01
   3.795680E-01   1.279695E+03   2.184939E+03   9.758760E-01
   3.808820E-01   1.278796E+03   2.185439E+03   9.763267E-01
   3.822004E-01   1.278058E+03   2.185953E+03   9.768191E-01
   3.835234E-01   1.277192E+03   2.186394E+03   9.762313E-01
   3.848510E-01   1.276352E+03   2.186776E+03   9.762115E-01
   3.861832E-01   1.275550E+03   2.187255E+03   9.764858E-01
   3.875200E-01   1.274661E+03   2.187662E+03   9.758786E-01
   3.888615E-01   1.273875E+03   2.188205E+03   9.762534E-01
   3.902075E-01   1.273037E+03   2.188825E+03   9.762256E-01
   3.915583E-01   1.272259E+03   2.189326E+03   9.756806E-01
   3.929137E-01   1.271452E+03   2.189978E+03   9.766069E-01
   3.942738E-01   1.270663E+03   2.190499E+03   9.755771E-01
   3.956386E-01   1.269843E+03   2.191064E+03   9.758842E-01
   3.970081E-01   1.269047E+03   2.191457E+03   9.764110E-01
   3.983824E-01   1.268181E+03   2.191945E+03   9.756743E-01
   3.997614E-01   1.267438E+03   2.192380E+03   9.764899E-01
   4.011452E-01   1.266526E+03   2.192918E+03   9.755714E-01
   4.025338E-01   1.265797E+03   2.193429E+03   9.759140E-01
   4.039272E-01   1.265016E+03   2.193956E+03   9.764352E-01
   4.053255E-01   1.264152E+03   2.194562E+03   9.752521E-01
   4.067285E-01   1.263395E+03   2.195010E+03   9.763536E-01
   4.081365E-01   1.262504E+03   2.195444E+03   9.753902E-01
   4.095493E-01   1.261663E+03   2.195816E+03   9.758621E-01
   4.109670E-01   1.260835E+03   2.196054E+03   9.760164E-01
   4.123896E-01   1.260053E+03   2.196447E+03   9.752928E-01
   4.138171E-01   1.259206E+03   2.196911E+03   9.760527E-01
   4.152495E-01   1.258386E+03   2.197475E+03   9.757109E-01
   4.166870E-01   1.257483E+03   2.197770E+03   9.753331E-01
   4.181294E-01   1.256687E+03   2.198056E+03   9.760683E-01
   4.195767E-01   1.255804E+03   2.198416E+03   9.750123E-01
   4.210291E-01   1.255016E+03   2.198915E+03   9.761789E-01
   4.224866E-01   1.254174E+03   2.199344E+03   9.750910E-01
   4.239490E-01   1.253292E+03   2.199673E+03   9.752835E-01
   4.254166E-01   1.252403E+03   2.199961E+03   9.751176E-01
   4.268892E-01   1.251539E+03   2.200179E+03   9.758876E-01
   4.283669E-01   1.250758E+03   2.200393E+03   9.748823E-01
   4.298497E-01   1.249850E+03   2.200884E+03   9.755041E-01
   4.313377E-01   1.248995E+03   2.201065E+03   9.750845E-01
   4.328308E-01   1.248141E+03   2.201417E+03   9.745062E-01
   4.343291E-01   1.247298E+03   2.201652E+03   9.756139E-01
   4.358325E-01   1.246412E+03   2.202015E+03   9.745731E-01
   4.373412E-01   1.245520E+03   2.202323E+03   9.750584E-01
   4.388551E-01   1.244659E+03   2.202454E+03   9.748635E-01
   4.403742E-01   1.243838E+03   2.202770E+03   9.752269E-01
   4.418986E-01   1.242957E+03   2.203030E+03   9.741800E-01
   4.434283E-01   1.242191E+03   2.203478E+03   9.750957E-01
   4.449633E-01   1.241250E+03   2.203806E+03   9.744176E-01
   4.465035E-01   1.240373E+03   2.204123E+03   9.743960E-01
   4.480492E-01   1.239537E+03   2.204255E+03   9.744295E-01
   4.496001E-01   1.238728E+03   2.204733E+03   9.749917E-01
   4.511564E-01   1.237857E+03   2.204981E+03   9.737853E-01
   4.527182E-01   1.236902E+03   2.205260E+03   9.750568E-01
   4.542853E-01   1.236208E+03   2.205463E+03   9.744542E-01
   4.558578E-01   1.235335E+03   2.206043E+03   9.741105E-01
   4.574358E-01   1.234456E+03   2.206338E+03   9.745151E-01
   4.590193E-01   1.233605E+03   2.206430E+03   9.747528E-01
   4.606082E-01   1.232831E+03   2.206909E+03   9.739778E-01
   4.622026E-01   1.231955E+03   2.207335E+03   9.743930E-01
   4.638026E-01   1.231178E+03   2.207731E+03   9.741770E-01
   4.654081E-01   1.230249E+03   2.208145E+03   9.745181E-01
   4.670191E-01   1.229362E+03   2.208262E+03   9.731864E-01
   4.686358E-01   1.228587E+03   2.208660E+03   9.746514E-01
   4.702580E-01   1.227788E+03   2.208921E+03   9.744146E-01
   4.718858E-01   1.226913E+03   2.209537E+03   9.738111E-01
   4.735193E-01   1.226022E+03   2.209667E+03   9.733878E-01
   4.751584E-01   1.225281E+03   2.210108E+03   9.751218E-01
   4.768032E-01   1.224425E+03   2.210597E+03   9.734886E-01
   4.784537E-01   1.223494E+03   2.211005E+03   9.738907E-01
   4.801099E-01   1.222634E+03   2.211120E+03   9.738393E-01
   4.817719E-01   1.221875E+03   2.211677E+03   9.740605E-01
   4.834395E-01   1.220879E+03   2.212057E+03   9.741679E-01
   4.851130E-01   1.220094E+03   2.212109E+03   9.731878E-01
   4.867923E-01   1.219280E+03   2.212627E+03   9.737644E-01
   4.884773E-01   1.218451E+03   2.213229E+03   9.740376E-01
   4.901682E-01   1.217446E+03   2.213541E+03   9.741462E-01
   4.918650E-01   1.216629E+03   2.213618E+03   9.727233E-01
   4.935676E-01   1.215911E+03   2.214228E+03   9.737215E-01
   4.952762E-01   1.214913E+03   2.214684E+03   9.740556E-01
   4.969906E-01   1.214090E+03   2.214955E+03   9.733680E-01
   4.987110E-01   1.213204E+03   2.215330E+03   9.729409E-01
   5.004373E-01   1.212408E+03   2.215829E+03   9.730637E-01
   5.021696E-01   1.211464E+03   2.216195E+03   9.741422E-01
   5.039079E-01   1.210514E+03   2.216495E+03   9.730765E-01
   5.056522E-01   1.209832E+03   2.216932E+03   9.732950E-01
   5.074026E-01   1.208885E+03   2.217252E+03   9.726883E-01
   5.091590E-01   1.208034E+03   2.217659E+03   9.730321E-01
   5.109215E-01   1.207160E+03   2.218260E+03   9.735272E-01
   5.126901E-01   1.206263E+03   2.218397E+03   9.732730E-01
   5.144648E-01   1.205516E+03   2.218862E+03   9.734115E-01
   5.162457E-01   1.204590E+03   2.219445E+03   9.721490E-01
   5.180327E-01   1.203727E+03   2.219613E+03   9.725303E-01
   5.198259E-01   1.202817E+03   2.220077E+03   9.734194E-01
   5.216253E-01   1.201984E+03   2.220317E+03   9.730954E-01
   5.234310E-01   1.201267E+03   2.220859E+03   9.731826E-01
   5.252429E-01   1.200330E+03   2.221288E+03   9.721646E-01
   5.270611E-01   1.199418E+03   2.221605E+03   9.720666E-01
   5.288855E-01   1.198600E+03   2.222024E+03   9.730950E-01
   5.307163E-01   1.197727E+03   2.222265E+03   9.728107E-01
   5.325534E-01   1.196930E+03   2.222554E+03   9.732162E-01
   5.343969E-01   1.196134E+03   2.223137E+03   9.726392E-01
   5.362468E-01   1.195097E+03   2.223456E+03   9.716334E-01
   5.381030E-01   1.194420E+03   2.223614E+03   9.726156E-01
   5.399657E-01   1.193488E+03   2.224288E+03   9.723169E-01
   5.418348E-01   1.192547E+03   2.224126E+03   9.724319E-01
   5.437105E-01   1.191943E+03   2.224819E+03   9.731181E-01
   5.455926E-01   1.190836E+03   2.225103E+03   9.723737E-01
   5.474812E-01   1.190072E+03   2.225151E+03   9.721659E-01
   5.493763E-01   1.189265E+03   2.225816E+03   9.723786E-01
   5.512780E-01   1.188259E+03   2.225752E+03   9.716741E-01
   5.531863E-01   1.187562E+03   2.226196E+03   9.721744E-01
   5.551012E-01   1.186642E+03   2.226587E+03   9.722704E-01
   5.570228E-01   1.185684E+03   2.226520E+03   9.717851E-01
   5.589509E-01   1.184979E+03   2.227071E+03   9.723898E-01
   5.608858E-01   1.183964E+03   2.227296E+03   9.722287E-01
   5.628273E-01   1.183121E+03   2.227218E+03   9.717845E-01
   5.647756E-01   1.182411E+03   2.227930E+03   9.720910E-01
   5.667306E-01   1.181321E+03   2.227957E+03   9.720612E-01
   5.686924E-01   1.180542E+03   2.227903E+03   9.715189E-01
   5.706610E-01   1.179781E+03   2.228498E+03   9.717960E-01
   5.726364E-01   1.178750E+03   2.228513E+03   9.721645E-01
   5.746186E-01   1.177939E+03   2.228835E+03   9.713894E-01
   5.766077E-01   1.177072E+03   2.229044E+03   9.716250E-01
   5.786037E-01   1.176164E+03   2.229154E+03   9.718458E-01
   5.806066E-01   1.175420E+03   2.229376E+03   9.711893E-01
   5.826164E-01   1.174444E+03   2.229586E+03   9.714721E-01
   5.846332E-01   1.173596E+03   2.229879E+03   9.715257E-01
   5.866569E-01   1.172682E+03   2.229920E+03   9.712908E-01
   5.886877E-01   1.171985E+03   2.230162E+03   9.713598E-01
   5.907255E-01   1.170894E+03   2.230466E+03   9.711954E-01
   5.927703E-01   1.170185E+03   2.230489E+03   9.717153E-01
   5.948222E-01   1.169252E+03   2.230985E+03   9.709186E-01
   5.968813E-01   1.168448E+03   2.230891E+03   9.711652E-01
   5.989474E-01   1.167479E+03   2.231157E+03   9.715732E-01
   6.010207E-01   1.166716E+03   2.231439E+03   9.710830E-01
   6.031012E-01   1.165804E+03   2.231472E+03   9.707973E-01
   6.051889E-01   1.165006E+03   2.231904E+03   9.714239E-01
   6.072838E-01   1.163999E+03   2.232081E+03   9.710684E-01
   6.093860E-01   1.163193E+03   2.232133E+03   9.708664E-01
   6.114954E-01   1.162391E+03   2.232453E+03   9.708356E-01
   6.136121E-01   1.161441E+03   2.232620E+03   9.709937E-01
   6.157362E-01   1.160627E+03   2.232868E+03   9.711266E-01
   6.178676E-01   1.159691E+03   2.233074E+03   9.706781E-01
   6.200064E-01   1.158911E+03   2.233242E+03   9.705271E-01
   6.221526E-01   1.157919E+03   2.233521E+03   9.708646E-01
   6.243063E-01   1.157164E+03   2.233688E+03   9.710796E-01
   6.264674E-01   1.156189E+03   2.233894E+03   9.703565E-01
   6.286359E-01   1.155332E+03   2.234013E+03   9.703169E-01
   6.308120E-01   1.154470E+03   2.234480E+03   9.707671E-01
   6.329956E-01   1.153636E+03   2.234527E+03   9.708946E-01
   6.351868E-01   1.152634E+03   2.234843E+03   9.700318E-01
   6.373855E-01   1.151881E+03   2.234761E+03   9.703022E-01
   6.395919E-01   1.150988E+03   2.235352E+03   9.704577E-01
   6.418059E-01   1.150053E+03   2.235242E+03   9.706457E-01
   6.440276E-01   1.149091E+03   2.235736E+03   9.700353E-01
   6.462569E-01   1.148349E+03   2.235591E+03   9.701778E-01
   6.484940E-01   1.147467E+03   2.236238E+03   9.700302E-01
   6.507388E-01   1.146567E+03   2.236007E+03   9.702743E-01
   6.529914E-01   1.145600E+03   2.236404E+03   9.702575E-01
   6.552518E-01   1.144817E+03   2.236814E+03   9.700690E-01
   6.575200E-01   1.143783E+03   2.236749E+03   9.697836E-01
   6.597960E-01   1.143110E+03   2.236889E+03   9.697194E-01
   6.620800E-01   1.142151E+03   2.237072E+03   9.700377E-01
   6.643718E-01   1.141307E+03   2.237463E+03   9.702267E-01
   6.666716E-01   1.140347E+03   2.237665E+03   9.699491E-01
   6.689793E-01   1.139444E+03   2.237682E+03   9.695321E-01
   6.712951E-01   1.138637E+03   2.238040E+03   9.694344E-01
   6.736188E-01   1.137669E+03   2.237934E+03   9.696289E-01
   6.759506E-01   1.136943E+03   2.238572E+03   9.699098E-01
   6.782905E-01   1.136041E+03   2.238119E+03   9.700875E-01
   6.806384E-01   1.135039E+03   2.238972E+03   9.694033E-01
   6.829945E-01   1.134209E+03   2.238663E+03   9.693556E-01
   6.853587E-01   1.133339E+03   2.239036E+03   9.693082E-01
   6.877312E-01   1.132452E+03   2.239151E+03   9.693888E-01
   6.901118E-01   1.131505E+03   2.239278E+03   9.695027E-01
   6.925007E-01   1.130691E+03   2.239608E+03   9.694918E-01
   6.948978E-01   1.129858E+03   2.239529E+03   9.696069E-01
   6.973033E-01   1.128907E+03   2.239896E+03   9.692211E-01
   6.997171E-01   1.128047E+03   2.239816E+03   9.692259E-01
   7.021392E-01   1.127034E+03   2.239990E+03   9.688119E-01
   7.045697E-01   1.126367E+03   2.240472E+03   9.691467E-01
   7.070086E-01   1.125305E+03   2.239936E+03   9.691707E-01
   7.094560E-01   1.124450E+03   2.240800E+03   9.690236E-01
   7.119118E-01   1.123654E+03   2.240346E+03   9.692328E-01
   7.143762E-01   1.122648E+03   2.240879E+03   9.688768E-01
   7.168490E-01   1.121838E+03   2.240654E+03   9.689595E-01
   7.193305E-01   1.120858E+03   2.240932E+03   9.687642E-01
   7.218205E-01   1.120122E+03   2.240798E+03   9.690555E-01
   7.243191E-01   1.119124E+03   2.241230E+03   9.689827E-01
   7.268264E-01   1.118285E+03   2.241128E+03   9.688417E-01
   7.293424E-01   1.117254E+03   2.241289E+03   9.686382E-01
   7.318671E-01   1.116596E+03   2.241308E+03   9.685686E-01
   7.344005E-01   1.115541E+03   2.241244E+03   9.683778E-01
   7.369427E-01   1.114840E+03   2.241515E+03   9.685074E-01
   7.394937E-01   1.113728E+03   2.241318E+03   9.682579E-01
   7.420535E-01   1.112962E+03   2.241765E+03   9.683035E-01
   7.446222E-01   1.112037E+03   2.241599E+03   9.683398E-01
   7.471998E-01   1.111197E+03   2.241664E+03   9.683772E-01
   7.497862E-01   1.110295E+03   2.241476E+03   9.683808E-01
   7.523817E-01   1.109444E+03   2.241793E+03   9.682751E-01
   7.549861E-01   1.108619E+03   2.241534E+03   9.683640E-01
   7.575996E-01   1.107521E+03   2.241821E+03   9.681048E-01
   7.602221E-01   1.106847E+03   2.242093E+03   9.681003E-01
   7.628536E-01   1.105810E+03   2.241381E+03   9.682899E-01
   7.654943E-01   1.105014E+03   2.242106E+03   9.679073E-01
   7.681441E-01   1.104227E+03   2.241630E+03   9.681792E-01
   7.708031E-01   1.103205E+03   2.241650E+03   9.679458E-01
   7.734713E-01   1.102381E+03   2.242038E+03   9.678271E-01
   7.761488E-01   1.101557E+03   2.241781E+03   9.680264E-01
   7.788355E-01   1.100588E+03   2.241771E+03   9.678093E-01
   7.815315E-01   1.099746E+03   2.241902E+03   9.677465E-01
   7.842368E-01   1.098802E+03   2.241663E+03   9.677736E-01
   7.869515E-01   1.097945E+03   2.241714E+03   9.676162E-01
   7.896756E-01   1.097143E+03   2.241720E+03   9.676684E-01
   7.924091E-01   1.096278E+03   2.241845E+03   9.676662E-01
   7.951521E-01   1.095430E+03   2.241556E+03   9.676276E-01
   7.979046E-01   1.094342E+03   2.241456E+03   9.674280E-01
   8.006666E-01   1.093614E+03   2.241807E+03   9.673966E-01
   8.034382E-01   1.092779E+03   2.241479E+03   9.674589E-01
   8.062194E-01   1.091892E+03   2.241568E+03   9.673984E-01
   8.090102E-01   1.090990E+03   2.241564E+03   9.673181E-01
   8.118106E-01   1.090123E+03   2.241292E+03   9.672991E-01
   8.146208E-01   1.089168E+03   2.241064E+03   9.671871E-01
   8.174406E-01   1.088418E+03   2.241543E+03   9.670638E-01
   8.202703E-01   1.087646E+03   2.241282E+03   9.673019E-01
   8.231097E-01   1.086611E+03   2.241080E+03   9.671576E-01
   8.259590E-01   1.085765E+03   2.241203E+03   9.669789E-01
   8.288181E-01   1.084944E+03   2.240867E+03   9.669647E-01
   8.316871E-01   1.083991E+03   2.240913E+03   9.668996E-01
   8.345661E-01   1.083314E+03   2.241049E+03   9.669393E-01
   8.374550E-01   1.082349E+03   2.240447E+03   9.669571E-01
   8.403539E-01   1.081382E+03   2.240835E+03   9.666549E-01
   8.432629E-01   1.080773E+03   2.240893E+03   9.668313E-01
   8.461819E-01   1.079840E+03   2.240234E+03   9.669127E-01
   8.491110E-01   1.078830E+03   2.240565E+03   9.665480E-01
   8.520503E-01   1.078140E+03   2.240659E+03   9.666838E-01
   8.549997E-01   1.077239E+03   2.240010E+03   9.666514E-01
   8.579594E-01   1.076273E+03   2.240003E+03   9.663342E-01
   8.609293E-01   1.075582E+03   2.240378E+03   9.664190E-01
   8.639095E-01   1.074781E+03   2.240023E+03   9.666057E-01
   8.669000E-01   1.073798E+03   2.239821E+03   9.664919E-01
   8.699008E-01   1.072997E+03   2.239856E+03   9.663627E-01
   8.729120E-01   1.072132E+03   2.239777E+03   9.662257E-01
   8.759337E-01   1.071321E+03   2.239604E+03   9.662403E-01
   8.789658E-01   1.070447E+03   2.239190E+03   9.662969E-01
   8.820084E-01   1.069563E+03   2.239542E+03   9.659732E-01
   8.850616E-01   1.068895E+03   2.239680E+03   9.660931E-01
   8.881253E-01   1.068011E+03   2.239204E+03   9.663214E-01
   8.911996E-01   1.067113E+03   2.239073E+03   9.660730E-01
   8.942846E-01   1.066220E+03   2.238794E+03   9.658293E-01
   8.973802E-01   1.065406E+03   2.238856E+03   9.658246E-01
   9.004866E-01   1.064737E+03   2.238736E+03   9.659486E-01
   9.036037E-01   1.063844E+03   2.238575E+03   9.657948E-01
   9.067316E-01   1.062973E+03   2.238776E+03   9.657854E-01
   9.098703E-01   1.062207E+03   2.238657E+03   9.658733E-01
   9.130199E-01   1.061252E+03   2.237955E+03   9.656813E-01
   9.161804E-01   1.060287E+03   2.237994E+03   9.653593E-01
   9.193518E-01   1.059731E+03   2.238310E+03   9.654463E-01
   9.225342E-01   1.059069E+03   2.237878E+03   9.657283E-01
   9.257277E-01   1.058114E+03   2.237495E+03   9.656599E-01
   9.289321E-01   1.057169E+03   2.237613E+03   9.654125E-01
   9.321477E-01   1.056427E+03   2.237779E+03   9.652729E-01
   9.353744E-01   1.055688E+03   2.237260E+03   9.653630E-01
   9.386123E-01   1.054742E+03   2.236839E+03   9.653609E-01
   9.418614E-01   1.053928E+03   2.237245E+03   9.651007E-01
   9.451217E-01   1.053300E+03   2.237122E+03   9.651124E-01
   9.483933E-01   1.052369E+03   2.236266E+03   9.652272E-01
   9.516763E-01   1.051464E+03   2.236441E+03   9.649777E-01
   9.549706E-01   1.050940E+03   2.236486E+03   9.650240E-01
   9.582763E-01   1.050105E+03   2.235815E+03   9.651353E-01
   9.615934E-01   1.049137E+03   2.235981E+03   9.649045E-01
   9.649221E-01   1.048435E+03   2.236141E+03   9.648496E-01
   9.682622E-01   1.047591E+03   2.235419E+03   9.648489E-01
   9.716140E-01   1.046582E+03   2.235037E+03   9.646103E-01
   9.749773E-01   1.045955E+03   2.235307E+03   9.645502E-01
   9.783522E-01   1.045444E+03   2.234799E+03   9.648052E-01
   9.817389E-01   1.044476E+03   2.234184E+03   9.647067E-01
   9.851373E-01   1.043593E+03   2.234619E+03   9.643733E-01
   9.885474E-01   1.043011E+03   2.234537E+03   9.645501E-01
   9.919693E-01   1.042172E+03   2.233597E+03   9.646767E-01
   9.954031E-01   1.041163E+03   2.233095E+03   9.643269E-01
   9.988488E-01   1.040366E+03   2.233286E+03   9.640725E-01
   1.002306E+00   1.039814E+03   2.233426E+03   9.641547E-01
   1.005776E+00   1.039167E+03   2.232672E+03   9.643626E-01
   1.009258E+00   1.038152E+03   2.231895E+03   9.642284E-01
   1.012751E+00   1.037239E+03   2.232129E+03   9.638854E-01
   1.016257E+00   1.036665E+03   2.232190E+03   9.638855E-01
   1.019775E+00   1.035963E+03   2.231324E+03   9.640591E-01
   1.023305E+00   1.035043E+03   2.230683E+03   9.639876E-01
   1.026847E+00   1.034294E+03   2.230693E+03   9.638155E-01
   1.030402E+00   1.033642E+03   2.230471E+03   9.637469E-01
   1.033968E+00   1.032853E+03   2.229820E+03   9.637664E-01
   1.037548E+00   1.032004E+03   2.229206E+03   9.637103E-01
   1.041139E+00   1.031195E+03   2.228900E+03   9.634659E-01
   1.044743E+00   1.030500E+03   2.228767E+03   9.633096E-01
   1.048360E+00   1.029844E+03   2.228350E+03   9.634672E-01
   1.051989E+00   1.029055E+03   2.227714E+03   9.635870E-01
   1.055630E+00   1.028189E+03   2.227287E+03   9.634089E-01
   1.059284E+00   1.027404E+03   2.226929E+03   9.631609E-01
   1.062951E+00   1.026676E+03   2.226308E+03   9.630793E-01
   1.066631E+00   1.025889E+03   2.225609E+03   9.630605E-01
   1.070323E+00   1.025138E+03   2.225306E+03   9.628861E-01
   1.074028E+00   1.024515E+03   2.224912E+03   9.628873E-01
   1.077746E+00   1.023801E+03   2.224170E+03   9.630940E-01
   1.081476E+00   1.022965E+03   2.223665E+03   9.630250E-01
   1.085220E+00   1.022177E+03   2.223331E+03   9.627192E-01
   1.088977E+00   1.021404E+03   2.222674E+03   9.625783E-01
   1.092746E+00   1.020596E+03   2.221866E+03   9.625687E-01
   1.096529E+00   1.019844E+03   2.221153E+03   9.625053E-01
   1.100324E+00   1.019147E+03   2.220529E+03   9.623944E-01
   1.104133E+00   1.018478E+03   2.219999E+03   9.622995E-01
   1.107955E+00   1.017777E+03   2.219448E+03   9.622527E-01
   1.111791E+00   1.017002E+03   2.218979E+03   9.622010E-01
   1.115639E+00   1.016263E+03   2.218453E+03   9.622327E-01
   1.119501E+00   1.015497E+03   2.217494E+03   9.623117E-01
   1.123376E+00   1.014603E+03   2.216566E+03   9.620856E-01
   1.127265E+00   1.013799E+03   2.216049E+03   9.616799E-01
   1.131167E+00   1.013152E+03   2.215420E+03   9.615691E-01
   1.135083E+00   1.012443E+03   2.214540E+03   9.616679E-01
   1.139012E+00   1.011663E+03   2.213846E+03   9.616357E-01
   1.142955E+00   1.010965E+03   2.213214E+03   9.615445E-01
   1.146911E+00   1.010246E+03   2.212269E+03   9.615050E-01
   1.150881E+00   1.009420E+03   2.211384E+03   9.613863E-01
   1.154865E+00   1.008681E+03   2.210853E+03   9.612288E-01
   1.158863E+00   1.008083E+03   2.210170E+03   9.611892E-01
   1.162874E+00   1.007371E+03   2.209099E+03   9.611978E-01
   1.166900E+00   1.006480E+03   2.208203E+03   9.610858E-01
   1.170939E+00   1.005662E+03   2.207697E+03   9.609130E-01
   1.174992E+00   1.004973E+03   2.207011E+03   9.608295E-01
   1.179060E+00   1.004234E+03   2.205937E+03   9.607708E-01
   1.183141E+00   1.003402E+03   2.204881E+03   9.605891E-01
   1.187237E+00   1.002612E+03   2.204123E+03   9.603545E-01
   1.191346E+00   1.001945E+03   2.203421E+03   9.602992E-01
   1.195470E+00   1.001309E+03   2.202474E+03   9.604226E-01
   1.199608E+00   1.000562E+03   2.201383E+03   9.603994E-01
   1.203761E+00   9.997172E+02   2.200521E+03   9.600827E-01
   1.207928E+00   9.989089E+02   2.199962E+03   9.597993E-01
   1.212109E+00   9.982162E+02   2.199412E+03   9.598189E-01
   1.216305E+00   9.975649E+02   2.198375E+03   9.600621E-01
   1.220515E+00   9.967448E+02   2.196917E+03   9.601149E-01
   1.224740E+00   9.958199E+02   2.195827E+03   9.597206E-01
   1.228980E+00   9.950677E+02   2.195200E+03   9.592390E-01
   1.233234E+00   9.944476E+02   2.194433E+03   9.590989E-01
   1.237503E+00   9.937246E+02   2.193482E+03   9.591778E-01
   1.241787E+00   9.929300E+02   2.192708E+03   9.591801E-01
   1.246085E+00   9.922169E+02   2.191937E+03   9.591414E-01
   1.250399E+00   9.914910E+02   2.190851E+03   9.591184E-01
   1.254727E+00   9.906389E+02   2.189741E+03   9.589970E-01
   1.259070E+00   9.897795E+02   2.188921E+03   9.588192E-01
   1.263429E+00   9.890248E+02   2.188198E+03   9.587188E-01
   1.267802E+00   9.883183E+02   2.187297E+03   9.586364E-01
   1.272191E+00   9.875518E+02   2.186242E+03   9.584227E-01
   1.276595E+00   9.867282E+02   2.185242E+03   9.581026E-01
   1.281014E+00   9.859184E+02   2.184319E+03   9.578952E-01
   1.285448E+00   9.851151E+02   2.183410E+03   9.578739E-01
   1.289898E+00   9.843005E+02   2.182632E+03   9.578525E-01
   1.294363E+00   9.835411E+02   2.181990E+03   9.577234E-01
   1.298843E+00   9.828662E+02   2.181196E+03   9.576146E-01
   1.303339E+00   9.821879E+02   2.180096E+03   9.576545E-01
   1.307851E+00   9.814100E+02   2.178952E+03   9.577310E-01
   1.312378E+00   9.805607E+02   2.178180E+03   9.575866E-01
   1.316921E+00   9.797743E+02   2.177725E+03   9.572668E-01
   1.321480E+00   9.790569E+02   2.177038E+03   9.570754E-01
   1.326054E+00   9.782451E+02   2.175874E+03   9.570622E-01
   1.330644E+00   9.772579E+02   2.174645E+03   9.569694E-01
   1.335251E+00   9.762406E+02   2.173803E+03   9.566738E-01
   1.339873E+00   9.753636E+02   2.173298E+03   9.563345E-01
   1.344511E+00   9.746596E+02   2.172844E+03   9.561258E-01
   1.349165E+00   9.740516E+02   2.172189E+03   9.560885E-01
   1.353835E+00   9.734026E+02   2.171250E+03   9.561320E-01
   1.358522E+00   9.726141E+02   2.170233E+03   9.561252E-01
   1.363224E+00   9.717116E+02   2.169432E+03   9.560118E-01
   1.367943E+00   9.708068E+02   2.168904E+03   9.558358E-01
   1.372678E+00   9.699742E+02   2.168405E+03   9.556874E-01
   1.377430E+00   9.691763E+02   2.167663E+03   9.555917E-01
   1.382198E+00   9.683254E+02   2.166661E+03   9.555056E-01
   1.386983E+00   9.673961E+02   2.165682E+03   9.553838E-01
   1.391784E+00   9.664644E+02   2.165074E+03   9.551872E-01
   1.396602E+00   9.656424E+02   2.164900E+03   9.549063E-01
   1.401436E+00   9.649654E+02   2.164801E+03   9.546490E-01
   1.406287E+00   9.643232E+02   2.164297E+03   9.545737E-01
   1.411155E+00   9.635405E+02   2.163287E+03   9.546802E-01
   1.416040E+00   9.625529E+02   2.162160E+03   9.547677E-01
   1.420942E+00   9.614684E+02   2.161374E+03   9.546351E-01
   1.425861E+00   9.604395E+02   2.161044E+03   9.542633E-01
   1.430796E+00   9.595391E+02   2.160971E+03   9.537987E-01
   1.435749E+00   9.587601E+02   2.160852E+03   9.534487E-01
   1.440719E+00   9.580382E+02   2.160452E+03   9.533601E-01
   1.445706E+00   9.572835E+02   2.159783E+03   9.534890E-01
   1.450711E+00   9.564548E+02   2.159102E+03   9.536357E-01
   1.455732E+00   9.555812E+02   2.158607E+03   9.536468E-01
   1.460772E+00   9.546784E+02   2.158258E+03   9.535141E-01
   1.465828E+00   9.537187E+02   2.157992E+03   9.532630E-01
   1.470902E+00   9.527250E+02   2.157822E+03   9.529268E-01
   1.475994E+00   9.517679E+02   2.157633E+03   9.526307E-01
   1.481103E+00   9.508542E+02   2.157254E+03   9.524813E-01
   1.486230E+00   9.499336E+02   2.156743E+03   9.524277E-01
   1.491375E+00   9.489941E+02   2.156345E+03   9.523420E-01
   1.496537E+00   9.480911E+02   2.156210E+03   9.521683E-01
   1.501718E+00   9.472877E+02   2.156203E+03   9.519848E-01
   1.506916E+00   9.465487E+02   2.156011E+03   9.519076E-01
   1.512132E+00   9.457318E+02   2.155524E+03   9.519127E-01
   1.517367E+00   9.447310E+02   2.155048E+03   9.518297E-01
   1.522619E+00   9.436120E+02   2.155003E+03   9.515523E-01
   1.527890E+00   9.425542E+02   2.155407E+03   9.512039E-01
   1.533179E+00   9.416475E+02   2.155794E+03   9.510117E-01
   1.538486E+00   9.408015E+02   2.155705E+03   9.510493E-01
   1.543812E+00   9.398549E+02   2.155138E+03   9.511509E-01
   1.549156E+00   9.387506E+02   2.154555E+03   9.510606E-01
   1.554518E+00   9.376034E+02   2.154451E+03   9.506736E-01
   1.559899E+00   9.365969E+02   2.154909E+03   9.501536E-01
   1.565299E+00   9.358095E+02   2.155539E+03   9.498069E-01
   1.570717E+00   9.351292E+02   2.155833E+03   9.498103E-01
   1.576155E+00   9.343461E+02   2.155630E+03   9.500499E-01
   1.581611E+00   9.333411E+02   2.155208E+03   9.502482E-01
   1.587085E+00   9.321722E+02   2.154970E+03   9.502214E-01
   1.592579E+00   9.309862E+02   2.155100E+03   9.499817E-01
   1.598092E+00   9.298855E+02   2.155527E+03   9.496379E-01
   1.603624E+00   9.288928E+02   2.156080E+03   9.492935E-01
   1.609175E+00   9.279798E+02   2.156568E+03   9.490417E-01
   1.614745E+00   9.270817E+02   2.156847E+03   9.489394E-01
   1.620335E+00   9.261334E+02   2.156936E+03   9.489459E-01
   1.625944E+00   9.251175E+02   2.156978E+03   9.489516E-01
   1.631572E+00   9.240558E+02   2.157087E+03   9.488647E-01
   1.637220E+00   9.229673E+02   2.157284E+03   9.486526E-01
   1.642887E+00   9.218556E+02   2.157551E+03   9.483429E-01
   1.648574E+00   9.207257E+02   2.157877E+03   9.480037E-01
   1.654281E+00   9.196016E+02   2.158276E+03   9.477122E-01
   1.660008E+00   9.185220E+02   2.158745E+03   9.475281E-01
   1.665754E+00   9.175142E+02   2.159248E+03   9.474662E-01
   1.671520E+00   9.165759E+02   2.159728E+03   9.474869E-01
   1.677306E+00   9.156740E+02   2.160123E+03   9.475295E-01
   1.683112E+00   9.147513E+02   2.160407E+03   9.475467E-01
   1.688938E+00   9.137512E+02   2.160626E+03   9.475014E-01
   1.694785E+00   9.126517E+02   2.160891E+03   9.473605E-01
   1.700651E+00   9.114786E+02   2.161296E+03   9.471136E-01
   1.706538E+00   9.102861E+02   2.161842E+03   9.468041E-01
   1.712446E+00   9.091164E+02   2.162435E+03   9.465229E-01
   1.718373E+00   9.079735E+02   2.162973E+03   9.463396E-01
   1.724322E+00   9.068424E+02   2.163447E+03   9.462473E-01
   1.730291E+00   9.057237E+02   2.163920E+03   9.461880E-01
   1.736280E+00   9.046317E+02   2.164427E+03   9.461141E-01
   1.742290E+00   9.035644E+02   2.164953E+03   9.460039E-01
   1.748322E+00   9.025004E+02   2.165483E+03   9.458497E-01
   1.754374E+00   9.014211E+02   2.166028E+03   9.456623E-01
   1.760446E+00   9.003221E+02   2.166600E+03   9.454722E-01
   1.766540E+00   8.992033E+02   2.167187E+03   9.453043E-01
   1.772655E+00   8.980642E+02   2.167777E+03   9.451564E-01
   1.778792E+00   8.969071E+02   2.168359E+03   9.450121E-01
   1.784949E+00   8.957366E+02   2.168918E+03   9.448678E-01
   1.791128E+00   8.945556E+02   2.169437E+03   9.447381E-01
   1.797328E+00   8.933658E+02   2.169920E+03   9.446425E-01
   1.803549E+00   8.921715E+02   2.170394E+03   9.445848E-01
   1.809793E+00   8.909826E+02   2.170899E+03   9.445412E-01
   1.816057E+00   8.898173E+02   2.171463E+03   9.444768E-01
   1.822344E+00   8.886910E+02   2.172059E+03   9.443740E-01
   1.828652E+00   8.875963E+02   2.172625E+03   9.442350E-01
   1.834982E+00   8.864964E+02   2.173119E+03   9.440602E-01
   1.841334E+00   8.853460E+02   2.173578E+03   9.438368E-01
   1.847708E+00   8.841267E+02   2.174098E+03   9.435581E-01
   1.854104E+00   8.828621E+02   2.174748E+03   9.432541E-01
   1.860522E+00   8.815989E+02   2.175500E+03   9.429946E-01
   1.866962E+00   8.803698E+02   2.176229E+03   9.428534E-01
   1.873425E+00   8.791698E+02   2.176801E+03   9.428580E-01
   1.879910E+00   8.779644E+02   2.177168E+03   9.429583E-01
   1.886418E+00   8.767211E+02   2.177411E+03   9.430438E-01
   1.892948E+00   8.754400E+02   2.177688E+03   9.430043E-01
   1.899500E+00   8.741562E+02   2.178126E+03   9.427938E-01
   1.906075E+00   8.729136E+02   2.178744E+03   9.424522E-01
   1.912673E+00   8.717318E+02   2.179458E+03   9.420738E-01
   1.919294E+00   8.705912E+02   2.180146E+03   9.417525E-01
   1.925938E+00   8.694444E+02   2.180729E+03   9.415378E-01
   1.932605E+00   8.682476E+02   2.181212E+03   9.414236E-01
   1.939295E+00   8.669888E+02   2.181646E+03   9.413748E-01
   1.946008E+00   8.656881E+02   2.182065E+03   9.413641E-01
   1.952744E+00   8.643754E+02   2.182454E+03   9.413844E-01
   1.959504E+00   8.630694E+02   2.182783E+03   9.414305E-01
   1.966287E+00   8.617767E+02   2.183051E+03   9.414790E-01
   1.973093E+00   8.605014E+02   2.183281E+03   9.414940E-01
   1.979923E+00   8.592463E+02   2.183491E+03   9.414468E-01
   1.986777E+00   8.580031E+02   2.183679E+03   9.413241E-01
   1.993654E+00   8.567495E+02   2.183854E+03   9.411213E-01
   2.000555E+00   8.554612E+02   2.184057E+03   9.408390E-01
   2.007480E+00   8.541291E+02   2.184347E+03   9.404897E-01
   2.014430E+00   8.527661E+02   2.184752E+03   9.401069E-01
   2.021403E+00   8.513989E+02   2.185244E+03   9.397416E-01
   2.028400E+00   8.500529E+02   2.185739E+03   9.394471E-01
   2.035421E+00   8.487406E+02   2.186137E+03   9.392603E-01
   2.042467E+00   8.474576E+02   2.186358E+03   9.391900E-01
   2.049537E+00   8.461853E+02   2.186371E+03   9.392138E-01
   2.056632E+00   8.449000E+02   2.186209E+03   9.392833E-01
   2.063751E+00   8.435844E+02   2.185959E+03   9.393377E-01
   2.070895E+00   8.422366E+02   2.185735E+03   9.393265E-01
   2.078064E+00   8.408708E+02   2.185633E+03   9.392299E-01
   2.085257E+00   8.395098E+02   2.185692E+03   9.390640E-01
   2.092475E+00   8.381725E+02   2.185888E+03   9.388665E-01
   2.099719E+00   8.368652E+02   2.186146E+03   9.386759E-01
   2.106987E+00   8.355797E+02   2.186377E+03   9.385142E-01
   2.114280E+00   8.342977E+02   2.186503E+03   9.383822E-01
   2.121599E+00   8.329985E+02   2.186481E+03   9.382652E-01
   2.128943E+00   8.316663E+02   2.186296E+03   9.381471E-01
   2.136313E+00   8.302933E+02   2.185961E+03   9.380222E-01
   2.143708E+00   8.288801E+02   2.185506E+03   9.378974E-01
   2.151128E+00   8.274340E+02   2.184976E+03   9.377836E-01
   2.158575E+00   8.259669E+02   2.184423E+03   9.376839E-01
   2.166047E+00   8.244942E+02   2.183902E+03   9.375860E-01
   2.173545E+00   8.230327E+02   2.183459E+03   9.374657E-01
   2.181069E+00   8.215999E+02   2.183117E+03   9.373013E-01
   2.188619E+00   8.202108E+02   2.182863E+03   9.370882E-01
   2.196195E+00   8.188715E+02   2.182649E+03   9.368443E-01
   2.203797E+00   8.175739E+02   2.182400E+03   9.366015E-01
   2.211426E+00   8.162962E+02   2.182040E+03   9.363913E-01
   2.219081E+00   8.150072E+02   2.181516E+03   9.362342E-01
   2.226762E+00   8.172720E+02   2.359742E+03   9.248584E-01
   2.234470E+00   8.157360E+02   2.380683E+03   9.232348E-01
   2.242205E+00   8.138495E+02   2.391086E+03   9.225332E-01
   2.249967E+00   8.135357E+02   2.396304E+03   9.221608E-01
   2.257755E+00   8.124649E+02   2.401059E+03   9.217889E-01
   2.265571E+00   8.111153E+02   2.405360E+03   9.213705E-01
   2.273413E+00   8.091875E+02   2.409841E+03   9.208761E-01
   2.281283E+00   8.072354E+02   2.414026E+03   9.203618E-01
   2.289179E+00   8.060470E+02   2.417534E+03   9.198819E-01
   2.297104E+00   8.062707E+02   2.418790E+03   9.195574E-01
   2.305055E+00   8.046548E+02   2.422194E+03   9.191839E-01
   2.313034E+00   8.051533E+02   2.422668E+03   9.190057E-01
   2.321041E+00   8.015269E+02   2.427861E+03   9.186618E-01
   2.329076E+00   8.023502E+02   2.427645E+03   9.186139E-01
   2.337138E+00   8.019635E+02   2.428966E+03   9.185057E-01
   2.345228E+00   8.003292E+02   2.430934E+03   9.183528E-01
   2.353346E+00   7.984413E+02   2.433377E+03   9.181037E-01
   2.361493E+00   7.992355E+02   2.432550E+03   9.179281E-01
   2.369667E+00   7.990525E+02   2.433129E+03   9.176188E-01
   2.377870E+00   7.971898E+02   2.435339E+03   9.172143E-01
   2.386101E+00   7.982984E+02   2.434104E+03   9.169766E-01
   2.394361E+00   7.994919E+02   2.432757E+03   9.167621E-01
   2.402649E+00   7.978389E+02   2.434895E+03   9.163926E-01
   2.410966E+00   7.962643E+02   2.436759E+03   9.160399E-01
   2.419312E+00   7.944598E+02   2.439076E+03   9.156528E-01
   2.427686E+00   7.926904E+02   2.441503E+03   9.152574E-01
   2.436090E+00   7.946793E+02   2.439406E+03   9.151047E-01
   2.444523E+00   7.947699E+02   2.439681E+03   9.148833E-01
   2.452985E+00   7.925454E+02   2.442621E+03   9.145935E-01
   2.461476E+00   7.938510E+02   2.441003E+03   9.145702E-01
   2.469997E+00   7.937783E+02   2.441089E+03   9.144724E-01
   2.478547E+00   7.930148E+02   2.441833E+03   9.143324E-01
   2.487126E+00   7.916508E+02   2.443436E+03   9.141173E-01
   2.495736E+00   7.924564E+02   2.442400E+03   9.140028E-01
   2.504375E+00   7.898845E+02   2.445697E+03   9.136685E-01
   2.513044E+00   7.891627E+02   2.447016E+03   9.134368E-01
   2.521743E+00   7.905749E+02   2.445432E+03   9.134009E-01
   2.530472E+00   7.905288E+02   2.446015E+03   9.133102E-01
   2.539232E+00   7.891900E+02   2.447096E+03   9.133045E-01
   2.548022E+00   7.877282E+02   2.448598E+03   9.133001E-01
   2.556842E+00   7.887292E+02   2.446484E+03   9.134714E-01
   2.565692E+00   7.870231E+02   2.447778E+03   9.134040E-01
   2.574574E+00   7.872582E+02   2.446540E+03   9.133396E-01
   2.583486E+00   7.874442E+02   2.445662E+03   9.131075E-01
   2.592429E+00   7.854140E+02   2.448315E+03   9.125568E-01
   2.601403E+00   7.841190E+02   2.450072E+03   9.119704E-01
   2.610408E+00   7.850049E+02   2.449533E+03   9.114501E-01
   2.619444E+00   7.840024E+02   2.451371E+03   9.108515E-01
   2.628511E+00   7.844596E+02   2.451352E+03   9.104103E-01
   2.637610E+00   7.834208E+02   2.452636E+03   9.100306E-01
   2.646740E+00   7.820205E+02   2.454249E+03   9.097519E-01
   2.655902E+00   7.824270E+02   2.453191E+03   9.097319E-01
   2.665096E+00   7.804993E+02   2.454719E+03   9.097312E-01
   2.674321E+00   7.806268E+02   2.453357E+03   9.099808E-01
   2.683579E+00   7.810797E+02   2.451600E+03   9.103126E-01
   2.692868E+00   7.788169E+02   2.453139E+03   9.105075E-01
   2.702190E+00   7.771683E+02   2.454359E+03   9.106314E-01
   2.711544E+00   7.770902E+02   2.453354E+03   9.107444E-01
   2.720930E+00   7.764184E+02   2.453968E+03   9.105925E-01
   2.730349E+00   7.757531E+02   2.454562E+03   9.103004E-01
   2.739800E+00   7.744731E+02   2.456283E+03   9.098444E-01
   2.749284E+00   7.738205E+02   2.457200E+03   9.093845E-01
   2.758801E+00   7.738043E+02   2.456923E+03   9.090106E-01
   2.768351E+00   7.729928E+02   2.457636E+03   9.086548E-01
   2.777934E+00   7.715414E+02   2.458459E+03   9.084018E-01
   2.787550E+00   7.706659E+02   2.458365E+03   9.082680E-01
   2.797199E+00   7.708321E+02   2.456969E+03   9.082368E-01
   2.806882E+00   7.696915E+02   2.455874E+03   9.082625E-01
   2.816598E+00   7.677601E+02   2.456760E+03   9.081463E-01
   2.826348E+00   7.682400E+02   2.454520E+03   9.081206E-01
   2.836131E+00   7.677390E+02   2.453923E+03   9.079598E-01
   2.845949E+00   7.668382E+02   2.453654E+03   9.077463E-01
   2.855800E+00   7.646295E+02   2.455974E+03   9.073607E-01
   2.865686E+00   7.638881E+02   2.455667E+03   9.070968E-01
   2.875606E+00   7.633144E+02   2.455531E+03   9.068196E-01
   2.885560E+00   7.624840E+02   2.455639E+03   9.065665E-01
   2.895549E+00   7.618129E+02   2.455386E+03   9.063857E-01
   2.905572E+00   7.619334E+02   2.454000E+03   9.063193E-01
   2.915630E+00   7.617215E+02   2.452457E+03   9.063400E-01
   2.925722E+00   7.620673E+02   2.449987E+03   9.064481E-01
   2.935850E+00   7.599897E+02   2.450373E+03   9.064631E-01
   2.946013E+00   7.588348E+02   2.449399E+03   9.065144E-01
   2.956211E+00   7.580521E+02   2.447819E+03   9.065401E-01
   2.966444E+00   7.575994E+02   2.445943E+03   9.065049E-01
   2.976712E+00   7.557616E+02   2.446302E+03   9.063046E-01
   2.987016E+00   7.552618E+02   2.444487E+03   9.061560E-01
   2.997356E+00   7.543189E+02   2.443960E+03   9.059209E-01
   3.007732E+00   7.540310E+02   2.442329E+03   9.057457E-01
   3.018143E+00   7.531729E+02   2.441177E+03   9.055883E-01
   3.028591E+00   7.526717E+02   2.439420E+03   9.054935E-01
   3.039075E+00   7.525580E+02   2.436720E+03   9.054749E-01
   3.049595E+00   7.529786E+02   2.432973E+03   9.055180E-01
   3.060151E+00   7.523446E+02   2.430290E+03   9.055190E-01
   3.070744E+00   7.510905E+02   2.428333E+03   9.054631E-01
   3.081374E+00   7.516024E+02   2.423664E+03   9.054682E-01
   3.092040E+00   7.500115E+02   2.422152E+03   9.052859E-01
   3.102743E+00   7.496790E+02   2.418422E+03   9.051364E-01
   3.113484E+00   7.503342E+02   2.413654E+03   9.049681E-01
   3.124261E+00   7.493745E+02   2.411504E+03   9.046562E-01
   3.135076E+00   7.493376E+02   2.408296E+03   9.043643E-01
   3.145929E+00   7.491774E+02   2.405616E+03   9.040547E-01
   3.156819E+00   7.480706E+02   2.404109E+03   9.037377E-01
   3.167746E+00   7.477304E+02   2.401479E+03   9.035189E-01
   3.178712E+00   7.485464E+02   2.397477E+03   9.034168E-01
   3.189715E+00   7.481558E+02   2.395006E+03   9.033367E-01
   3.200756E+00   7.495930E+02   2.389462E+03   9.034410E-01
   3.211836E+00   7.485436E+02   2.387149E+03   9.034831E-01
   3.222954E+00   7.481057E+02   2.383756E+03   9.035939E-01
   3.234111E+00   7.486705E+02   2.378449E+03   9.037829E-01
   3.245306E+00   7.477835E+02   2.374483E+03   9.039148E-01
   3.256540E+00   7.473503E+02   2.369768E+03   9.040438E-01
   3.267812E+00   7.467388E+02   2.365719E+03   9.041067E-01
   3.279124E+00   7.474373E+02   2.359234E+03   9.042169E-01
   3.290475E+00   7.456458E+02   2.356110E+03   9.041616E-01
   3.301866E+00   7.453366E+02   2.350959E+03   9.041308E-01
   3.313295E+00   7.448658E+02   2.345806E+03   9.040539E-01
   3.324764E+00   7.439173E+02   2.341713E+03   9.038909E-01
   3.336273E+00   7.432947E+02   2.336881E+03   9.037110E-01
   3.347822E+00   7.429509E+02   2.331691E+03   9.035022E-01
   3.359411E+00   7.427929E+02   2.326382E+03   9.032610E-01
   3.371040E+00   7.427048E+02   2.321051E+03   9.029920E-01
   3.382709E+00   7.426039E+02   2.315893E+03   9.026986E-01
   3.394418E+00   7.420420E+02   2.310767E+03   9.024016E-01
   3.406169E+00   7.437562E+02   2.303154E+03   9.021967E-01
   3.417959E+00   7.463961E+02   2.294567E+03   9.020487E-01
   3.429791E+00   7.453021E+02   2.293198E+03   9.016933E-01
   3.441663E+00   7.401650E+02   2.294831E+03   9.013001E-01
   3.453577E+00   7.382707E+02   2.290573E+03   9.011664E-01
   3.465532E+00   7.381684E+02   2.284452E+03   9.011487E-01
   3.477528E+00   7.368021E+02   2.280118E+03   9.011197E-01
   3.489566E+00   7.366643E+02   2.272407E+03   9.012395E-01
   3.501645E+00   7.380022E+02   2.264194E+03   9.013860E-01
   3.513766E+00   7.374862E+02   2.260622E+03   9.013741E-01
   3.525930E+00   7.340395E+02   2.257347E+03   9.013366E-01
   3.538135E+00   7.336465E+02   2.250607E+03   9.013734E-01
   3.550382E+00   7.328108E+02   2.244754E+03   9.013354E-01
   3.562672E+00   7.323085E+02   2.236913E+03   9.013124E-01
   3.575005E+00   7.310424E+02   2.231294E+03   9.011719E-01
   3.587380E+00   7.306274E+02   2.224049E+03   9.010446E-01
   3.599798E+00   7.302622E+02   2.217294E+03   9.008737E-01
   3.612259E+00   7.293789E+02   2.210265E+03   9.006920E-01
   3.624763E+00   7.290346E+02   2.203378E+03   9.005011E-01
   3.637311E+00   7.276587E+02   2.196841E+03   9.002990E-01
   3.649901E+00   7.272414E+02   2.189224E+03   9.001425E-01
   3.662536E+00   7.261454E+02   2.182414E+03   8.999742E-01
   3.675214E+00   7.256641E+02   2.175168E+03   8.998375E-01
   3.687936E+00   7.248128E+02   2.167563E+03   8.997249E-01
   3.700702E+00   7.246311E+02   2.160107E+03   8.996238E-01
   3.713513E+00   7.235668E+02   2.153183E+03   8.995126E-01
   3.726367E+00   7.224447E+02   2.146085E+03   8.994113E-01
   3.739266E+00   7.226297E+02   2.136853E+03   8.993776E-01
   3.752210E+00   7.224301E+02   2.128883E+03   8.993053E-01
   3.765199E+00   7.213747E+02   2.122041E+03   8.991940E-01
   3.778232E+00   7.220063E+02   2.111905E+03   8.991747E-01
   3.791311E+00   7.202535E+02   2.105916E+03   8.990222E-01
   3.804435E+00   7.195793E+02   2.098074E+03   8.989143E-01
   3.817604E+00   7.191134E+02   2.089363E+03   8.988165E-01
   3.830819E+00   7.179830E+02   2.081410E+03   8.986784E-01
   3.844080E+00   7.175092E+02   2.072739E+03   8.985457E-01
   3.857386E+00   7.165688E+02   2.064525E+03   8.983803E-01
   3.870739E+00   7.157884E+02   2.055649E+03   8.982155E-01
   3.884138E+00   7.156655E+02   2.045839E+03   8.980639E-01
   3.897583E+00   7.140202E+02   2.038578E+03   8.978259E-01
   3.911075E+00   7.137870E+02   2.027796E+03   8.976752E-01
   3.924614E+00   7.127628E+02   2.019766E+03   8.974463E-01
   3.938199E+00   7.123632E+02   2.009210E+03   8.972787E-01
   3.951831E+00   7.118003E+02   2.000339E+03   8.970687E-01
   3.965511E+00   7.107619E+02   1.991251E+03   8.968583E-01
   3.979238E+00   7.099631E+02   1.982159E+03   8.966503E-01
   3.993012E+00   7.097901E+02   1.971306E+03   8.964890E-01
   4.006834E+00   7.098665E+02   1.961680E+03   8.963027E-01
   4.020704E+00   7.100396E+02   1.950865E+03   8.961454E-01
   4.034622E+00   7.083068E+02   1.943634E+03   8.958903E-01
   4.048589E+00   7.075785E+02   1.933518E+03   8.957154E-01
   4.062603E+00   7.071326E+02   1.923237E+03   8.955550E-01
   4.076666E+00   7.066585E+02   1.913633E+03   8.953910E-01
   4.090778E+00   7.057878E+02   1.903750E+03   8.952451E-01
   4.104938E+00   7.052243E+02   1.893260E+03   8.951355E-01
   4.119148E+00   7.047846E+02   1.883277E+03   8.950392E-01
   4.133407E+00   7.048694E+02   1.872276E+03   8.949953E-01
   4.147715E+00   7.045821E+02   1.861474E+03   8.949682E-01
   4.162073E+00   7.038374E+02   1.850988E+03   8.949527E-01
   4.176480E+00   7.033807E+02   1.840414E+03   8.949615E-01
   4.190937E+00   7.034991E+02   1.829334E+03   8.950008E-01
   4.205445E+00   7.030215E+02   1.818785E+03   8.950280E-01
   4.220002E+00   7.020437E+02   1.808035E+03   8.950497E-01
   4.234610E+00   7.018043E+02   1.796932E+03   8.950732E-01
   4.249268E+00   7.009686E+02   1.785749E+03   8.950661E-01
   4.263978E+00   7.007411E+02   1.773909E+03   8.950442E-01
   4.278738E+00   7.004153E+02   1.762644E+03   8.949658E-01
   4.293549E+00   6.995958E+02   1.751244E+03   8.948320E-01
   4.308411E+00   7.000069E+02   1.739448E+03   8.946666E-01
   4.323325E+00   6.988099E+02   1.728287E+03   8.944095E-01
   4.338291E+00   6.986163E+02   1.716952E+03   8.941137E-01
   4.353308E+00   6.984421E+02   1.705175E+03   8.937745E-01
   4.368377E+00   6.974860E+02   1.693782E+03   8.933730E-01
   4.383499E+00   6.976003E+02   1.682784E+03   8.929459E-01
   4.398673E+00   6.970440E+02   1.671611E+03   8.924896E-01
   4.413899E+00   6.963502E+02   1.660546E+03   8.920196E-01
   4.429178E+00   6.960578E+02   1.650415E+03   8.915429E-01
   4.444510E+00   6.945239E+02   1.639451E+03   8.910794E-01
   4.459895E+00   6.942781E+02   1.627586E+03   8.906792E-01
   4.475334E+00   6.938705E+02   1.616172E+03   8.903081E-01
   4.490825E+00   6.931557E+02   1.604757E+03   8.899804E-01
   4.506371E+00   6.926855E+02   1.593371E+03   8.897093E-01
   4.521970E+00   6.920480E+02   1.581065E+03   8.895087E-01
   4.537623E+00   6.916355E+02   1.568720E+03   8.893685E-01
   4.553330E+00   6.913233E+02   1.557096E+03   8.892709E-01
   4.569092E+00   6.915344E+02   1.544710E+03   8.892423E-01
   4.584908E+00   6.904467E+02   1.532465E+03   8.892334E-01
   4.600779E+00   6.905409E+02   1.519939E+03   8.892771E-01
   4.616705E+00   6.905861E+02   1.507142E+03   8.893450E-01
   4.632687E+00   6.900160E+02   1.495023E+03   8.894014E-01
   4.648723E+00   6.898213E+02   1.482273E+03   8.894715E-01
   4.664815E+00   6.896502E+02   1.469943E+03   8.895219E-01
   4.680963E+00   6.892582E+02   1.457176E+03   8.895533E-01
   4.697166E+00   6.888102E+02   1.444330E+03   8.895540E-01
   4.713426E+00   6.879360E+02   1.431719E+03   8.895062E-01
   4.729742E+00   6.878295E+02   1.418515E+03   8.894368E-01
   4.746114E+00   6.876919E+02   1.405173E+03   8.893230E-01
   4.762543E+00   6.877136E+02   1.391562E+03   8.891683E-01
   4.779029E+00   6.874740E+02   1.378565E+03   8.889525E-01
   4.795572E+00   6.875982E+02   1.364754E+03   8.887094E-01
   4.812172E+00   6.880012E+02   1.350582E+03   8.884338E-01
   4.828830E+00   6.890916E+02   1.336424E+03   8.881308E-01
   4.845545E+00   6.896180E+02   1.321751E+03   8.877940E-01
   4.862319E+00   6.910866E+02   1.307808E+03   8.874352E-01
   4.879150E+00   6.929564E+02   1.292601E+03   8.870825E-01
   4.896040E+00   6.953663E+02   1.278574E+03   8.867095E-01
   4.912988E+00   6.983644E+02   1.263951E+03   8.863508E-01
   4.929994E+00   7.029490E+02   1.250281E+03   8.860064E-01
   4.947060E+00   7.061473E+02   1.239783E+03   8.856062E-01
   4.964185E+00   7.068893E+02   1.232091E+03   8.851480E-01
   4.981369E+00   7.056129E+02   1.224339E+03   8.846873E-01
   4.998612E+00   7.046585E+02   1.214941E+03   8.842870E-01
   5.015915E+00   7.037270E+02   1.205414E+03   8.839239E-01
   5.033278E+00   7.031203E+02   1.195236E+03   8.836121E-01
   5.050701E+00   7.010847E+02   1.186342E+03   8.832980E-01
   5.068185E+00   6.979863E+02   1.176455E+03   8.830190E-01
   5.085729E+00   6.959391E+02   1.164873E+03   8.828134E-01
   5.103333E+00   6.941405E+02   1.152108E+03   8.826579E-01
   5.120999E+00   6.934056E+02   1.137838E+03   8.825640E-01
   5.138726E+00   6.933760E+02   1.122647E+03   8.825121E-01
   5.156514E+00   6.939936E+02   1.108534E+03   8.824669E-01
   5.174363E+00   6.951018E+02   1.093356E+03   8.824502E-01
   5.192275E+00   6.970694E+02   1.077312E+03   8.824583E-01
   5.210248E+00   7.004694E+02   1.060972E+03   8.824860E-01
   5.228284E+00   7.054404E+02   1.044738E+03   8.825244E-01
   5.246382E+00   7.129004E+02   1.029982E+03   8.825649E-01
   5.264543E+00   7.197997E+02   1.019357E+03   8.825234E-01
   5.282767E+00   7.249805E+02   1.012355E+03   8.823874E-01
   5.301053E+00   7.282481E+02   1.008490E+03   8.821583E-01
   5.319403E+00   7.286312E+02   1.006598E+03   8.818335E-01
   5.337817E+00   7.250058E+02   1.007181E+03   8.813863E-01
   5.356294E+00   7.165970E+02   1.007774E+03   8.808309E-01
   5.374836E+00   7.048978E+02   1.003929E+03   8.802429E-01
   5.393441E+00   6.949618E+02   9.929112E+02   8.797416E-01
   5.412111E+00   6.894391E+02   9.782197E+02   8.793329E-01
   5.430845E+00   6.871530E+02   9.621751E+02   8.789718E-01
   5.449645E+00   6.859250E+02   9.475839E+02   8.785896E-01
   5.468509E+00   6.852121E+02   9.333864E+02   8.781936E-01
   5.487439E+00   6.853385E+02   9.191199E+02   8.777984E-01
   5.506434E+00   6.853546E+02   9.052718E+02   8.773854E-01
   5.525495E+00   6.866964E+02   8.914670E+02   8.769870E-01
   5.544622E+00   6.867430E+02   8.790696E+02   8.765461E-01
   5.563815E+00   6.873737E+02   8.661895E+02   8.761207E-01
   5.583075E+00   6.878962E+02   8.542763E+02   8.756851E-01
   5.602401E+00   6.889791E+02   8.417927E+02   8.752721E-01
   5.621794E+00   6.901206E+02   8.306007E+02   8.748538E-01
   5.641254E+00   6.895528E+02   8.195936E+02   8.744177E-01
   5.660782E+00   6.906905E+02   8.078381E+02   8.740329E-01
   5.680377E+00   6.900467E+02   7.971185E+02   8.736233E-01
   5.700040E+00   6.897766E+02   7.856215E+02   8.732473E-01
   5.719772E+00   6.898059E+02   7.746497E+02   8.728885E-01
   5.739571E+00   6.891787E+02   7.631599E+02   8.725451E-01
   5.759439E+00   6.891103E+02   7.519539E+02   8.722262E-01
   5.779376E+00   6.879784E+02   7.407291E+02   8.719094E-01
   5.799382E+00   6.871910E+02   7.284729E+02   8.716280E-01
   5.819457E+00   6.868535E+02   7.163254E+02   8.713681E-01
   5.839601E+00   6.865857E+02   7.030369E+02   8.711370E-01
   5.859815E+00   6.868290E+02   6.899348E+02   8.709231E-01
   5.880100E+00   6.891085E+02   6.749803E+02   8.707724E-01
   5.900454E+00   6.902455E+02   6.646662E+02   8.705538E-01
   5.920879E+00   6.926079E+02   6.503718E+02   8.704062E-01
   5.941375E+00   6.964861E+02   6.376338E+02   8.702640E-01
   5.961941E+00   7.015176E+02   6.272260E+02   8.701102E-01
   5.982579E+00   7.049823E+02   6.179276E+02   8.699161E-01
   6.003288E+00   7.074941E+02   6.092062E+02   8.696960E-01
   6.024069E+00   7.088210E+02   6.008367E+02   8.694477E-01
   6.044922E+00   7.090690E+02   5.915503E+02   8.691861E-01
   6.065847E+00   7.104063E+02   5.822236E+02   8.689322E-01
   6.086844E+00   7.120133E+02   5.723238E+02   8.686787E-01
   6.107914E+00   7.136524E+02   5.637173E+02   8.683999E-01
   6.129058E+00   7.154238E+02   5.550811E+02   8.681118E-01
   6.150274E+00   7.160840E+02   5.476053E+02   8.677822E-01
   6.171563E+00   7.158781E+02   5.397026E+02   8.674324E-01
   6.192927E+00   7.153326E+02   5.321118E+02   8.670617E-01
   6.214364E+00   7.140039E+02   5.237458E+02   8.666755E-01
   6.235876E+00   7.119993E+02   5.145531E+02   8.662757E-01
   6.257462E+00   7.104718E+02   5.050877E+02   8.658731E-01
   6.279122E+00   7.083249E+02   4.952483E+02   8.654529E-01
   6.300858E+00   7.065125E+02   4.849073E+02   8.650307E-01
   6.322669E+00   7.051211E+02   4.733703E+02   8.646152E-01
   6.344555E+00   7.044759E+02   4.619429E+02   8.641976E-01
   6.366518E+00   7.046307E+02   4.505889E+02   8.637796E-01
   6.388556E+00   7.063183E+02   4.402710E+02   8.633622E-01
   6.410670E+00   7.075918E+02   4.297715E+02   8.629316E-01
   6.432862E+00   7.093159E+02   4.196551E+02   8.624954E-01
   6.455129E+00   7.115454E+02   4.102163E+02   8.620530E-01
   6.477474E+00   7.139548E+02   4.011582E+02   8.616044E-01
   6.499897E+00   7.160892E+02   3.915913E+02   8.611536E-01
   6.522397E+00   7.192902E+02   3.830824E+02   8.607050E-01
   6.544974E+00   7.212799E+02   3.747116E+02   8.602400E-01
   6.567630E+00   7.245056E+02   3.666299E+02   8.597894E-01
   6.590365E+00   7.263987E+02   3.588025E+02   8.593237E-01
   6.613178E+00   7.284240E+02   3.511456E+02   8.588627E-01
   6.636070E+00   7.292270E+02   3.432337E+02   8.583954E-01
   6.659041E+00   7.305178E+02   3.348597E+02   8.579435E-01
   6.682092E+00   7.321548E+02   3.271072E+02   8.574978E-01
   6.705223E+00   7.346181E+02   3.192828E+02   8.570690E-01
   6.728433E+00   7.369336E+02   3.124777E+02   8.566388E-01
   6.751724E+00   7.384485E+02   3.054569E+02   8.562089E-01
   6.775096E+00   7.413840E+02   2.982315E+02   8.558019E-01
   6.798549E+00   7.442881E+02   2.912393E+02   8.553991E-01
   6.822082E+00   7.468456E+02   2.846813E+02   8.549954E-01
   6.845698E+00   7.493264E+02   2.783232E+02   8.545943E-01
   6.869395E+00   7.511012E+02   2.719154E+02   8.541903E-01
   6.893173E+00   7.531977E+02   2.656227E+02   8.537911E-01
   6.917035E+00   7.556459E+02   2.595884E+02   8.533950E-01
   6.940979E+00   7.587066E+02   2.541301E+02   8.530014E-01
   6.965005E+00   7.609893E+02   2.487148E+02   8.525992E-01
   6.989115E+00   7.627093E+02   2.431512E+02   8.521904E-01
   7.013309E+00   7.640868E+02   2.370806E+02   8.517774E-01
   7.037586E+00   7.655067E+02   2.305722E+02   8.513618E-01
   7.061947E+00   7.682283E+02   2.252464E+02   8.509452E-01
   7.086393E+00   7.702751E+02   2.205716E+02   8.505141E-01
   7.110923E+00   7.725628E+02   2.155519E+02   8.500781E-01
   7.135538E+00   7.758655E+02   2.110685E+02   8.496378E-01
   7.160238E+00   7.793339E+02   2.064162E+02   8.491883E-01
   7.185024E+00   7.826515E+02   2.021245E+02   8.487255E-01
   7.209895E+00   7.852952E+02   1.980755E+02   8.482478E-01
   7.234853E+00   7.891538E+02   1.948231E+02   8.477614E-01
   7.259897E+00   7.933146E+02   1.921304E+02   8.472624E-01
   7.285028E+00   7.978620E+02   1.896395E+02   8.467498E-01
   7.310246E+00   8.029551E+02   1.876704E+02   8.462223E-01
   7.335551E+00   8.076212E+02   1.860006E+02   8.456797E-01
   7.360943E+00   8.133731E+02   1.852629E+02   8.451214E-01
   7.386424E+00   8.190948E+02   1.849669E+02   8.445478E-01
   7.411992E+00   8.249497E+02   1.850774E+02   8.439576E-01
   7.437650E+00   8.306902E+02   1.854790E+02   8.433508E-01
   7.463396E+00   8.367594E+02   1.864856E+02   8.427274E-01
   7.489231E+00   8.419805E+02   1.875661E+02   8.420977E-01
   7.515155E+00   8.472797E+02   1.889518E+02   8.414458E-01
   7.541170E+00   8.535634E+02   1.913189E+02   8.407711E-01
   7.567274E+00   8.599911E+02   1.942503E+02   8.400715E-01
   7.593469E+00   8.666190E+02   1.978322E+02   8.393536E-01
   7.619754E+00   8.732347E+02   2.019645E+02   8.386146E-01
   7.646131E+00   8.805186E+02   2.070661E+02   8.378426E-01
   7.672598E+00   8.884034E+02   2.132755E+02   8.370237E-01
   7.699158E+00   8.975633E+02   2.209013E+02   8.361553E-01
   7.725809E+00   9.061556E+02   2.290400E+02   8.352542E-01
   7.752553E+00   9.163957E+02   2.391115E+02   8.342694E-01
   7.779389E+00   9.276349E+02   2.505439E+02   8.332198E-01
   7.806318E+00   9.405465E+02   2.640090E+02   8.320639E-01
   7.833340E+00   9.541021E+02   2.790641E+02   8.308053E-01
   7.860456E+00   9.697783E+02   2.962736E+02   8.294136E-01
   7.887665E+00   9.872260E+02   3.153136E+02   8.278869E-01
   7.914969E+00   1.005866E+03   3.354836E+02   8.262485E-01
   7.942367E+00   1.025578E+03   3.567132E+02   8.244889E-01
   7.969861E+00   1.044340E+03   3.773454E+02   8.227015E-01
   7.997449E+00   1.062584E+03   3.975762E+02   8.208781E-01
   8.025133E+00   1.078996E+03   4.170799E+02   8.190389E-01
   8.052912E+00   1.093468E+03   4.370249E+02   8.170974E-01
   8.080788E+00   1.108294E+03   4.590514E+02   8.149275E-01
   8.108761E+00   1.123613E+03   4.837119E+02   8.124634E-01
   8.136830E+00   1.141025E+03   5.129505E+02   8.095118E-01
   8.164996E+00   1.160705E+03   5.454835E+02   8.061338E-01
   8.193260E+00   1.183525E+03   5.822247E+02   8.022035E-01
   8.221621E+00   1.208732E+03   6.212085E+02   7.978770E-01
   8.250081E+00   1.236175E+03   6.609422E+02   7.933312E-01
   8.278640E+00   1.265431E+03   7.002557E+02   7.887757E-01
   8.307297E+00   1.297753E+03   7.334974E+02   7.850718E-01
   8.336053E+00   1.327826E+03   7.446936E+02   7.842687E-01
   8.364909E+00   1.332504E+03   7.134496E+02   7.877332E-01
   8.393865E+00   1.308212E+03   6.849761E+02   7.892594E-01
   8.422921E+00   1.296269E+03   7.133326E+02   7.845906E-01
   8.452078E+00   1.304779E+03   7.744758E+02   7.766295E-01
   8.481335E+00   1.323104E+03   8.394022E+02   7.683300E-01
   8.510694E+00   1.343938E+03   8.974916E+02   7.609945E-01
   8.540155E+00   1.365090E+03   9.452692E+02   7.551949E-01
   8.569717E+00   1.385533E+03   9.843909E+02   7.507439E-01
   8.599382E+00   1.404817E+03   1.015967E+03   7.474537E-01
   8.629149E+00   1.422317E+03   1.044312E+03   7.446695E-01
   8.659020E+00   1.439148E+03   1.069365E+03   7.424594E-01
   8.688994E+00   1.454969E+03   1.093063E+03   7.405170E-01
   8.719071E+00   1.469949E+03   1.115069E+03   7.388759E-01
   8.749253E+00   1.484080E+03   1.135283E+03   7.375239E-01
   8.779539E+00   1.497073E+03   1.154528E+03   7.362966E-01
   8.809931E+00   1.508540E+03   1.175964E+03   7.347264E-01
   8.840427E+00   1.519407E+03   1.198131E+03   7.331197E-01
   8.871029E+00   1.529329E+03   1.222952E+03   7.311844E-01
   8.901737E+00   1.539144E+03   1.252806E+03   7.288124E-01
   8.932551E+00   1.549004E+03   1.287449E+03   7.261090E-01
   8.963471E+00   1.559399E+03   1.327718E+03   7.231601E-01
   8.994499E+00   1.570451E+03   1.376355E+03   7.198391E-01
   9.025634E+00   1.583166E+03   1.430607E+03   7.169124E-01
   9.056877E+00   1.596538E+03   1.486906E+03   7.148314E-01
   9.088229E+00   1.609524E+03   1.539914E+03   7.142395E-01
   9.119688E+00   1.620769E+03   1.587500E+03   7.154909E-01
   9.151257E+00   1.628818E+03   1.620930E+03   7.191019E-01
   9.182935E+00   1.632688E+03   1.642336E+03   7.245112E-01
   9.214722E+00   1.632054E+03   1.651991E+03   7.310084E-01
   9.246620E+00   1.627615E+03   1.652654E+03   7.371593E-01
   9.278628E+00   1.620613E+03   1.651661E+03   7.421649E-01
   9.310746E+00   1.611360E+03   1.653887E+03   7.462537E-01
   9.342976E+00   1.600113E+03   1.658106E+03   7.497673E-01
   9.375318E+00   1.587103E+03   1.661632E+03   7.529588E-01
   9.407771E+00   1.573295E+03   1.664709E+03   7.556395E-01
   9.440337E+00   1.558851E+03   1.666863E+03   7.579374E-01
   9.473015E+00   1.543727E+03   1.668659E+03   7.599154E-01
   9.505807E+00   1.529298E+03   1.669962E+03   7.614237E-01
   9.538712E+00   1.513928E+03   1.673318E+03   7.626842E-01
   9.571731E+00   1.497815E+03   1.679556E+03   7.636571E-01
   9.604865E+00   1.481386E+03   1.685571E+03   7.644467E-01
   9.638113E+00   1.463189E+03   1.694269E+03   7.650974E-01
   9.671476E+00   1.443968E+03   1.705331E+03   7.655440E-01
   9.704954E+00   1.423193E+03   1.715897E+03   7.659329E-01
   9.738549E+00   1.400668E+03   1.728241E+03   7.661821E-01
   9.772260E+00   1.377056E+03   1.739540E+03   7.663441E-01
   9.806087E+00   1.352500E+03   1.749931E+03   7.664097E-01
   9.840032E+00   1.326664E+03   1.759705E+03   7.663851E-01
   9.874094E+00   1.300414E+03   1.768426E+03   7.662555E-01
   9.908274E+00   1.273272E+03   1.776292E+03   7.660347E-01
   9.942572E+00   1.244796E+03   1.783644E+03   7.657174E-01
   9.976989E+00   1.216226E+03   1.788148E+03   7.653506E-01
   1.001153E+01   1.186936E+03   1.791890E+03   7.648802E-01
   1.004618E+01   1.157868E+03   1.791750E+03   7.643932E-01
   1.008096E+01   1.129539E+03   1.789803E+03   7.638355E-01
   1.011585E+01   1.101379E+03   1.788035E+03   7.631586E-01
   1.015087E+01   1.070799E+03   1.786460E+03   7.623388E-01
   1.018601E+01   1.040063E+03   1.782300E+03   7.614614E-01
   1.022127E+01   1.011976E+03   1.772124E+03   7.606668E-01
   1.025665E+01   9.830646E+02   1.763108E+03   7.597086E-01
   1.029215E+01   9.562002E+02   1.749774E+03   7.587910E-01
   1.032778E+01   9.285733E+02   1.736729E+03   7.577290E-01
   1.036353E+01   9.023878E+02   1.721132E+03   7.566498E-01
   1.039941E+01   8.769541E+02   1.702124E+03   7.555558E-01
   1.043540E+01   8.536072E+02   1.682846E+03   7.544177E-01
   1.047153E+01   8.312577E+02   1.662475E+03   7.532279E-01
   1.050777E+01   8.059390E+02   1.645673E+03   7.517275E-01
   1.054415E+01   7.826554E+02   1.623735E+03   7.503082E-01
   1.058065E+01   7.573102E+02   1.604178E+03   7.486338E-01
   1.061727E+01   7.354839E+02   1.577878E+03   7.471585E-01
   1.065403E+01   7.124934E+02   1.554503E+03   7.454709E-01
   1.069091E+01   6.907943E+02   1.529216E+03   7.438019E-01
   1.072791E+01   6.686998E+02   1.501544E+03   7.420867E-01
   1.076505E+01   6.504556E+02   1.473242E+03   7.405308E-01
   1.080231E+01   6.303871E+02   1.445268E+03   7.388217E-01
   1.083971E+01   6.129902E+02   1.416972E+03   7.372341E-01
   1.087723E+01   5.939462E+02   1.387182E+03   7.355615E-01
   1.091488E+01   5.782671E+02   1.358927E+03   7.340396E-01
   1.095266E+01   5.622574E+02   1.328365E+03   7.325515E-01
   1.099058E+01   5.460604E+02   1.301384E+03   7.309803E-01
   1.102862E+01   5.315852E+02   1.269788E+03   7.296417E-01
   1.106680E+01   5.170345E+02   1.241108E+03   7.282581E-01
   1.110511E+01   5.044971E+02   1.211174E+03   7.270629E-01
   1.114355E+01   4.901495E+02   1.180619E+03   7.258227E-01
   1.118212E+01   4.810471E+02   1.148978E+03   7.249704E-01
   1.122083E+01   4.697946E+02   1.117230E+03   7.240493E-01
   1.125967E+01   4.614302E+02   1.086853E+03   7.233059E-01
   1.129865E+01   4.518059E+02   1.054318E+03   7.226082E-01
   1.133776E+01   4.452391E+02   1.022421E+03   7.221105E-01
   1.137701E+01   4.405060E+02   9.890384E+02   7.218033E-01
   1.141639E+01   4.336505E+02   9.586012E+02   7.213201E-01
   1.145591E+01   4.292752E+02   9.262959E+02   7.210615E-01
   1.149556E+01   4.237394E+02   8.940642E+02   7.207619E-01
   1.153536E+01   4.223700E+02   8.605206E+02   7.207392E-01
   1.157529E+01   4.199682E+02   8.280799E+02   7.206321E-01
   1.161536E+01   4.194984E+02   7.956931E+02   7.206225E-01
   1.165556E+01   4.162428E+02   7.645099E+02   7.204264E-01
   1.169591E+01   4.170018E+02   7.315597E+02   7.204833E-01
   1.173640E+01   4.175721E+02   6.987778E+02   7.205116E-01
   1.177702E+01   4.179818E+02   6.672302E+02   7.204767E-01
   1.181779E+01   4.189368E+02   6.338067E+02   7.205147E-01
   1.185870E+01   4.205299E+02   6.014344E+02   7.205366E-01
   1.189975E+01   4.249570E+02   5.659571E+02   7.207881E-01
   1.194094E+01   4.297555E+02   5.320894E+02   7.210024E-01
   1.198227E+01   4.366635E+02   4.968341E+02   7.213710E-01
   1.202375E+01   4.459200E+02   4.597966E+02   7.219332E-01
   1.206537E+01   4.587731E+02   4.232742E+02   7.226946E-01
   1.210714E+01   4.742596E+02   3.857587E+02   7.236804E-01
   1.214905E+01   4.961361E+02   3.475565E+02   7.250920E-01
   1.219110E+01   5.238984E+02   3.093959E+02   7.269054E-01
   1.223330E+01   5.628894E+02   2.733749E+02   7.292898E-01
   1.227565E+01   6.144759E+02   2.407306E+02   7.322024E-01
   1.231814E+01   6.882302E+02   2.189204E+02   7.354486E-01
   1.236078E+01   7.873894E+02   2.173457E+02   7.380270E-01
   1.240357E+01   9.125736E+02   2.473912E+02   7.383419E-01
   1.244651E+01   1.039206E+03   3.091484E+02   7.354691E-01
   1.248959E+01   1.150466E+03   3.934883E+02   7.307252E-01
   1.253283E+01   1.228590E+03   4.858448E+02   7.262528E-01
   1.257621E+01   1.275062E+03   5.790137E+02   7.228650E-01
   1.261974E+01   1.288787E+03   6.699829E+02   7.204762E-01
   1.266343E+01   1.266364E+03   7.549838E+02   7.185548E-01
   1.270726E+01   1.208712E+03   8.236179E+02   7.164055E-01
   1.275125E+01   1.132109E+03   8.746916E+02   7.135445E-01
   1.279539E+01   1.043644E+03   9.093284E+02   7.100070E-01
   1.283968E+01   9.526395E+02   9.319999E+02   7.060153E-01
   1.288413E+01   8.565583E+02   9.434534E+02   7.016559E-01
   1.292873E+01   7.647788E+02   9.326098E+02   6.976933E-01
   1.297348E+01   6.903743E+02   9.046035E+02   6.945975E-01
   1.301839E+01   6.349867E+02   8.676566E+02   6.923157E-01
   1.306345E+01   5.928085E+02   8.314732E+02   6.904062E-01
   1.310867E+01   5.596060E+02   7.951646E+02   6.887815E-01
   1.315405E+01   5.356129E+02   7.630433E+02   6.873867E-01
   1.319959E+01   5.118665E+02   7.344874E+02   6.858352E-01
   1.324528E+01   4.927623E+02   7.081635E+02   6.844128E-01
   1.329113E+01   4.729597E+02   6.827377E+02   6.828945E-01
   1.333713E+01   4.572967E+02   6.581789E+02   6.815632E-01
   1.338330E+01   4.433206E+02   6.348854E+02   6.802894E-01
   1.342963E+01   4.287770E+02   6.142690E+02   6.789036E-01
   1.347612E+01   4.171205E+02   5.919730E+02   6.777691E-01
   1.352277E+01   4.059965E+02   5.714017E+02   6.766412E-01
   1.356958E+01   3.965038E+02   5.517227E+02   6.756236E-01
   1.361655E+01   3.887999E+02   5.327401E+02   6.747421E-01
   1.366368E+01   3.787483E+02   5.156762E+02   6.736883E-01
   1.371098E+01   3.705406E+02   4.967810E+02   6.728993E-01
   1.375844E+01   3.640532E+02   4.799961E+02   6.721912E-01
   1.380607E+01   3.571462E+02   4.622752E+02   6.715849E-01
   1.385386E+01   3.529140E+02   4.462253E+02   6.711408E-01
   1.390182E+01   3.454941E+02   4.306655E+02   6.705511E-01
   1.394994E+01   3.411133E+02   4.146775E+02   6.702704E-01
   1.399823E+01   3.357943E+02   3.993180E+02   6.699848E-01
   1.404668E+01   3.329777E+02   3.832760E+02   6.700038E-01
   1.409531E+01   3.296522E+02   3.690882E+02   6.699523E-01
   1.414410E+01   3.279127E+02   3.541886E+02   6.701524E-01
   1.419306E+01   3.264576E+02   3.415478E+02   6.702744E-01
   1.424219E+01   3.224845E+02   3.277952E+02   6.704372E-01
   1.429149E+01   3.218234E+02   3.149412E+02   6.708080E-01
   1.434096E+01   3.187476E+02   3.025129E+02   6.710887E-01
   1.439060E+01   3.171296E+02   2.899269E+02   6.715619E-01
   1.444042E+01   3.147157E+02   2.777870E+02   6.720353E-01
   1.449041E+01   3.143464E+02   2.652149E+02   6.727634E-01
   1.454057E+01   3.135708E+02   2.537717E+02   6.734269E-01
   1.459090E+01   3.111233E+02   2.424206E+02   6.740753E-01
   1.464141E+01   3.118113E+02   2.302305E+02   6.750841E-01
   1.469209E+01   3.126657E+02   2.197127E+02   6.759636E-01
   1.474295E+01   3.126094E+02   2.090452E+02   6.768925E-01
   1.479398E+01   3.117225E+02   1.990582E+02   6.777581E-01
   1.484519E+01   3.109017E+02   1.878579E+02   6.788823E-01
   1.489658E+01   3.134953E+02   1.775690E+02   6.801084E-01
   1.494814E+01   3.153476E+02   1.685278E+02   6.811661E-01
   1.499989E+01   3.125524E+02   1.583501E+02   6.822589E-01
   1.505181E+01   3.158123E+02   1.478633E+02   6.837509E-01
   1.510392E+01   3.196882E+02   1.384629E+02   6.851447E-01
   1.515620E+01   3.232871E+02   1.295698E+02   6.864892E-01
   1.520866E+01   3.264922E+02   1.207154E+02   6.878607E-01
   1.526131E+01   3.310451E+02   1.118294E+02   6.893452E-01
   1.531414E+01   3.366844E+02   1.032373E+02   6.908648E-01
   1.536715E+01   3.440416E+02   9.504412E+01   6.924165E-01
   1.542034E+01   3.539953E+02   8.724927E+01   6.940260E-01
   1.547372E+01   3.648088E+02   8.024609E+01   6.955302E-01
   1.552729E+01   3.791611E+02   7.346067E+01   6.971490E-01
   1.558103E+01   3.978597E+02   6.819096E+01   6.986056E-01
   1.563497E+01   4.187680E+02   6.377598E+01   6.999511E-01
   1.568909E+01   4.458729E+02   6.077956E+01   7.011849E-01
   1.574340E+01   4.812783E+02   6.016706E+01   7.021186E-01
   1.579790E+01   5.266765E+02   6.310473E+01   7.024730E-01
   1.585258E+01   5.853926E+02   7.095200E+01   7.019635E-01
   1.590746E+01   6.605564E+02   8.634080E+01   6.999709E-01
   1.596252E+01   7.526134E+02   1.128030E+02   6.957397E-01
   1.601778E+01   8.385265E+02   1.470210E+02   6.900120E-01
   1.607323E+01   8.974561E+02   1.836198E+02   6.843155E-01
   1.612886E+01   9.113317E+02   2.156742E+02   6.797592E-01
   1.618470E+01   8.646510E+02   2.341184E+02   6.766226E-01
   1.624072E+01   7.696151E+02   2.313478E+02   6.749285E-01
   1.629694E+01   6.681781E+02   2.133433E+02   6.745994E-01
   1.635335E+01   5.786838E+02   1.896705E+02   6.752618E-01
   1.640996E+01   5.091769E+02   1.631155E+02   6.770252E-01
   1.646677E+01   4.632460E+02   1.404102E+02   6.789959E-01
   1.652377E+01   4.291186E+02   1.211243E+02   6.808433E-01
   1.658097E+01   4.037532E+02   1.048530E+02   6.824824E-01
   1.663836E+01   3.857021E+02   9.026264E+01   6.840585E-01
   1.669596E+01   3.726254E+02   7.851382E+01   6.852648E-01
   1.675375E+01   3.647673E+02   6.808793E+01   6.863540E-01
   1.681175E+01   3.576237E+02   5.955919E+01   6.870850E-01
   1.686994E+01   3.539038E+02   5.167275E+01   6.877449E-01
   1.692834E+01   3.530801E+02   4.562216E+01   6.880967E-01
   1.698694E+01   3.504681E+02   4.003522E+01   6.882625E-01
   1.704574E+01   3.501369E+02   3.500791E+01   6.883209E-01
   1.710474E+01   3.522154E+02   3.111493E+01   6.881732E-01
   1.716395E+01   3.559829E+02   2.799069E+01   6.878609E-01
   1.722337E+01   3.642775E+02   2.627867E+01   6.873487E-01
   1.728299E+01   3.646925E+02   2.437959E+01   6.866263E-01
   1.734281E+01   3.673697E+02   2.279019E+01   6.857988E-01
   1.740285E+01   3.778257E+02   2.301813E+01   6.847916E-01
   1.746309E+01   3.814855E+02   2.298188E+01   6.836062E-01
   1.752354E+01   3.910722E+02   2.432564E+01   6.822206E-01
   1.758420E+01   4.020467E+02   2.639267E+01   6.807169E-01
   1.764507E+01   4.061543E+02   2.830131E+01   6.789957E-01
   1.770615E+01   4.184458E+02   3.224356E+01   6.770013E-01
   1.776744E+01   4.288879E+02   3.644994E+01   6.748847E-01
   1.782894E+01   4.442814E+02   4.303390E+01   6.723036E-01
   1.789066E+01   4.651371E+02   4.977876E+01   6.698051E-01
   1.795259E+01   4.729866E+02   5.706046E+01   6.668285E-01
   1.801473E+01   4.996133E+02   6.759201E+01   6.634562E-01
   1.807709E+01   5.129825E+02   7.752814E+01   6.599079E-01
   1.813967E+01   5.383756E+02   9.115520E+01   6.556192E-01
   1.820246E+01   5.613985E+02   1.073904E+02   6.505889E-01
   1.826547E+01   6.016215E+02   1.284070E+02   6.443029E-01
   1.832870E+01   6.435535E+02   1.497626E+02   6.374804E-01
   1.839214E+01   6.877891E+02   1.744201E+02   6.293025E-01
   1.845581E+01   7.409681E+02   2.013019E+02   6.196319E-01
   1.851969E+01   7.914333E+02   2.271350E+02   6.093619E-01
   1.858380E+01   8.373759E+02   2.523049E+02   5.984955E-01
   1.864813E+01   8.773301E+02   2.780546E+02   5.867751E-01
   1.871268E+01   9.157065E+02   3.086363E+02   5.724777E-01
   1.877746E+01   9.557788E+02   3.453498E+02   5.541539E-01
   1.884246E+01   9.909717E+02   3.817984E+02   5.331546E-01
   1.890768E+01   1.010126E+03   4.089146E+02   5.135626E-01
   1.897313E+01   1.011930E+03   4.252333E+02   4.978095E-01
   1.903881E+01   1.006938E+03   4.321763E+02   4.919376E-01
   1.910472E+01   1.009529E+03   4.432413E+02   4.939362E-01
   1.917085E+01   1.027439E+03   4.674960E+02   5.007350E-01
   1.923721E+01   1.082593E+03   5.009565E+02   5.135733E-01
   1.930380E+01   1.127066E+03   5.211674E+02   5.210416E-01
   1.937062E+01   1.171046E+03   5.638922E+02   5.263415E-01
   1.943768E+01   1.240575E+03   6.041018E+02   5.334563E-01
   1.950496E+01   1.300011E+03   6.332638E+02   5.381565E-01
   1.957248E+01   1.350340E+03   6.590114E+02   5.411780E-01
   1.964023E+01   1.396032E+03   6.822562E+02   5.433009E-01
   1.970822E+01   1.434180E+03   7.041651E+02   5.444491E-01
   1.977644E+01   1.471379E+03   7.311318E+02   5.449384E-01
   1.984490E+01   1.511092E+03   7.614582E+02   5.451031E-01
   1.991359E+01   1.547983E+03   7.862343E+02   5.450879E-01
   1.998252E+01   1.579353E+03   8.089704E+02   5.446417E-01
   2.005169E+01   1.609385E+03   8.349969E+02   5.437506E-01
   2.012110E+01   1.637511E+03   8.625730E+02   5.425071E-01
   2.019076E+01   1.667006E+03   9.004490E+02   5.405694E-01
   2.026065E+01   1.702102E+03   9.475114E+02   5.380958E-01
   2.033078E+01   1.735078E+03   9.864633E+02   5.357537E-01
   2.040116E+01   1.762251E+03   1.014611E+03   5.337220E-01
   2.047178E+01   1.780801E+03   1.026745E+03   5.324382E-01
   2.054264E+01   1.791820E+03   1.031228E+03   5.315133E-01
   2.061375E+01   1.800022E+03   1.037417E+03   5.304835E-01
   2.068511E+01   1.804402E+03   1.039555E+03   5.296731E-01
   2.075671E+01   1.808942E+03   1.049846E+03   5.283437E-01
   2.082856E+01   1.810869E+03   1.057524E+03   5.272252E-01
   2.090066E+01   1.811384E+03   1.066737E+03   5.260183E-01
   2.097301E+01   1.810469E+03   1.075971E+03   5.247879E-01
   2.104561E+01   1.809463E+03   1.092540E+03   5.231257E-01
   2.111846E+01   1.806192E+03   1.111144E+03   5.214506E-01
   2.119157E+01   1.798864E+03   1.130425E+03   5.199524E-01
   2.126492E+01   1.786109E+03   1.142259E+03   5.190639E-01
   2.133853E+01   1.769371E+03   1.149086E+03   5.184997E-01
   2.141240E+01   1.748975E+03   1.150243E+03   5.182303E-01
   2.148652E+01   1.726522E+03   1.148369E+03   5.180054E-01
   2.156090E+01   1.701739E+03   1.145028E+03   5.177499E-01
   2.163553E+01   1.674649E+03   1.138863E+03   5.175311E-01
   2.171043E+01   1.646191E+03   1.130622E+03   5.172884E-01
   2.178558E+01   1.615249E+03   1.120734E+03   5.170469E-01
   2.186099E+01   1.583549E+03   1.107388E+03   5.169244E-01
   2.193666E+01   1.549580E+03   1.090786E+03   5.170039E-01
   2.201260E+01   1.516912E+03   1.066661E+03   5.176600E-01
   2.208880E+01   1.490917E+03   1.039468E+03   5.186444E-01
   2.216526E+01   1.471364E+03   1.017491E+03   5.193107E-01
   2.224199E+01   1.455156E+03   1.001101E+03   5.195946E-01
   2.231898E+01   1.444039E+03   9.909438E+02   5.193498E-01
   2.239624E+01   1.434435E+03   9.957941E+02   5.177621E-01
   2.247377E+01   1.412635E+03   1.013103E+03   5.151852E-01
   2.255156E+01   1.376526E+03   1.024658E+03   5.133092E-01
   2.262962E+01   1.337288E+03   1.022814E+03   5.128731E-01
   2.270796E+01   1.301316E+03   1.016424E+03   5.130477E-01
   2.278656E+01   1.264504E+03   1.007732E+03   5.137303E-01
   2.286544E+01   1.229804E+03   9.950687E+02   5.150996E-01
   2.294459E+01   1.197163E+03   9.795351E+02   5.170427E-01
   2.302402E+01   1.168711E+03   9.662422E+02   5.188370E-01
   2.310372E+01   1.133207E+03   9.553426E+02   5.208215E-01
   2.318369E+01   1.100327E+03   9.342129E+02   5.242190E-01
   2.326394E+01   1.070655E+03   9.151758E+02   5.273954E-01
   2.334447E+01   1.037758E+03   8.918633E+02   5.313815E-01
   2.342528E+01   1.011439E+03   8.581627E+02   5.363518E-01
   2.350637E+01   1.004219E+03   8.299964E+02   5.396127E-01
   2.358774E+01   9.738151E+02   8.281634E+02   5.410166E-01
   2.366939E+01   9.307982E+02   7.824035E+02   5.479667E-01
   2.375133E+01   9.607810E+02   7.371469E+02   5.506723E-01
   2.383354E+01   9.546805E+02   7.657456E+02   5.476642E-01
   2.391604E+01   8.930993E+02   7.433100E+02   5.527862E-01
   2.399883E+01   9.000053E+02   7.083470E+02   5.553073E-01
   2.408191E+01   8.785317E+02   7.190012E+02   5.550300E-01
   2.416527E+01   8.261308E+02   6.960183E+02   5.592255E-01
   2.424892E+01   8.157357E+02   6.590939E+02   5.622182E-01
   2.433286E+01   8.015345E+02   6.455380E+02   5.633832E-01
   2.441709E+01   7.784945E+02   6.207013E+02   5.655648E-01
   2.450161E+01   7.708654E+02   6.036776E+02   5.663862E-01
   2.458642E+01   7.439237E+02   5.891685E+02   5.677177E-01
   2.467153E+01   7.199030E+02   5.672933E+02   5.690987E-01
   2.475693E+01   6.905197E+02   5.383012E+02   5.706418E-01
   2.484263E+01   6.917201E+02   5.051205E+02   5.708747E-01
   2.492863E+01   6.964206E+02   4.884363E+02   5.702919E-01
   2.501492E+01   6.880028E+02   4.696088E+02   5.699955E-01
   2.510151E+01   6.864832E+02   4.493770E+02   5.692691E-01
   2.518840E+01   6.897007E+02   4.299219E+02   5.681593E-01
   2.527559E+01   6.983881E+02   4.122359E+02   5.666657E-01
   2.536309E+01   7.128027E+02   3.967535E+02   5.648110E-01
   2.545088E+01   7.338785E+02   3.848573E+02   5.626239E-01
   2.553898E+01   7.597525E+02   3.773157E+02   5.602296E-01
   2.562739E+01   7.900003E+02   3.746781E+02   5.576939E-01
   2.571610E+01   8.225328E+02   3.779575E+02   5.551691E-01
   2.580512E+01   8.538837E+02   3.875868E+02   5.528546E-01
   2.589444E+01   8.781335E+02   4.023049E+02   5.510235E-01
   2.598408E+01   8.927286E+02   4.201104E+02   5.497640E-01
   2.607403E+01   8.941056E+02   4.391556E+02   5.492397E-01
   2.616428E+01   8.818333E+02   4.558868E+02   5.493828E-01
   2.625485E+01   8.588522E+02   4.687958E+02   5.499812E-01
   2.634574E+01   8.280120E+02   4.770243E+02   5.508244E-01
   2.643694E+01   7.929420E+02   4.808544E+02   5.516774E-01
   2.652845E+01   7.553821E+02   4.806682E+02   5.524095E-01
   2.662028E+01   7.177055E+02   4.768438E+02   5.528751E-01
   2.671243E+01   6.818040E+02   4.703300E+02   5.529949E-01
   2.680489E+01   6.484439E+02   4.622438E+02   5.527704E-01
   2.689768E+01   6.173538E+02   4.532845E+02   5.522423E-01
   2.699079E+01   5.879891E+02   4.436940E+02   5.514431E-01
   2.708422E+01   5.602346E+02   4.334013E+02   5.503757E-01
   2.717798E+01   5.350457E+02   4.226545E+02   5.490427E-01
   2.727205E+01   5.121839E+02   4.120034E+02   5.475004E-01
   2.736646E+01   4.908384E+02   4.015559E+02   5.457859E-01
   2.746119E+01   4.710161E+02   3.912376E+02   5.439082E-01
   2.755625E+01   4.524230E+02   3.811723E+02   5.418936E-01
   2.765164E+01   4.346664E+02   3.712840E+02   5.397484E-01
   2.774736E+01   4.178167E+02   3.614031E+02   5.374625E-01
   2.784341E+01   4.023684E+02   3.515585E+02   5.350461E-01
   2.793979E+01   3.884424E+02   3.419770E+02   5.325365E-01
   2.803650E+01   3.756869E+02   3.328256E+02   5.299678E-01
   2.813355E+01   3.631983E+02   3.240716E+02   5.273433E-01
   2.823094E+01   3.509225E+02   3.153096E+02   5.246124E-01
   2.832867E+01   3.398111E+02   3.065274E+02   5.217846E-01
   2.842673E+01   3.301089E+02   2.979871E+02   5.189098E-01
   2.852513E+01   3.212759E+02   2.898430E+02   5.160177E-01
   2.862387E+01   3.128084E+02   2.819800E+02   5.130922E-01
   2.872295E+01   3.047795E+02   2.742607E+02   5.101166E-01
   2.882238E+01   2.974516E+02   2.666551E+02   5.070941E-01
   2.892215E+01   2.910657E+02   2.592320E+02   5.040473E-01
   2.902227E+01   2.854105E+02   2.521271E+02   5.010063E-01
   2.912273E+01   2.798720E+02   2.452747E+02   4.979536E-01
   2.922354E+01   2.746102E+02   2.384806E+02   4.948560E-01
   2.932470E+01   2.699418E+02   2.317810E+02   4.917300E-01
   2.942621E+01   2.658297E+02   2.251293E+02   4.885673E-01
   2.952807E+01   2.626640E+02   2.185415E+02   4.853821E-01
   2.963029E+01   2.603682E+02   2.121058E+02   4.821968E-01
   2.973286E+01   2.589455E+02   2.057544E+02   4.789982E-01
   2.983578E+01   2.588312E+02   1.994882E+02   4.757982E-01
   2.993906E+01   2.603729E+02   1.934252E+02   4.726366E-01
   3.004269E+01   2.636672E+02   1.877024E+02   4.695546E-01
   3.014669E+01   2.685337E+02   1.824565E+02   4.665893E-01
   3.025104E+01   2.748098E+02   1.777468E+02   4.637588E-01
   3.035576E+01   2.824857E+02   1.737102E+02   4.611065E-01
   3.046084E+01   2.909648E+02   1.705751E+02   4.586941E-01
   3.056628E+01   2.988799E+02   1.684401E+02   4.565388E-01
   3.067209E+01   3.041517E+02   1.671978E+02   4.545926E-01
   3.077826E+01   3.045151E+02   1.662365E+02   4.526555E-01
   3.088481E+01   3.005630E+02   1.646893E+02   4.504792E-01
   3.099172E+01   2.948768E+02   1.624279E+02   4.480536E-01
   3.109900E+01   2.883758E+02   1.595468E+02   4.454123E-01
   3.120665E+01   2.819107E+02   1.560597E+02   4.425646E-01
   3.131467E+01   2.764438E+02   1.521175E+02   4.395671E-01
   3.142307E+01   2.723629E+02   1.479248E+02   4.364881E-01
   3.153184E+01   2.696386E+02   1.436402E+02   4.333769E-01
   3.164099E+01   2.677272E+02   1.392967E+02   4.302340E-01
   3.175052E+01   2.664717E+02   1.347893E+02   4.270191E-01
   3.186043E+01   2.663630E+02   1.300534E+02   4.237142E-01
   3.197072E+01   2.679954E+02   1.251394E+02   4.203404E-01
   3.208139E+01   2.715971E+02   1.201085E+02   4.169154E-01
   3.219244E+01   2.775159E+02   1.149357E+02   4.134245E-01
   3.230388E+01   2.867774E+02   1.096509E+02   4.098755E-01
   3.241570E+01   3.005642E+02   1.044329E+02   4.063223E-01
   3.252791E+01   3.199891E+02   9.947240E+01   4.028054E-01
   3.264051E+01   3.470478E+02   9.511913E+01   3.994036E-01
   3.275349E+01   3.841777E+02   9.216784E+01   3.963251E-01
   3.286687E+01   4.325273E+02   9.168285E+01   3.938316E-01
   3.298064E+01   4.919849E+02   9.495946E+01   3.922525E-01
   3.309481E+01   5.588043E+02   1.034079E+02   3.920699E-01
   3.320937E+01   6.231894E+02   1.174361E+02   3.937174E-01
   3.332433E+01   6.716269E+02   1.356253E+02   3.973254E-01
   3.343968E+01   6.914439E+02   1.548558E+02   4.024847E-01
   3.355544E+01   6.763182E+02   1.711736E+02   4.080321E-01
   3.367159E+01   6.305232E+02   1.814174E+02   4.123349E-01
   3.378815E+01   5.682273E+02   1.847672E+02   4.141851E-01
   3.390511E+01   5.057060E+02   1.826774E+02   4.134853E-01
   3.402247E+01   4.525963E+02   1.775167E+02   4.110203E-01
   3.414024E+01   4.110112E+02   1.712750E+02   4.077003E-01
   3.425842E+01   3.789147E+02   1.648815E+02   4.040550E-01
   3.437701E+01   3.543014E+02   1.586047E+02   4.003004E-01
   3.449601E+01   3.363154E+02   1.526052E+02   3.965651E-01
   3.461542E+01   3.244224E+02   1.471203E+02   3.929832E-01
   3.473525E+01   3.175664E+02   1.423958E+02   3.896751E-01
   3.485549E+01   3.142868E+02   1.385189E+02   3.866882E-01
   3.497614E+01   3.133277E+02   1.354957E+02   3.840321E-01
   3.509721E+01   3.132916E+02   1.333385E+02   3.817154E-01
   3.521871E+01   3.123711E+02   1.319039E+02   3.796818E-01
   3.534062E+01   3.091654E+02   1.308384E+02   3.777894E-01
   3.546295E+01   3.035320E+02   1.297463E+02   3.758780E-01
   3.558571E+01   2.964158E+02   1.284233E+02   3.738655E-01
   3.570889E+01   2.886487E+02   1.268948E+02   3.717628E-01
   3.583250E+01   2.804862E+02   1.251673E+02   3.695715E-01
   3.595654E+01   2.726306E+02   1.231694E+02   3.672646E-01
   3.608101E+01   2.661553E+02   1.210299E+02   3.649041E-01
   3.620590E+01   2.611343E+02   1.190160E+02   3.626051E-01
   3.633123E+01   2.567862E+02   1.172146E+02   3.604005E-01
   3.645700E+01   2.524237E+02   1.155780E+02   3.582659E-01
   3.658320E+01   2.476866E+02   1.140230E+02   3.561631E-01
   3.670983E+01   2.426385E+02   1.124568E+02   3.540524E-01
   3.683691E+01   2.375887E+02   1.108731E+02   3.519338E-01
   3.696442E+01   2.325826E+02   1.093200E+02   3.498291E-01
   3.709238E+01   2.273768E+02   1.077899E+02   3.477325E-01
   3.722077E+01   2.218923E+02   1.062161E+02   3.456128E-01
   3.734962E+01   2.163869E+02   1.045665E+02   3.434580E-01
   3.747890E+01   2.111772E+02   1.028612E+02   3.412803E-01
   3.760864E+01   2.064299E+02   1.011464E+02   3.391029E-01
   3.773883E+01   2.020779E+02   9.947101E+01   3.369479E-01
   3.786946E+01   1.978327E+02   9.781265E+01   3.348015E-01
   3.800055E+01   1.937333E+02   9.613810E+01   3.326490E-01
   3.813209E+01   1.900844E+02   9.446535E+01   3.305027E-01
   3.826409E+01   1.868677E+02   9.281052E+01   3.283703E-01
   3.839654E+01   1.843132E+02   9.120111E+01   3.262684E-01
   3.852946E+01   1.824129E+02   8.969984E+01   3.242278E-01
   3.866283E+01   1.804388E+02   8.834115E+01   3.222563E-01
   3.879667E+01   1.781484E+02   8.705733E+01   3.203188E-01
   3.893096E+01   1.757509E+02   8.580783E+01   3.183987E-01
   3.906573E+01   1.728701E+02   8.463565E+01   3.165126E-01
   3.920096E+01   1.691503E+02   8.342900E+01   3.146001E-01
   3.933665E+01   1.652595E+02   8.202435E+01   3.125869E-01
   3.947282E+01   1.623696E+02   8.054495E+01   3.105500E-01
   3.960946E+01   1.606258E+02   7.919554E+01   3.085959E-01
   3.974657E+01   1.590163E+02   7.798819E+01   3.067179E-01
   3.988416E+01   1.568766E+02   7.684914E+01   3.048699E-01
   4.002222E+01   1.541241E+02   7.571072E+01   3.030160E-01
   4.016076E+01   1.510243E+02   7.451960E+01   3.011314E-01
   4.029978E+01   1.481424E+02   7.324649E+01   2.992077E-01
   4.043928E+01   1.458821E+02   7.193718E+01   2.972741E-01
   4.057926E+01   1.442018E+02   7.067510E+01   2.953745E-01
   4.071973E+01   1.428511E+02   6.947976E+01   2.935163E-01
   4.086069E+01   1.416192E+02   6.834554E+01   2.916942E-01
   4.100213E+01   1.403492E+02   6.726062E+01   2.899001E-01
   4.114406E+01   1.387820E+02   6.617860E+01   2.881053E-01
   4.128648E+01   1.373311E+02   6.507551E+01   2.863017E-01
   4.142940E+01   1.365120E+02   6.396774E+01   2.845049E-01
   4.157281E+01   1.361642E+02   6.293453E+01   2.827573E-01
   4.171672E+01   1.358684E+02   6.200797E+01   2.810728E-01
   4.186113E+01   1.352782E+02   6.114321E+01   2.794223E-01
   4.200603E+01   1.342981E+02   6.029298E+01   2.777780E-01
   4.215144E+01   1.330104E+02   5.942917E+01   2.761248E-01
   4.229735E+01   1.317752E+02   5.855347E+01   2.744678E-01
   4.244377E+01   1.307565E+02   5.768331E+01   2.728189E-01
   4.259069E+01   1.297146E+02   5.684919E+01   2.711935E-01
   4.273812E+01   1.285772E+02   5.602230E+01   2.695737E-01
   4.288606E+01   1.274562E+02   5.518382E+01   2.679496E-01
   4.303451E+01   1.266019E+02   5.436904E+01   2.663450E-01
   4.318348E+01   1.258873E+02   5.359235E+01   2.647677E-01
   4.333297E+01   1.250204E+02   5.285809E+01   2.632174E-01
   4.348297E+01   1.237639E+02   5.215190E+01   2.616833E-01
   4.363349E+01   1.221532E+02   5.141783E+01   2.601311E-01
   4.378453E+01   1.204565E+02   5.062041E+01   2.585406E-01
   4.393609E+01   1.192715E+02   4.981810E+01   2.569544E-01
   4.408818E+01   1.186157E+02   4.904196E+01   2.553921E-01
   4.424079E+01   1.180277E+02   4.831527E+01   2.538642E-01
   4.439394E+01   1.173671E+02   4.762782E+01   2.523633E-01
   4.454761E+01   1.165439E+02   4.696198E+01   2.508775E-01
   4.470182E+01   1.155045E+02   4.629267E+01   2.493900E-01
   4.485655E+01   1.144222E+02   4.561786E+01   2.479010E-01
   4.501183E+01   1.134792E+02   4.494052E+01   2.464140E-01
   4.516764E+01   1.126078E+02   4.427796E+01   2.449398E-01
   4.532399E+01   1.117370E+02   4.363028E+01   2.434780E-01
   4.548089E+01   1.107876E+02   4.297684E+01   2.420140E-01
   4.563832E+01   1.101276E+02   4.232942E+01   2.405587E-01
   4.579630E+01   1.096123E+02   4.170403E+01   2.391219E-01
   4.595483E+01   1.091140E+02   4.111241E+01   2.377111E-01
   4.611391E+01   1.085217E+02   4.054507E+01   2.363190E-01
   4.627353E+01   1.076831E+02   3.998402E+01   2.349320E-01
   4.643371E+01   1.066170E+02   3.942107E+01   2.335445E-01
   4.659445E+01   1.055128E+02   3.883915E+01   2.321457E-01
   4.675574E+01   1.045163E+02   3.823515E+01   2.307339E-01
   4.691759E+01   1.038378E+02   3.763922E+01   2.293323E-01
   4.708000E+01   1.035422E+02   3.706313E+01   2.279499E-01
   4.724297E+01   1.033107E+02   3.652131E+01   2.265951E-01
   4.740650E+01   1.030386E+02   3.601308E+01   2.252672E-01
   4.757060E+01   1.026226E+02   3.552466E+01   2.239556E-01
   4.773527E+01   1.017788E+02   3.503916E+01   2.226460E-01
   4.790051E+01   1.006994E+02   3.454014E+01   2.213272E-01
   4.806633E+01   9.964355E+01   3.399391E+01   2.199748E-01
   4.823271E+01   9.890803E+01   3.342780E+01   2.186108E-01
   4.839967E+01   9.928039E+01   3.288385E+01   2.172718E-01
   4.856721E+01   1.000545E+02   3.240309E+01   2.159859E-01
   4.873533E+01   1.007230E+02   3.203762E+01   2.147922E-01
   4.890403E+01   1.005168E+02   3.169543E+01   2.136156E-01
   4.907332E+01   9.875233E+01   3.133054E+01   2.124167E-01
   4.924319E+01   9.697044E+01   3.086114E+01   2.111367E-01
   4.941365E+01   9.559403E+01   3.031481E+01   2.097981E-01
   4.958470E+01   9.561918E+01   2.980128E+01   2.084942E-01
   4.975634E+01   9.623102E+01   2.933356E+01   2.072318E-01
   4.992858E+01   9.683133E+01   2.894618E+01   2.060375E-01
   5.010141E+01   9.716432E+01   2.859323E+01   2.048732E-01
   5.027484E+01   9.678301E+01   2.824660E+01   2.037143E-01
   5.044887E+01   9.630123E+01   2.789032E+01   2.025496E-01
   5.062350E+01   9.577098E+01   2.752663E+01   2.013812E-01
   5.079874E+01   9.530377E+01   2.717271E+01   2.002240E-01
   5.097458E+01   9.447605E+01   2.682763E+01   1.990760E-01
   5.115104E+01   9.345342E+01   2.646612E+01   1.979157E-01
   5.132810E+01   9.226273E+01   2.606938E+01   1.967262E-01
   5.150578E+01   9.168502E+01   2.565841E+01   1.955279E-01
   5.168407E+01   9.153155E+01   2.525101E+01   1.943356E-01
   5.186298E+01   9.176323E+01   2.489103E+01   1.931886E-01
   5.204250E+01   9.194358E+01   2.456113E+01   1.920706E-01
   5.222265E+01   9.185568E+01   2.425853E+01   1.909793E-01
   5.240343E+01   9.154703E+01   2.395855E+01   1.898925E-01
   5.258482E+01   9.098795E+01   2.365737E+01   1.888067E-01
   5.276685E+01   9.019641E+01   2.335682E+01   1.877236E-01
   5.294951E+01   8.925957E+01   2.304188E+01   1.866293E-01
   5.313280E+01   8.818501E+01   2.270607E+01   1.855173E-01
   5.331672E+01   8.748048E+01   2.235023E+01   1.843887E-01
   5.350128E+01   8.710246E+01   2.199208E+01   1.832599E-01
   5.368648E+01   8.732494E+01   2.166884E+01   1.821673E-01
   5.387232E+01   8.750665E+01   2.137631E+01   1.811064E-01
   5.405880E+01   8.751319E+01   2.111522E+01   1.800783E-01
   5.424593E+01   8.699526E+01   2.084454E+01   1.790426E-01
   5.443371E+01   8.642376E+01   2.056658E+01   1.780020E-01
   5.462214E+01   8.587807E+01   2.027980E+01   1.769548E-01
   5.481122E+01   8.550884E+01   2.000053E+01   1.759173E-01
   5.500095E+01   8.508365E+01   1.972943E+01   1.748902E-01
   5.519134E+01   8.461672E+01   1.946231E+01   1.738693E-01
   5.538239E+01   8.405204E+01   1.919571E+01   1.728509E-01
   5.557410E+01   8.337120E+01   1.892990E+01   1.718355E-01
   5.576647E+01   8.261702E+01   1.865285E+01   1.708101E-01
   5.595951E+01   8.190871E+01   1.836645E+01   1.697766E-01
   5.615322E+01   8.153589E+01   1.806365E+01   1.687270E-01
   5.634760E+01   8.151995E+01   1.777612E+01   1.676950E-01
   5.654265E+01   8.210334E+01   1.750762E+01   1.666847E-01
   5.673838E+01   8.268397E+01   1.727773E+01   1.657180E-01
   5.693479E+01   8.314608E+01   1.707116E+01   1.647790E-01
   5.713187E+01   8.297121E+01   1.688383E+01   1.638642E-01
   5.732964E+01   8.252305E+01   1.668495E+01   1.629395E-01
   5.752809E+01   8.172123E+01   1.647003E+01   1.619994E-01
   5.772723E+01   8.104930E+01   1.624032E+01   1.610446E-01
   5.792705E+01   8.048092E+01   1.601130E+01   1.600922E-01
   5.812757E+01   8.002025E+01   1.578291E+01   1.591422E-01
   5.832879E+01   7.959661E+01   1.555586E+01   1.581955E-01
   5.853070E+01   7.923390E+01   1.533141E+01   1.572534E-01
   5.873331E+01   7.904927E+01   1.510928E+01   1.563153E-01
   5.893662E+01   7.893342E+01   1.490251E+01   1.553971E-01
   5.914063E+01   7.864991E+01   1.470166E+01   1.544880E-01
   5.934535E+01   7.821607E+01   1.450751E+01   1.535891E-01
   5.955078E+01   7.756228E+01   1.430250E+01   1.526794E-01
   5.975692E+01   7.694634E+01   1.409086E+01   1.517632E-01
   5.996377E+01   7.636702E+01   1.387263E+01   1.508402E-01
   6.017134E+01   7.603782E+01   1.365542E+01   1.499192E-01
   6.037963E+01   7.583360E+01   1.343777E+01   1.489987E-01
   6.058864E+01   7.581368E+01   1.323016E+01   1.480915E-01
   6.079837E+01   7.590867E+01   1.302875E+01   1.471932E-01
   6.100883E+01   7.604305E+01   1.283928E+01   1.463114E-01
   6.122002E+01   7.603479E+01   1.265430E+01   1.454373E-01
   6.143194E+01   7.599274E+01   1.247165E+01   1.445677E-01
   6.164459E+01   7.588281E+01   1.228755E+01   1.436979E-01
   6.185797E+01   7.583940E+01   1.210203E+01   1.428274E-01
   6.207210E+01   7.584092E+01   1.191945E+01   1.419619E-01
   6.228697E+01   7.590054E+01   1.173853E+01   1.410998E-01
   6.250258E+01   7.597264E+01   1.155949E+01   1.402413E-01
   6.271894E+01   7.608091E+01   1.138137E+01   1.393852E-01
   6.293605E+01   7.627206E+01   1.120099E+01   1.385267E-01
   6.315390E+01   7.660077E+01   1.102539E+01   1.376753E-01
   6.337252E+01   7.710013E+01   1.085064E+01   1.368254E-01
   6.359189E+01   7.770048E+01   1.068394E+01   1.359873E-01
   6.381201E+01   7.848437E+01   1.052267E+01   1.351570E-01
   6.403290E+01   7.929968E+01   1.036946E+01   1.343392E-01
   6.425456E+01   8.021256E+01   1.022363E+01   1.335327E-01
   6.447698E+01   8.109752E+01   1.008479E+01   1.327378E-01
   6.470017E+01   8.192900E+01   9.947950E+00   1.319473E-01
   6.492414E+01   8.285850E+01   9.810801E+00   1.311571E-01
   6.514888E+01   8.389729E+01   9.679951E+00   1.303767E-01
   6.537440E+01   8.519010E+01   9.552681E+00   1.296013E-01
   6.560070E+01   8.660513E+01   9.441767E+00   1.288511E-01
   6.582778E+01   8.791059E+01   9.340094E+00   1.281173E-01
   6.605565E+01   8.917649E+01   9.245064E+00   1.273957E-01
   6.628430E+01   9.023315E+01   9.152293E+00   1.266811E-01
   6.651375E+01   9.128894E+01   9.058160E+00   1.259662E-01
   6.674400E+01   9.243852E+01   8.967335E+00   1.252575E-01
   6.697504E+01   9.366198E+01   8.877296E+00   1.245511E-01
   6.720688E+01   9.509217E+01   8.797400E+00   1.238609E-01
   6.743952E+01   9.658511E+01   8.724193E+00   1.231827E-01
   6.767297E+01   9.817460E+01   8.663184E+00   1.225253E-01
   6.790722E+01   9.974052E+01   8.612410E+00   1.218870E-01
   6.814229E+01   1.012833E+02   8.572342E+00   1.212689E-01
   6.837817E+01   1.026315E+02   8.543537E+00   1.206740E-01
   6.861486E+01   1.038591E+02   8.520605E+00   1.200931E-01
   6.885238E+01   1.047477E+02   8.506511E+00   1.195337E-01
   6.909072E+01   1.054975E+02   8.494274E+00   1.189823E-01
   6.932988E+01   1.058333E+02   8.487384E+00   1.184480E-01
   6.956987E+01   1.060592E+02   8.482423E+00   1.179216E-01
   6.981069E+01   1.056642E+02   8.479164E+00   1.174090E-01
   7.005235E+01   1.051636E+02   8.475247E+00   1.168998E-01
   7.029484E+01   1.037429E+02   8.464980E+00   1.163938E-01
   7.053817E+01   1.022173E+02   8.441956E+00   1.158701E-01
   7.078235E+01   1.000749E+02   8.405792E+00   1.153332E-01
   7.102737E+01   9.789831E+01   8.351727E+00   1.147678E-01
   7.127323E+01   9.575948E+01   8.288329E+00   1.141877E-01
   7.151995E+01   9.364389E+01   8.217819E+00   1.135967E-01
   7.176752E+01   9.162372E+01   8.143281E+00   1.129992E-01
   7.201595E+01   8.961847E+01   8.067460E+00   1.124010E-01
   7.226524E+01   8.747973E+01   7.987267E+00   1.117976E-01
   7.251539E+01   8.535180E+01   7.901577E+00   1.111856E-01
   7.276641E+01   8.321360E+01   7.811269E+00   1.105666E-01
   7.301830E+01   8.109833E+01   7.715723E+00   1.099388E-01
   7.327106E+01   7.911294E+01   7.616944E+00   1.093050E-01
   7.352469E+01   7.715771E+01   7.515552E+00   1.086669E-01
   7.377920E+01   7.536178E+01   7.412002E+00   1.080244E-01
   7.403460E+01   7.360092E+01   7.307001E+00   1.073796E-01
   7.429087E+01   7.207403E+01   7.200720E+00   1.067314E-01
   7.454804E+01   7.060571E+01   7.096423E+00   1.060872E-01
   7.480609E+01   6.932727E+01   6.992281E+00   1.054427E-01
   7.506504E+01   6.811715E+01   6.892109E+00   1.048061E-01
   7.532488E+01   6.696185E+01   6.793181E+00   1.041723E-01
   7.558563E+01   6.583906E+01   6.695924E+00   1.035424E-01
   7.584727E+01   6.478669E+01   6.598859E+00   1.029132E-01
   7.610982E+01   6.379058E+01   6.503871E+00   1.022885E-01
   7.637328E+01   6.289478E+01   6.408802E+00   1.016639E-01
   7.663766E+01   6.212129E+01   6.318524E+00   1.010490E-01
   7.690295E+01   6.135372E+01   6.231434E+00   1.004414E-01
   7.716915E+01   6.059121E+01   6.146937E+00   9.984003E-02
   7.743628E+01   5.980702E+01   6.065930E+00   9.924701E-02
   7.770433E+01   5.887657E+01   5.984431E+00   9.865487E-02
   7.797331E+01   5.795233E+01   5.902367E+00   9.806248E-02
   7.824322E+01   5.699150E+01   5.819608E+00   9.746974E-02
   7.851407E+01   5.603675E+01   5.734920E+00   9.687370E-02
   7.878585E+01   5.524932E+01   5.649484E+00   9.627588E-02
   7.905857E+01   5.450768E+01   5.565769E+00   9.568224E-02
   7.933224E+01   5.395384E+01   5.481785E+00   9.508772E-02
   7.960686E+01   5.352309E+01   5.403684E+00   9.450615E-02
   7.988242E+01   5.310521E+01   5.328930E+00   9.393278E-02
   8.015894E+01   5.270586E+01   5.257684E+00   9.336806E-02
   8.043642E+01   5.227015E+01   5.190997E+00   9.281480E-02
   8.071486E+01   5.163167E+01   5.124206E+00   9.226349E-02
   8.099426E+01   5.099507E+01   5.057480E+00   9.171338E-02
   8.127463E+01   5.026144E+01   4.990824E+00   9.116497E-02
   8.155596E+01   4.952059E+01   4.922998E+00   9.061487E-02
   8.183828E+01   4.881186E+01   4.854862E+00   9.006480E-02
   8.212157E+01   4.812444E+01   4.787418E+00   8.951713E-02
   8.240584E+01   4.743641E+01   4.720525E+00   8.897162E-02
   8.269109E+01   4.674147E+01   4.653663E+00   8.842706E-02
   8.297733E+01   4.605259E+01   4.586802E+00   8.788328E-02
   8.326457E+01   4.536336E+01   4.519633E+00   8.733952E-02
   8.355279E+01   4.468058E+01   4.451354E+00   8.679373E-02
   8.384202E+01   4.415390E+01   4.382032E+00   8.624530E-02
   8.413225E+01   4.369245E+01   4.314443E+00   8.570145E-02
   8.442348E+01   4.336053E+01   4.245474E+00   8.515415E-02
   8.471572E+01   4.324554E+01   4.180961E+00   8.461762E-02
   8.500897E+01   4.314580E+01   4.118179E+00   8.408607E-02
   8.530323E+01   4.327402E+01   4.058961E+00   8.356326E-02
   8.559852E+01   4.341291E+01   4.004760E+00   8.305413E-02
   8.589482E+01   4.350600E+01   3.954344E+00   8.255600E-02
   8.619215E+01   4.357086E+01   3.906682E+00   8.206628E-02
   8.649052E+01   4.354128E+01   3.864041E+00   8.159141E-02
   8.678991E+01   4.318988E+01   3.819835E+00   8.111526E-02
   8.709034E+01   4.284139E+01   3.775014E+00   8.063866E-02
   8.739181E+01   4.234695E+01   3.730042E+00   8.016353E-02
   8.769432E+01   4.182028E+01   3.682810E+00   7.968354E-02
   8.799789E+01   4.135758E+01   3.633900E+00   7.919967E-02
   8.830250E+01   4.100398E+01   3.586325E+00   7.871988E-02
   8.860816E+01   4.065400E+01   3.539534E+00   7.824320E-02
   8.891489E+01   4.035022E+01   3.493512E+00   7.776941E-02
   8.922267E+01   4.005474E+01   3.448618E+00   7.729971E-02
   8.953153E+01   3.976092E+01   3.404526E+00   7.683325E-02
   8.984145E+01   3.946856E+01   3.361063E+00   7.636957E-02
   9.015244E+01   3.917844E+01   3.317848E+00   7.590757E-02
   9.046451E+01   3.898575E+01   3.275586E+00   7.544884E-02
   9.077766E+01   3.880381E+01   3.235189E+00   7.499649E-02
   9.109190E+01   3.860655E+01   3.196350E+00   7.454981E-02
   9.140722E+01   3.838398E+01   3.158438E+00   7.410708E-02
   9.172363E+01   3.816256E+01   3.122148E+00   7.367025E-02
   9.204114E+01   3.776442E+01   3.086583E+00   7.323755E-02
   9.235975E+01   3.733330E+01   3.049646E+00   7.280197E-02
   9.267946E+01   3.690718E+01   3.012239E+00   7.236598E-02
   9.300028E+01   3.648795E+01   2.974426E+00   7.192971E-02
   9.332221E+01   3.607271E+01   2.935586E+00   7.149120E-02
   9.364525E+01   3.587954E+01   2.895754E+00   7.104951E-02
   9.396941E+01   3.579857E+01   2.858744E+00   7.061699E-02
   9.429469E+01   3.575201E+01   2.821694E+00   7.018512E-02
   9.462110E+01   3.603701E+01   2.787581E+00   6.976198E-02
   9.494864E+01   3.633498E+01   2.757760E+00   6.935350E-02
   9.527731E+01   3.665501E+01   2.730779E+00   6.895520E-02
   9.560712E+01   3.701020E+01   2.707533E+00   6.857009E-02
   9.593807E+01   3.735895E+01   2.688913E+00   6.820145E-02
   9.627017E+01   3.735965E+01   2.674089E+00   6.784850E-02
   9.660342E+01   3.723444E+01   2.658687E+00   6.749595E-02
   9.693782E+01   3.707114E+01   2.646424E+00   6.715561E-02
   9.727338E+01   3.652365E+01   2.634470E+00   6.681989E-02
   9.761010E+01   3.596172E+01   2.621942E+00   6.648401E-02
   9.794798E+01   3.540874E+01   2.611030E+00   6.615517E-02
   9.828704E+01   3.486859E+01   2.603483E+00   6.583930E-02
   9.862727E+01   3.433180E+01   2.601025E+00   6.554240E-02
   9.896867E+01   3.392262E+01   2.607673E+00   6.527772E-02
   9.931126E+01   3.360094E+01   2.634855E+00   6.508441E-02
   9.965504E+01   3.326392E+01   2.716127E+00   6.507617E-02
   1.000000E+02   3.315769E+01   3.103877E+00   6.607856E-02
