#============================================================================
# Opacities computed by OpTool        <a^n>=  1.0000E+0  1.0000E+0  1.0000E+0
# Method:   DHS  fmax=  0.990
# Parameters:
#   amin [um]=      1.000 amax [um]=      1.000  na  =    1     apow=   3.5    
#   lmin [um]=      0.100 lmax [um]=    100.000  nlam= 2000     nang=   180
#   porosity =      0.000 p_mantle =      0.000  fmax= 0.99     chop=   0.0
# Composition:
#  Where   mfrac  rho   Material
#  -----   -----  ----  -----------------------------------------------------
#  core    1.000  2.21  /Users/jvarga/Dokumentumok/MATISSE/pro/optool_misc_lnk//nk_annealed_sil.dat
#  - - -   - - -  -  -  - - - - - - - - - - - - - - - - - - - - - - - - - - -
#  grain   1.000  2.21  mixture of  1 materials
#----------------------------------------------------------------------------
# Command: /Users/jvarga/bin/optool -dhs 0.99 -l 0.1 100 2000 -a 1.000000 \
#   /Users/jvarga/Dokumentumok/MATISSE/pro/optool_misc_lnk//nk_annealed_sil.dat \
#   -o /Users/jvarga/Dokumentumok/MATISSE/pro/opacities/
#============================================================================
# Standard output file, no scattering matrix
#    iformat
#    nlambda
#    lambda[um]  kabs [cm^2/g]  ksca [cm^2/g]    g_asymmetry
#============================================================================
           3
        2000
   1.000000E-01   6.062743E+03   1.107808E+04   9.726623E-01
   1.003462E-01   6.058568E+03   1.108023E+04   9.741344E-01
   1.006935E-01   6.053868E+03   1.108193E+04   9.733467E-01
   1.010421E-01   6.050079E+03   1.108466E+04   9.731914E-01
   1.013918E-01   6.045542E+03   1.108530E+04   9.728647E-01
   1.017428E-01   6.041488E+03   1.108821E+04   9.727967E-01
   1.020950E-01   6.036751E+03   1.109081E+04   9.735289E-01
   1.024484E-01   6.032475E+03   1.109098E+04   9.734135E-01
   1.028031E-01   6.028664E+03   1.109503E+04   9.732959E-01
   1.031589E-01   6.023671E+03   1.109602E+04   9.725411E-01
   1.035160E-01   6.019775E+03   1.109690E+04   9.722070E-01
   1.038743E-01   6.015487E+03   1.109990E+04   9.734877E-01
   1.042339E-01   6.011189E+03   1.110173E+04   9.730185E-01
   1.045947E-01   6.007075E+03   1.110436E+04   9.733016E-01
   1.049568E-01   6.002665E+03   1.110529E+04   9.723186E-01
   1.053201E-01   5.998309E+03   1.110754E+04   9.720307E-01
   1.056847E-01   5.993895E+03   1.110953E+04   9.728106E-01
   1.060505E-01   5.989870E+03   1.111045E+04   9.730502E-01
   1.064176E-01   5.986039E+03   1.111322E+04   9.729844E-01
   1.067860E-01   5.981294E+03   1.111576E+04   9.729708E-01
   1.071556E-01   5.976483E+03   1.111519E+04   9.715845E-01
   1.075266E-01   5.973560E+03   1.111844E+04   9.725959E-01
   1.078988E-01   5.968324E+03   1.112100E+04   9.722688E-01
   1.082723E-01   5.963990E+03   1.112023E+04   9.723888E-01
   1.086471E-01   5.960510E+03   1.112420E+04   9.729620E-01
   1.090232E-01   5.955376E+03   1.112391E+04   9.727217E-01
   1.094006E-01   5.951593E+03   1.112652E+04   9.719853E-01
   1.097793E-01   5.947181E+03   1.112817E+04   9.724784E-01
   1.101593E-01   5.942627E+03   1.112825E+04   9.718432E-01
   1.105406E-01   5.938809E+03   1.113137E+04   9.718893E-01
   1.109232E-01   5.934093E+03   1.113200E+04   9.724240E-01
   1.113072E-01   5.929757E+03   1.113215E+04   9.718217E-01
   1.116925E-01   5.925949E+03   1.113537E+04   9.722092E-01
   1.120791E-01   5.920941E+03   1.113601E+04   9.723850E-01
   1.124671E-01   5.916721E+03   1.113610E+04   9.718460E-01
   1.128564E-01   5.912868E+03   1.113900E+04   9.719315E-01
   1.132471E-01   5.907983E+03   1.113908E+04   9.722083E-01
   1.136391E-01   5.903961E+03   1.114018E+04   9.716421E-01
   1.140325E-01   5.899571E+03   1.114191E+04   9.715530E-01
   1.144272E-01   5.895084E+03   1.114191E+04   9.722321E-01
   1.148233E-01   5.890821E+03   1.114393E+04   9.716352E-01
   1.152208E-01   5.886453E+03   1.114526E+04   9.713531E-01
   1.156196E-01   5.881899E+03   1.114561E+04   9.719918E-01
   1.160198E-01   5.878009E+03   1.114643E+04   9.712976E-01
   1.164215E-01   5.873599E+03   1.114750E+04   9.713411E-01
   1.168245E-01   5.868945E+03   1.114972E+04   9.715589E-01
   1.172289E-01   5.864483E+03   1.114855E+04   9.713547E-01
   1.176347E-01   5.861088E+03   1.115164E+04   9.713228E-01
   1.180419E-01   5.855524E+03   1.115099E+04   9.711988E-01
   1.184505E-01   5.852013E+03   1.115303E+04   9.716262E-01
   1.188605E-01   5.847343E+03   1.115371E+04   9.711692E-01
   1.192719E-01   5.843441E+03   1.115539E+04   9.709729E-01
   1.196848E-01   5.838354E+03   1.115481E+04   9.715145E-01
   1.200991E-01   5.834641E+03   1.115701E+04   9.713106E-01
   1.205148E-01   5.830309E+03   1.115717E+04   9.707365E-01
   1.209320E-01   5.825931E+03   1.115957E+04   9.712665E-01
   1.213506E-01   5.821134E+03   1.115935E+04   9.712539E-01
   1.217707E-01   5.817247E+03   1.116102E+04   9.708809E-01
   1.221922E-01   5.812753E+03   1.116211E+04   9.707829E-01
   1.226152E-01   5.808452E+03   1.116219E+04   9.709963E-01
   1.230396E-01   5.804230E+03   1.116461E+04   9.710986E-01
   1.234655E-01   5.799505E+03   1.116466E+04   9.708186E-01
   1.238929E-01   5.795703E+03   1.116648E+04   9.705244E-01
   1.243218E-01   5.790624E+03   1.116672E+04   9.707118E-01
   1.247521E-01   5.786988E+03   1.116869E+04   9.711646E-01
   1.251840E-01   5.782058E+03   1.116898E+04   9.705046E-01
   1.256173E-01   5.777814E+03   1.117005E+04   9.702657E-01
   1.260522E-01   5.773309E+03   1.117151E+04   9.706241E-01
   1.264885E-01   5.769479E+03   1.117299E+04   9.709908E-01
   1.269263E-01   5.764218E+03   1.117352E+04   9.702089E-01
   1.273657E-01   5.760476E+03   1.117411E+04   9.701609E-01
   1.278066E-01   5.755969E+03   1.117571E+04   9.704339E-01
   1.282490E-01   5.751696E+03   1.117678E+04   9.706671E-01
   1.286930E-01   5.746289E+03   1.117776E+04   9.701443E-01
   1.291384E-01   5.742975E+03   1.117818E+04   9.701626E-01
   1.295855E-01   5.738258E+03   1.118041E+04   9.700200E-01
   1.300340E-01   5.734163E+03   1.118047E+04   9.702355E-01
   1.304842E-01   5.729081E+03   1.118102E+04   9.702859E-01
   1.309358E-01   5.725163E+03   1.118423E+04   9.701056E-01
   1.313891E-01   5.720157E+03   1.118321E+04   9.699028E-01
   1.318439E-01   5.716436E+03   1.118495E+04   9.696430E-01
   1.323003E-01   5.711912E+03   1.118430E+04   9.699800E-01
   1.327583E-01   5.707789E+03   1.118735E+04   9.702126E-01
   1.332178E-01   5.702756E+03   1.118809E+04   9.700325E-01
   1.336790E-01   5.698474E+03   1.118810E+04   9.696511E-01
   1.341417E-01   5.694129E+03   1.119020E+04   9.693839E-01
   1.346060E-01   5.689640E+03   1.118935E+04   9.696069E-01
   1.350720E-01   5.685416E+03   1.119234E+04   9.697831E-01
   1.355395E-01   5.681757E+03   1.119113E+04   9.701670E-01
   1.360087E-01   5.676024E+03   1.119357E+04   9.695258E-01
   1.364795E-01   5.672436E+03   1.119399E+04   9.693674E-01
   1.369520E-01   5.667536E+03   1.119455E+04   9.692911E-01
   1.374260E-01   5.663555E+03   1.119561E+04   9.693738E-01
   1.379018E-01   5.658689E+03   1.119625E+04   9.694849E-01
   1.383791E-01   5.654345E+03   1.119768E+04   9.694618E-01
   1.388581E-01   5.650545E+03   1.119762E+04   9.696547E-01
   1.393388E-01   5.645645E+03   1.119913E+04   9.692678E-01
   1.398211E-01   5.641389E+03   1.119934E+04   9.692703E-01
   1.403051E-01   5.636411E+03   1.119927E+04   9.688740E-01
   1.407908E-01   5.632567E+03   1.120243E+04   9.690161E-01
   1.412782E-01   5.628171E+03   1.119982E+04   9.692523E-01
   1.417672E-01   5.622912E+03   1.120305E+04   9.689808E-01
   1.422579E-01   5.619692E+03   1.120254E+04   9.692484E-01
   1.427504E-01   5.614167E+03   1.120330E+04   9.689385E-01
   1.432445E-01   5.610537E+03   1.120408E+04   9.689482E-01
   1.437404E-01   5.605200E+03   1.120385E+04   9.687906E-01
   1.442379E-01   5.601819E+03   1.120453E+04   9.689693E-01
   1.447372E-01   5.596672E+03   1.120515E+04   9.690440E-01
   1.452383E-01   5.592716E+03   1.120637E+04   9.688708E-01
   1.457410E-01   5.587322E+03   1.120559E+04   9.686875E-01
   1.462455E-01   5.583991E+03   1.120732E+04   9.685847E-01
   1.467518E-01   5.578923E+03   1.120546E+04   9.684133E-01
   1.472597E-01   5.575166E+03   1.120798E+04   9.684756E-01
   1.477695E-01   5.570060E+03   1.120616E+04   9.683466E-01
   1.482810E-01   5.565682E+03   1.120871E+04   9.682447E-01
   1.487943E-01   5.561449E+03   1.120803E+04   9.683608E-01
   1.493094E-01   5.556969E+03   1.120839E+04   9.683505E-01
   1.498262E-01   5.552710E+03   1.120746E+04   9.684021E-01
   1.503448E-01   5.548165E+03   1.120853E+04   9.682910E-01
   1.508653E-01   5.544336E+03   1.120837E+04   9.683343E-01
   1.513875E-01   5.538848E+03   1.120793E+04   9.682184E-01
   1.519116E-01   5.535065E+03   1.121122E+04   9.680029E-01
   1.524374E-01   5.530523E+03   1.120696E+04   9.683485E-01
   1.529651E-01   5.525822E+03   1.120989E+04   9.679420E-01
   1.534946E-01   5.522371E+03   1.120904E+04   9.681143E-01
   1.540259E-01   5.517231E+03   1.120772E+04   9.680485E-01
   1.545591E-01   5.512877E+03   1.120994E+04   9.677989E-01
   1.550941E-01   5.508935E+03   1.120941E+04   9.680037E-01
   1.556310E-01   5.504123E+03   1.120853E+04   9.678825E-01
   1.561697E-01   5.499804E+03   1.120964E+04   9.677257E-01
   1.567103E-01   5.495235E+03   1.120854E+04   9.677934E-01
   1.572528E-01   5.490719E+03   1.120842E+04   9.676467E-01
   1.577971E-01   5.486802E+03   1.120864E+04   9.676412E-01
   1.583433E-01   5.482425E+03   1.120903E+04   9.676829E-01
   1.588915E-01   5.478350E+03   1.120849E+04   9.676357E-01
   1.594415E-01   5.473021E+03   1.120679E+04   9.674965E-01
   1.599934E-01   5.468875E+03   1.120905E+04   9.673626E-01
   1.605472E-01   5.465085E+03   1.120768E+04   9.674698E-01
   1.611030E-01   5.460529E+03   1.120768E+04   9.674059E-01
   1.616606E-01   5.456127E+03   1.120789E+04   9.673510E-01
   1.622202E-01   5.451686E+03   1.120706E+04   9.672809E-01
   1.627818E-01   5.447066E+03   1.120509E+04   9.672575E-01
   1.633453E-01   5.442893E+03   1.120728E+04   9.670402E-01
   1.639107E-01   5.439406E+03   1.120702E+04   9.672622E-01
   1.644781E-01   5.434327E+03   1.120537E+04   9.672189E-01
   1.650474E-01   5.429792E+03   1.120595E+04   9.670085E-01
   1.656188E-01   5.425883E+03   1.120494E+04   9.669615E-01
   1.661921E-01   5.421045E+03   1.120402E+04   9.669236E-01
   1.667674E-01   5.417421E+03   1.120564E+04   9.669055E-01
   1.673446E-01   5.413160E+03   1.120275E+04   9.669947E-01
   1.679239E-01   5.407894E+03   1.120333E+04   9.667157E-01
   1.685052E-01   5.404663E+03   1.120506E+04   9.667380E-01
   1.690885E-01   5.400583E+03   1.120169E+04   9.669664E-01
   1.696738E-01   5.395249E+03   1.120205E+04   9.666159E-01
   1.702611E-01   5.391576E+03   1.120378E+04   9.666145E-01
   1.708505E-01   5.387463E+03   1.120076E+04   9.667171E-01
   1.714419E-01   5.382480E+03   1.119958E+04   9.663930E-01
   1.720354E-01   5.378713E+03   1.120169E+04   9.663578E-01
   1.726309E-01   5.375094E+03   1.120077E+04   9.665867E-01
   1.732285E-01   5.370157E+03   1.119907E+04   9.665363E-01
   1.738281E-01   5.365980E+03   1.119935E+04   9.663880E-01
   1.744299E-01   5.361781E+03   1.119893E+04   9.662637E-01
   1.750337E-01   5.357589E+03   1.119847E+04   9.662053E-01
   1.756395E-01   5.353433E+03   1.119626E+04   9.663247E-01
   1.762475E-01   5.348803E+03   1.119697E+04   9.660508E-01
   1.768576E-01   5.345345E+03   1.119874E+04   9.660021E-01
   1.774698E-01   5.341283E+03   1.119648E+04   9.663172E-01
   1.780842E-01   5.336628E+03   1.119554E+04   9.661511E-01
   1.787006E-01   5.332288E+03   1.119426E+04   9.658784E-01
   1.793192E-01   5.327915E+03   1.119412E+04   9.657930E-01
   1.799399E-01   5.324605E+03   1.119402E+04   9.659395E-01
   1.805628E-01   5.320422E+03   1.119287E+04   9.658450E-01
   1.811878E-01   5.315883E+03   1.119361E+04   9.657577E-01
   1.818150E-01   5.312025E+03   1.119381E+04   9.658687E-01
   1.824444E-01   5.307600E+03   1.119060E+04   9.657624E-01
   1.830760E-01   5.302460E+03   1.118943E+04   9.654171E-01
   1.837097E-01   5.299274E+03   1.119151E+04   9.653803E-01
   1.843456E-01   5.296364E+03   1.119012E+04   9.656791E-01
   1.849837E-01   5.291833E+03   1.118773E+04   9.657090E-01
   1.856241E-01   5.286959E+03   1.118772E+04   9.654739E-01
   1.862666E-01   5.282993E+03   1.118893E+04   9.652869E-01
   1.869114E-01   5.279484E+03   1.118723E+04   9.653274E-01
   1.875584E-01   5.274930E+03   1.118428E+04   9.653950E-01
   1.882077E-01   5.270520E+03   1.118559E+04   9.651643E-01
   1.888592E-01   5.267351E+03   1.118640E+04   9.650681E-01
   1.895129E-01   5.263182E+03   1.118215E+04   9.652369E-01
   1.901689E-01   5.258231E+03   1.118156E+04   9.650425E-01
   1.908272E-01   5.255372E+03   1.118296E+04   9.649692E-01
   1.914878E-01   5.251798E+03   1.117972E+04   9.651493E-01
   1.921506E-01   5.246772E+03   1.117934E+04   9.649634E-01
   1.928158E-01   5.243027E+03   1.118094E+04   9.648395E-01
   1.934832E-01   5.239189E+03   1.117819E+04   9.648714E-01
   1.941530E-01   5.234091E+03   1.117516E+04   9.646775E-01
   1.948251E-01   5.230359E+03   1.117632E+04   9.645234E-01
   1.954995E-01   5.228047E+03   1.117509E+04   9.647438E-01
   1.961762E-01   5.223746E+03   1.117117E+04   9.647890E-01
   1.968553E-01   5.218857E+03   1.117239E+04   9.644208E-01
   1.975367E-01   5.215820E+03   1.117339E+04   9.644697E-01
   1.982205E-01   5.212093E+03   1.116920E+04   9.646975E-01
   1.989067E-01   5.207038E+03   1.116571E+04   9.644314E-01
   1.995952E-01   5.202699E+03   1.116601E+04   9.641045E-01
   2.002861E-01   5.199709E+03   1.116729E+04   9.641066E-01
   2.009794E-01   5.196837E+03   1.116468E+04   9.643258E-01
   2.016751E-01   5.192131E+03   1.115999E+04   9.643050E-01
   2.023732E-01   5.187152E+03   1.116007E+04   9.639539E-01
   2.030738E-01   5.184008E+03   1.116136E+04   9.638487E-01
   2.037767E-01   5.180864E+03   1.115791E+04   9.640293E-01
   2.044821E-01   5.176360E+03   1.115381E+04   9.640293E-01
   2.051899E-01   5.172312E+03   1.115339E+04   9.638522E-01
   2.059002E-01   5.169079E+03   1.115290E+04   9.637521E-01
   2.066130E-01   5.165323E+03   1.114999E+04   9.637613E-01
   2.073282E-01   5.161086E+03   1.114670E+04   9.637416E-01
   2.080459E-01   5.156956E+03   1.114472E+04   9.635380E-01
   2.087660E-01   5.153329E+03   1.114407E+04   9.633177E-01
   2.094887E-01   5.150088E+03   1.114246E+04   9.634106E-01
   2.102139E-01   5.146348E+03   1.113933E+04   9.635850E-01
   2.109415E-01   5.142019E+03   1.113686E+04   9.634734E-01
   2.116717E-01   5.137963E+03   1.113517E+04   9.632140E-01
   2.124044E-01   5.134313E+03   1.113247E+04   9.630814E-01
   2.131397E-01   5.130468E+03   1.112878E+04   9.630795E-01
   2.138775E-01   5.126564E+03   1.112679E+04   9.629324E-01
   2.146178E-01   5.123356E+03   1.112529E+04   9.628532E-01
   2.153608E-01   5.119994E+03   1.112179E+04   9.630507E-01
   2.161063E-01   5.115887E+03   1.111878E+04   9.630804E-01
   2.168543E-01   5.111850E+03   1.111717E+04   9.627925E-01
   2.176050E-01   5.108023E+03   1.111436E+04   9.625919E-01
   2.183582E-01   5.103994E+03   1.111032E+04   9.625726E-01
   2.191141E-01   5.100135E+03   1.110663E+04   9.625278E-01
   2.198726E-01   5.096603E+03   1.110338E+04   9.624242E-01
   2.206337E-01   5.093228E+03   1.110066E+04   9.623175E-01
   2.213974E-01   5.089818E+03   1.109793E+04   9.622642E-01
   2.221638E-01   5.085995E+03   1.109543E+04   9.622121E-01
   2.229329E-01   5.082221E+03   1.109311E+04   9.622109E-01
   2.237046E-01   5.078524E+03   1.108884E+04   9.623073E-01
   2.244789E-01   5.074161E+03   1.108379E+04   9.621792E-01
   2.252560E-01   5.069909E+03   1.108082E+04   9.617677E-01
   2.260357E-01   5.066564E+03   1.107807E+04   9.615627E-01
   2.268182E-01   5.063174E+03   1.107380E+04   9.616464E-01
   2.276033E-01   5.059278E+03   1.106998E+04   9.616596E-01
   2.283912E-01   5.055673E+03   1.106700E+04   9.615605E-01
   2.291818E-01   5.052202E+03   1.106264E+04   9.615176E-01
   2.299751E-01   5.048154E+03   1.105786E+04   9.614265E-01
   2.307712E-01   5.044249E+03   1.105487E+04   9.612616E-01
   2.315700E-01   5.041171E+03   1.105194E+04   9.611872E-01
   2.323716E-01   5.037867E+03   1.104691E+04   9.612026E-01
   2.331760E-01   5.033549E+03   1.104191E+04   9.611271E-01
   2.339832E-01   5.029262E+03   1.103908E+04   9.609516E-01
   2.347931E-01   5.025727E+03   1.103614E+04   9.608418E-01
   2.356059E-01   5.022163E+03   1.103114E+04   9.607933E-01
   2.364214E-01   5.018078E+03   1.102561E+04   9.606482E-01
   2.372398E-01   5.014002E+03   1.102147E+04   9.604049E-01
   2.380610E-01   5.010527E+03   1.101807E+04   9.602896E-01
   2.388851E-01   5.007382E+03   1.101370E+04   9.603894E-01
   2.397120E-01   5.003822E+03   1.100825E+04   9.604371E-01
   2.405418E-01   4.999662E+03   1.100353E+04   9.601763E-01
   2.413745E-01   4.995520E+03   1.100043E+04   9.598476E-01
   2.422100E-01   4.991903E+03   1.099789E+04   9.597829E-01
   2.430484E-01   4.988692E+03   1.099350E+04   9.599988E-01
   2.438898E-01   4.984863E+03   1.098641E+04   9.601438E-01
   2.447340E-01   4.980231E+03   1.098020E+04   9.598515E-01
   2.455812E-01   4.976182E+03   1.097675E+04   9.593377E-01
   2.464313E-01   4.973035E+03   1.097329E+04   9.590994E-01
   2.472843E-01   4.969608E+03   1.096858E+04   9.591582E-01
   2.481403E-01   4.965632E+03   1.096443E+04   9.591896E-01
   2.489993E-01   4.961953E+03   1.096079E+04   9.591476E-01
   2.498612E-01   4.958431E+03   1.095574E+04   9.591291E-01
   2.507261E-01   4.954312E+03   1.094999E+04   9.590393E-01
   2.515940E-01   4.949942E+03   1.094553E+04   9.588598E-01
   2.524650E-01   4.946033E+03   1.094195E+04   9.587365E-01
   2.533389E-01   4.942497E+03   1.093773E+04   9.586650E-01
   2.542158E-01   4.938769E+03   1.093255E+04   9.584926E-01
   2.550958E-01   4.934687E+03   1.092742E+04   9.581823E-01
   2.559789E-01   4.930604E+03   1.092276E+04   9.579271E-01
   2.568650E-01   4.926601E+03   1.091817E+04   9.578700E-01
   2.577541E-01   4.922525E+03   1.091405E+04   9.578685E-01
   2.586463E-01   4.918621E+03   1.091077E+04   9.577617E-01
   2.595417E-01   4.915163E+03   1.090714E+04   9.576303E-01
   2.604401E-01   4.911832E+03   1.090198E+04   9.576313E-01
   2.613416E-01   4.908088E+03   1.089610E+04   9.577241E-01
   2.622463E-01   4.903873E+03   1.089165E+04   9.576496E-01
   2.631541E-01   4.899814E+03   1.088919E+04   9.573467E-01
   2.640650E-01   4.896199E+03   1.088630E+04   9.571015E-01
   2.649791E-01   4.892340E+03   1.088099E+04   9.570613E-01
   2.658963E-01   4.887595E+03   1.087465E+04   9.570134E-01
   2.668168E-01   4.882446E+03   1.086987E+04   9.567615E-01
   2.677404E-01   4.877841E+03   1.086704E+04   9.564129E-01
   2.686672E-01   4.874121E+03   1.086485E+04   9.561615E-01
   2.695972E-01   4.871018E+03   1.086191E+04   9.560849E-01
   2.705304E-01   4.867890E+03   1.085754E+04   9.561213E-01
   2.714669E-01   4.864138E+03   1.085240E+04   9.561366E-01
   2.724066E-01   4.859725E+03   1.084802E+04   9.560498E-01
   2.733495E-01   4.855150E+03   1.084511E+04   9.558809E-01
   2.742958E-01   4.850892E+03   1.084273E+04   9.557192E-01
   2.752453E-01   4.846900E+03   1.083940E+04   9.556129E-01
   2.761981E-01   4.842745E+03   1.083463E+04   9.555293E-01
   2.771541E-01   4.838179E+03   1.082953E+04   9.554201E-01
   2.781135E-01   4.833469E+03   1.082591E+04   9.552460E-01
   2.790762E-01   4.829178E+03   1.082458E+04   9.549817E-01
   2.800423E-01   4.825633E+03   1.082424E+04   9.547019E-01
   2.810117E-01   4.822463E+03   1.082239E+04   9.545714E-01
   2.819844E-01   4.818793E+03   1.081787E+04   9.546450E-01
   2.829605E-01   4.814092E+03   1.081213E+04   9.547608E-01
   2.839400E-01   4.808713E+03   1.080764E+04   9.546941E-01
   2.849229E-01   4.803444E+03   1.080546E+04   9.543738E-01
   2.859092E-01   4.798770E+03   1.080491E+04   9.539137E-01
   2.868989E-01   4.794742E+03   1.080451E+04   9.535158E-01
   2.878920E-01   4.791103E+03   1.080292E+04   9.533564E-01
   2.888886E-01   4.787406E+03   1.079983E+04   9.534458E-01
   2.898886E-01   4.783353E+03   1.079630E+04   9.536081E-01
   2.908921E-01   4.779022E+03   1.079357E+04   9.536590E-01
   2.918990E-01   4.774555E+03   1.079169E+04   9.535593E-01
   2.929094E-01   4.769836E+03   1.079025E+04   9.533371E-01
   2.939234E-01   4.764877E+03   1.078930E+04   9.530144E-01
   2.949408E-01   4.760022E+03   1.078847E+04   9.526936E-01
   2.959618E-01   4.755420E+03   1.078685E+04   9.525054E-01
   2.969863E-01   4.750845E+03   1.078436E+04   9.524395E-01
   2.980143E-01   4.746157E+03   1.078211E+04   9.523721E-01
   2.990459E-01   4.741558E+03   1.078111E+04   9.522183E-01
   3.000811E-01   4.737405E+03   1.078105E+04   9.520245E-01
   3.011198E-01   4.733683E+03   1.078045E+04   9.519149E-01
   3.021622E-01   4.729770E+03   1.077832E+04   9.519121E-01
   3.032081E-01   4.725006E+03   1.077570E+04   9.518684E-01
   3.042577E-01   4.719482E+03   1.077481E+04   9.516379E-01
   3.053109E-01   4.714039E+03   1.077642E+04   9.512854E-01
   3.063678E-01   4.709325E+03   1.077864E+04   9.510371E-01
   3.074283E-01   4.705096E+03   1.077891E+04   9.510238E-01
   3.084925E-01   4.700550E+03   1.077653E+04   9.511341E-01
   3.095604E-01   4.695206E+03   1.077336E+04   9.511119E-01
   3.106320E-01   4.689435E+03   1.077209E+04   9.507949E-01
   3.117072E-01   4.684153E+03   1.077378E+04   9.502808E-01
   3.127862E-01   4.679956E+03   1.077697E+04   9.498638E-01
   3.138690E-01   4.676514E+03   1.077904E+04   9.497778E-01
   3.149554E-01   4.672818E+03   1.077859E+04   9.499820E-01
   3.160457E-01   4.668079E+03   1.077656E+04   9.502155E-01
   3.171397E-01   4.662377E+03   1.077499E+04   9.502516E-01
   3.182375E-01   4.656403E+03   1.077516E+04   9.500567E-01
   3.193391E-01   4.650768E+03   1.077700E+04   9.497287E-01
   3.204445E-01   4.645673E+03   1.077969E+04   9.493754E-01
   3.215538E-01   4.641032E+03   1.078230E+04   9.490921E-01
   3.226669E-01   4.636558E+03   1.078399E+04   9.489516E-01
   3.237838E-01   4.631900E+03   1.078462E+04   9.489397E-01
   3.249046E-01   4.626900E+03   1.078482E+04   9.489562E-01
   3.260293E-01   4.621637E+03   1.078525E+04   9.488983E-01
   3.271579E-01   4.616224E+03   1.078613E+04   9.487175E-01
   3.282904E-01   4.610695E+03   1.078739E+04   9.484271E-01
   3.294268E-01   4.605062E+03   1.078894E+04   9.480879E-01
   3.305671E-01   4.599417E+03   1.079084E+04   9.477776E-01
   3.317114E-01   4.593945E+03   1.079310E+04   9.475627E-01
   3.328596E-01   4.588810E+03   1.079560E+04   9.474717E-01
   3.340119E-01   4.584040E+03   1.079806E+04   9.474773E-01
   3.351681E-01   4.579508E+03   1.080017E+04   9.475196E-01
   3.363283E-01   4.574951E+03   1.080172E+04   9.475468E-01
   3.374925E-01   4.570068E+03   1.080285E+04   9.475207E-01
   3.386608E-01   4.564693E+03   1.080407E+04   9.474064E-01
   3.398331E-01   4.558897E+03   1.080589E+04   9.471848E-01
   3.410094E-01   4.552933E+03   1.080847E+04   9.468836E-01
   3.421899E-01   4.547047E+03   1.081143E+04   9.465863E-01
   3.433744E-01   4.541305E+03   1.081422E+04   9.463757E-01
   3.445630E-01   4.535639E+03   1.081665E+04   9.462650E-01
   3.457557E-01   4.530024E+03   1.081899E+04   9.462030E-01
   3.469526E-01   4.524525E+03   1.082148E+04   9.461357E-01
   3.481536E-01   4.519165E+03   1.082410E+04   9.460359E-01
   3.493588E-01   4.513852E+03   1.082674E+04   9.458927E-01
   3.505681E-01   4.508480E+03   1.082944E+04   9.457114E-01
   3.517816E-01   4.503010E+03   1.083227E+04   9.455188E-01
   3.529993E-01   4.497441E+03   1.083519E+04   9.453444E-01
   3.542213E-01   4.491771E+03   1.083814E+04   9.451929E-01
   3.554474E-01   4.486006E+03   1.084107E+04   9.450488E-01
   3.566778E-01   4.480169E+03   1.084390E+04   9.449037E-01
   3.579125E-01   4.474276E+03   1.084655E+04   9.447684E-01
   3.591515E-01   4.468337E+03   1.084900E+04   9.446627E-01
   3.603947E-01   4.462368E+03   1.085136E+04   9.445967E-01
   3.616422E-01   4.456410E+03   1.085383E+04   9.445530E-01
   3.628941E-01   4.450544E+03   1.085658E+04   9.444965E-01
   3.641503E-01   4.444860E+03   1.085954E+04   9.444037E-01
   3.654108E-01   4.439360E+03   1.086244E+04   9.442733E-01
   3.666757E-01   4.433889E+03   1.086500E+04   9.441083E-01
   3.679450E-01   4.428218E+03   1.086730E+04   9.438987E-01
   3.692187E-01   4.422205E+03   1.086978E+04   9.436330E-01
   3.704967E-01   4.415919E+03   1.087286E+04   9.433301E-01
   3.717792E-01   4.409580E+03   1.087653E+04   9.430515E-01
   3.730662E-01   4.403385E+03   1.088028E+04   9.428752E-01
   3.743576E-01   4.397361E+03   1.088338E+04   9.428445E-01
   3.756535E-01   4.391360E+03   1.088546E+04   9.429294E-01
   3.769538E-01   4.385200E+03   1.088677E+04   9.430304E-01
   3.782587E-01   4.378831E+03   1.088803E+04   9.430302E-01
   3.795680E-01   4.372393E+03   1.088998E+04   9.428623E-01
   3.808820E-01   4.366112E+03   1.089287E+04   9.425463E-01
   3.822004E-01   4.360127E+03   1.089638E+04   9.421673E-01
   3.835234E-01   4.354391E+03   1.089990E+04   9.418247E-01
   3.848510E-01   4.348689E+03   1.090296E+04   9.415816E-01
   3.861832E-01   4.342782E+03   1.090548E+04   9.414448E-01
   3.875200E-01   4.336562E+03   1.090769E+04   9.413829E-01
   3.888615E-01   4.330097E+03   1.090980E+04   9.413638E-01
   3.902075E-01   4.323537E+03   1.091180E+04   9.413764E-01
   3.915583E-01   4.316994E+03   1.091353E+04   9.414173E-01
   3.929137E-01   4.310511E+03   1.091494E+04   9.414685E-01
   3.942738E-01   4.304111E+03   1.091613E+04   9.414953E-01
   3.956386E-01   4.297810E+03   1.091720E+04   9.414656E-01
   3.970081E-01   4.291588E+03   1.091817E+04   9.413626E-01
   3.983824E-01   4.285346E+03   1.091904E+04   9.411803E-01
   3.997614E-01   4.278957E+03   1.092000E+04   9.409175E-01
   4.011452E-01   4.272350E+03   1.092132E+04   9.405829E-01
   4.025338E-01   4.265563E+03   1.092320E+04   9.402042E-01
   4.039272E-01   4.258718E+03   1.092558E+04   9.398293E-01
   4.053255E-01   4.251952E+03   1.092809E+04   9.395124E-01
   4.067285E-01   4.245347E+03   1.093025E+04   9.392963E-01
   4.081365E-01   4.238901E+03   1.093161E+04   9.391975E-01
   4.095493E-01   4.232537E+03   1.093193E+04   9.392012E-01
   4.109670E-01   4.226138E+03   1.093131E+04   9.392647E-01
   4.123896E-01   4.219603E+03   1.093012E+04   9.393285E-01
   4.138171E-01   4.212900E+03   1.092892E+04   9.393373E-01
   4.152495E-01   4.206084E+03   1.092822E+04   9.392621E-01
   4.166870E-01   4.199262E+03   1.092831E+04   9.391106E-01
   4.181294E-01   4.192540E+03   1.092914E+04   9.389172E-01
   4.195767E-01   4.185967E+03   1.093040E+04   9.387219E-01
   4.210291E-01   4.179519E+03   1.093163E+04   9.385520E-01
   4.224866E-01   4.173114E+03   1.093242E+04   9.384134E-01
   4.239490E-01   4.166649E+03   1.093251E+04   9.382943E-01
   4.254166E-01   4.160035E+03   1.093179E+04   9.381776E-01
   4.268892E-01   4.153223E+03   1.093029E+04   9.380543E-01
   4.283669E-01   4.146206E+03   1.092815E+04   9.379284E-01
   4.298497E-01   4.139012E+03   1.092557E+04   9.378110E-01
   4.313377E-01   4.131696E+03   1.092281E+04   9.377082E-01
   4.328308E-01   4.124332E+03   1.092014E+04   9.376118E-01
   4.343291E-01   4.117002E+03   1.091781E+04   9.374997E-01
   4.358325E-01   4.109794E+03   1.091597E+04   9.373477E-01
   4.373412E-01   4.102788E+03   1.091461E+04   9.371460E-01
   4.388551E-01   4.096029E+03   1.091352E+04   9.369073E-01
   4.403742E-01   4.089496E+03   1.091235E+04   9.366610E-01
   4.418986E-01   4.083096E+03   1.091072E+04   9.364400E-01
   4.434283E-01   4.076681E+03   1.090833E+04   9.362684E-01
   4.449633E-01   4.070091E+03   1.090504E+04   9.361550E-01
   4.465035E-01   4.063201E+03   1.090096E+04   9.360916E-01
   4.480492E-01   4.055961E+03   1.089637E+04   9.360552E-01
   4.496001E-01   4.048412E+03   1.089164E+04   9.360145E-01
   4.511564E-01   4.040681E+03   1.088712E+04   9.359401E-01
   4.527182E-01   4.032944E+03   1.088305E+04   9.358148E-01
   4.542853E-01   4.025379E+03   1.087944E+04   9.356402E-01
   4.558578E-01   4.018110E+03   1.087612E+04   9.354339E-01
   4.574358E-01   4.011170E+03   1.087282E+04   9.352209E-01
   4.590193E-01   4.004502E+03   1.086923E+04   9.350240E-01
   4.606082E-01   3.997987E+03   1.086513E+04   9.348579E-01
   4.622026E-01   3.991484E+03   1.086039E+04   9.347286E-01
   4.638026E-01   3.984855E+03   1.085496E+04   9.346344E-01
   4.654081E-01   3.977989E+03   1.084886E+04   9.345663E-01
   4.670191E-01   3.970818E+03   1.084223E+04   9.345083E-01
   4.686358E-01   3.963329E+03   1.083524E+04   9.344400E-01
   4.702580E-01   3.955574E+03   1.082812E+04   9.343430E-01
   4.718858E-01   3.947660E+03   1.082105E+04   9.342083E-01
   4.735193E-01   3.939720E+03   1.081411E+04   9.340401E-01
   4.751584E-01   3.931876E+03   1.080730E+04   9.338529E-01
   4.768032E-01   3.924212E+03   1.080052E+04   9.336635E-01
   4.784537E-01   3.916765E+03   1.079370E+04   9.334837E-01
   4.801099E-01   3.909526E+03   1.078676E+04   9.333153E-01
   4.817719E-01   3.902461E+03   1.077966E+04   9.331525E-01
   4.834395E-01   3.895522E+03   1.077236E+04   9.329876E-01
   4.851130E-01   3.888651E+03   1.076478E+04   9.328175E-01
   4.867923E-01   3.881781E+03   1.075682E+04   9.326457E-01
   4.884773E-01   3.874835E+03   1.074839E+04   9.324794E-01
   4.901682E-01   3.867733E+03   1.073947E+04   9.323232E-01
   4.918650E-01   3.860418E+03   1.073009E+04   9.321763E-01
   4.935676E-01   3.852872E+03   1.072041E+04   9.320340E-01
   4.952762E-01   3.845128E+03   1.071056E+04   9.318912E-01
   4.969906E-01   3.837264E+03   1.070069E+04   9.317467E-01
   4.987110E-01   3.829378E+03   1.069084E+04   9.316035E-01
   5.004373E-01   3.821569E+03   1.068098E+04   9.314681E-01
   5.021696E-01   3.813910E+03   1.067099E+04   9.313480E-01
   5.039079E-01   3.806431E+03   1.066071E+04   9.312494E-01
   5.056522E-01   3.799116E+03   1.064998E+04   9.311744E-01
   5.074026E-01   3.791899E+03   1.063869E+04   9.311178E-01
   5.091590E-01   3.784688E+03   1.062685E+04   9.310662E-01
   5.109215E-01   3.777391E+03   1.061456E+04   9.309980E-01
   5.126901E-01   3.769943E+03   1.060205E+04   9.308889E-01
   5.144648E-01   3.762325E+03   1.058954E+04   9.307183E-01
   5.162457E-01   3.754566E+03   1.057723E+04   9.304766E-01
   5.180327E-01   3.746726E+03   1.056519E+04   9.301693E-01
   5.198259E-01   3.738878E+03   1.055338E+04   9.298159E-01
   5.216253E-01   3.731083E+03   1.054166E+04   9.294455E-01
   5.234310E-01   3.723381E+03   1.052983E+04   9.290904E-01
   5.252429E-01   3.715789E+03   1.051772E+04   9.287797E-01
   5.270611E-01   3.708305E+03   1.050514E+04   9.285363E-01
   5.288855E-01   3.700913E+03   1.049199E+04   9.283740E-01
   5.307163E-01   3.693588E+03   1.047820E+04   9.282976E-01
   5.325534E-01   3.686293E+03   1.046374E+04   9.283011E-01
   5.343969E-01   3.678982E+03   1.044865E+04   9.283671E-01
   5.362468E-01   3.671604E+03   1.043305E+04   9.284665E-01
   5.381030E-01   3.664118E+03   1.041710E+04   9.285624E-01
   5.399657E-01   3.656504E+03   1.040099E+04   9.286162E-01
   5.418348E-01   3.648769E+03   1.038492E+04   9.285969E-01
   5.437105E-01   3.640944E+03   1.036899E+04   9.284875E-01
   5.455926E-01   3.633075E+03   1.035322E+04   9.282889E-01
   5.474812E-01   3.625206E+03   1.033754E+04   9.280181E-01
   5.493763E-01   3.617365E+03   1.032181E+04   9.277021E-01
   5.512780E-01   3.609560E+03   1.030587E+04   9.273705E-01
   5.531863E-01   3.601781E+03   1.028958E+04   9.270482E-01
   5.551012E-01   3.594005E+03   1.027288E+04   9.267518E-01
   5.570228E-01   3.586208E+03   1.025578E+04   9.264878E-01
   5.589509E-01   3.578376E+03   1.023837E+04   9.262535E-01
   5.608858E-01   3.570510E+03   1.022075E+04   9.260401E-01
   5.628273E-01   3.562631E+03   1.020307E+04   9.258369E-01
   5.647756E-01   3.554771E+03   1.018541E+04   9.256346E-01
   5.667306E-01   3.546971E+03   1.016783E+04   9.254281E-01
   5.686924E-01   3.539261E+03   1.015030E+04   9.252174E-01
   5.706610E-01   3.531661E+03   1.013272E+04   9.250072E-01
   5.726364E-01   3.524168E+03   1.011497E+04   9.248051E-01
   5.746186E-01   3.516760E+03   1.009692E+04   9.246203E-01
   5.766077E-01   3.509396E+03   1.007842E+04   9.244605E-01
   5.786037E-01   3.502024E+03   1.005937E+04   9.243307E-01
   5.806066E-01   3.494586E+03   1.003975E+04   9.242301E-01
   5.826164E-01   3.487033E+03   1.001956E+04   9.241522E-01
   5.846332E-01   3.479333E+03   9.998920E+03   9.240851E-01
   5.866569E-01   3.471480E+03   9.977951E+03   9.240141E-01
   5.886877E-01   3.463497E+03   9.956814E+03   9.239252E-01
   5.907255E-01   3.455431E+03   9.935645E+03   9.238085E-01
   5.927703E-01   3.447345E+03   9.914537E+03   9.236602E-01
   5.948222E-01   3.439302E+03   9.893519E+03   9.234831E-01
   5.968813E-01   3.431354E+03   9.872559E+03   9.232855E-01
   5.989474E-01   3.423532E+03   9.851575E+03   9.230781E-01
   6.010207E-01   3.415840E+03   9.830463E+03   9.228714E-01
   6.031012E-01   3.408253E+03   9.809118E+03   9.226732E-01
   6.051889E-01   3.400728E+03   9.787466E+03   9.224864E-01
   6.072838E-01   3.393209E+03   9.765472E+03   9.223088E-01
   6.093860E-01   3.385640E+03   9.743152E+03   9.221335E-01
   6.114954E-01   3.377974E+03   9.720571E+03   9.219502E-01
   6.136121E-01   3.370184E+03   9.697822E+03   9.217472E-01
   6.157362E-01   3.362264E+03   9.675012E+03   9.215143E-01
   6.178676E-01   3.354235E+03   9.652232E+03   9.212455E-01
   6.200064E-01   3.346134E+03   9.629544E+03   9.209402E-01
   6.221526E-01   3.338014E+03   9.606966E+03   9.206047E-01
   6.243063E-01   3.329927E+03   9.584466E+03   9.202510E-01
   6.264674E-01   3.321923E+03   9.561974E+03   9.198953E-01
   6.286359E-01   3.314035E+03   9.539389E+03   9.195556E-01
   6.308120E-01   3.306280E+03   9.516599E+03   9.192487E-01
   6.329956E-01   3.298657E+03   9.493493E+03   9.189880E-01
   6.351868E-01   3.291146E+03   9.469980E+03   9.187810E-01
   6.373855E-01   3.283714E+03   9.446001E+03   9.186285E-01
   6.395919E-01   3.276319E+03   9.421536E+03   9.185247E-01
   6.418059E-01   3.268921E+03   9.396600E+03   9.184583E-01
   6.440276E-01   3.261483E+03   9.371241E+03   9.184148E-01
   6.462569E-01   3.253973E+03   9.345530E+03   9.183784E-01
   6.484940E-01   3.246374E+03   9.319547E+03   9.183341E-01
   6.507388E-01   3.238675E+03   9.293378E+03   9.182693E-01
   6.529914E-01   3.230876E+03   9.267103E+03   9.181746E-01
   6.552518E-01   3.222984E+03   9.240792E+03   9.180442E-01
   6.575200E-01   3.215013E+03   9.214504E+03   9.178755E-01
   6.597960E-01   3.206981E+03   9.188286E+03   9.176688E-01
   6.620800E-01   3.198910E+03   9.162171E+03   9.174264E-01
   6.643718E-01   3.190825E+03   9.136182E+03   9.171525E-01
   6.666716E-01   3.182750E+03   9.110326E+03   9.168521E-01
   6.689793E-01   3.174711E+03   9.084596E+03   9.165312E-01
   6.712951E-01   3.166731E+03   9.058970E+03   9.161963E-01
   6.736188E-01   3.158831E+03   9.033410E+03   9.158546E-01
   6.759506E-01   3.151028E+03   9.007858E+03   9.155137E-01
   6.782905E-01   3.143331E+03   8.982244E+03   9.151812E-01
   6.806384E-01   3.135739E+03   8.956484E+03   9.148650E-01
   6.829945E-01   3.128245E+03   8.930495E+03   9.145717E-01
   6.853587E-01   3.120828E+03   8.904199E+03   9.143063E-01
   6.877312E-01   3.113459E+03   8.877535E+03   9.140711E-01
   6.901118E-01   3.106107E+03   8.850467E+03   9.138653E-01
   6.925007E-01   3.098735E+03   8.822991E+03   9.136849E-01
   6.948978E-01   3.091311E+03   8.795133E+03   9.135232E-01
   6.973033E-01   3.083809E+03   8.766949E+03   9.133712E-01
   6.997171E-01   3.076213E+03   8.738514E+03   9.132196E-01
   7.021392E-01   3.068518E+03   8.709916E+03   9.130595E-01
   7.045697E-01   3.060730E+03   8.681241E+03   9.128835E-01
   7.070086E-01   3.052866E+03   8.652567E+03   9.126871E-01
   7.094560E-01   3.044950E+03   8.623955E+03   9.124683E-01
   7.119118E-01   3.037007E+03   8.595446E+03   9.122281E-01
   7.143762E-01   3.029066E+03   8.567058E+03   9.119694E-01
   7.168490E-01   3.021152E+03   8.538787E+03   9.116971E-01
   7.193305E-01   3.013285E+03   8.510611E+03   9.114165E-01
   7.218205E-01   3.005479E+03   8.482496E+03   9.111333E-01
   7.243191E-01   2.997741E+03   8.454400E+03   9.108526E-01
   7.268264E-01   2.990073E+03   8.426279E+03   9.105783E-01
   7.293424E-01   2.982470E+03   8.398089E+03   9.103130E-01
   7.318671E-01   2.974923E+03   8.369793E+03   9.100578E-01
   7.344005E-01   2.967418E+03   8.341364E+03   9.098123E-01
   7.369427E-01   2.959943E+03   8.312781E+03   9.095749E-01
   7.394937E-01   2.952483E+03   8.284032E+03   9.093434E-01
   7.420535E-01   2.945026E+03   8.255114E+03   9.091148E-01
   7.446222E-01   2.937560E+03   8.226029E+03   9.088866E-01
   7.471998E-01   2.930077E+03   8.196784E+03   9.086562E-01
   7.497862E-01   2.922569E+03   8.167393E+03   9.084215E-01
   7.523817E-01   2.915033E+03   8.137872E+03   9.081807E-01
   7.549861E-01   2.907466E+03   8.108239E+03   9.079325E-01
   7.575996E-01   2.899869E+03   8.078517E+03   9.076757E-01
   7.602221E-01   2.892246E+03   8.048730E+03   9.074098E-01
   7.628536E-01   2.884600E+03   8.018901E+03   9.071343E-01
   7.654943E-01   2.876941E+03   7.989050E+03   9.068496E-01
   7.681441E-01   2.869275E+03   7.959196E+03   9.065563E-01
   7.708031E-01   2.861613E+03   7.929349E+03   9.062559E-01
   7.734713E-01   2.853962E+03   7.899517E+03   9.059502E-01
   7.761488E-01   2.846330E+03   7.869704E+03   9.056412E-01
   7.788355E-01   2.838720E+03   7.839908E+03   9.053311E-01
   7.815315E-01   2.831136E+03   7.810129E+03   9.050215E-01
   7.842368E-01   2.823579E+03   7.780363E+03   9.047135E-01
   7.869515E-01   2.816047E+03   7.750612E+03   9.044073E-01
   7.896756E-01   2.808539E+03   7.720874E+03   9.041028E-01
   7.924091E-01   2.801054E+03   7.691153E+03   9.037993E-01
   7.951521E-01   2.793591E+03   7.661448E+03   9.034960E-01
   7.979046E-01   2.786150E+03   7.631760E+03   9.031924E-01
   8.006666E-01   2.778733E+03   7.602086E+03   9.028884E-01
   8.034382E-01   2.771343E+03   7.572419E+03   9.025847E-01
   8.062194E-01   2.763982E+03   7.542746E+03   9.022830E-01
   8.090102E-01   2.756653E+03   7.513052E+03   9.019855E-01
   8.118106E-01   2.749357E+03   7.483315E+03   9.016951E-01
   8.146208E-01   2.742095E+03   7.453514E+03   9.014151E-01
   8.174406E-01   2.734864E+03   7.423624E+03   9.011483E-01
   8.202703E-01   2.727659E+03   7.393625E+03   9.008971E-01
   8.231097E-01   2.720475E+03   7.363497E+03   9.006629E-01
   8.259590E-01   2.713301E+03   7.333228E+03   9.004460E-01
   8.288181E-01   2.706129E+03   7.302810E+03   9.002451E-01
   8.316871E-01   2.698946E+03   7.272245E+03   9.000577E-01
   8.345661E-01   2.691742E+03   7.241541E+03   8.998797E-01
   8.374550E-01   2.684505E+03   7.210717E+03   8.997059E-01
   8.403539E-01   2.677227E+03   7.179799E+03   8.995302E-01
   8.432629E-01   2.669901E+03   7.148817E+03   8.993456E-01
   8.461819E-01   2.662520E+03   7.117809E+03   8.991450E-01
   8.491110E-01   2.655085E+03   7.086818E+03   8.989215E-01
   8.520503E-01   2.647597E+03   7.055884E+03   8.986687E-01
   8.549997E-01   2.640062E+03   7.025050E+03   8.983811E-01
   8.579594E-01   2.632490E+03   6.994352E+03   8.980551E-01
   8.609293E-01   2.624892E+03   6.963822E+03   8.976885E-01
   8.639095E-01   2.617283E+03   6.933483E+03   8.972813E-01
   8.669000E-01   2.609680E+03   6.903348E+03   8.968357E-01
   8.699008E-01   2.602100E+03   6.873421E+03   8.963560E-01
   8.729120E-01   2.594560E+03   6.843692E+03   8.958483E-01
   8.759337E-01   2.587076E+03   6.814143E+03   8.953205E-01
   8.789658E-01   2.579661E+03   6.784748E+03   8.947818E-01
   8.820084E-01   2.572325E+03   6.755470E+03   8.942419E-01
   8.850616E-01   2.565077E+03   6.726271E+03   8.937108E-01
   8.881253E-01   2.557917E+03   6.697108E+03   8.931983E-01
   8.911996E-01   2.550847E+03   6.667937E+03   8.927133E-01
   8.942846E-01   2.543860E+03   6.638718E+03   8.922634E-01
   8.973802E-01   2.536949E+03   6.609415E+03   8.918543E-01
   9.004866E-01   2.530101E+03   6.579997E+03   8.914901E-01
   9.036037E-01   2.523304E+03   6.550442E+03   8.911722E-01
   9.067316E-01   2.516542E+03   6.520738E+03   8.909001E-01
   9.098703E-01   2.509797E+03   6.490880E+03   8.906710E-01
   9.130199E-01   2.503056E+03   6.460873E+03   8.904798E-01
   9.161804E-01   2.496301E+03   6.430732E+03   8.903199E-01
   9.193518E-01   2.489520E+03   6.400478E+03   8.901835E-01
   9.225342E-01   2.482702E+03   6.370138E+03   8.900614E-01
   9.257277E-01   2.475839E+03   6.339745E+03   8.899446E-01
   9.289321E-01   2.468926E+03   6.309333E+03   8.898236E-01
   9.321477E-01   2.461959E+03   6.278936E+03   8.896897E-01
   9.353744E-01   2.454941E+03   6.248589E+03   8.895351E-01
   9.386123E-01   2.447874E+03   6.218324E+03   8.893530E-01
   9.418614E-01   2.440765E+03   6.188168E+03   8.891380E-01
   9.451217E-01   2.433620E+03   6.158145E+03   8.888864E-01
   9.483933E-01   2.426449E+03   6.128274E+03   8.885956E-01
   9.516763E-01   2.419262E+03   6.098569E+03   8.882648E-01
   9.549706E-01   2.412069E+03   6.069039E+03   8.878944E-01
   9.582763E-01   2.404880E+03   6.039686E+03   8.874861E-01
   9.615934E-01   2.397707E+03   6.010510E+03   8.870428E-01
   9.649221E-01   2.390558E+03   5.981505E+03   8.865685E-01
   9.682622E-01   2.383443E+03   5.952659E+03   8.860680E-01
   9.716140E-01   2.376370E+03   5.923959E+03   8.855470E-01
   9.749773E-01   2.369344E+03   5.895388E+03   8.850114E-01
   9.783522E-01   2.362371E+03   5.866924E+03   8.844680E-01
   9.817389E-01   2.355454E+03   5.838547E+03   8.839234E-01
   9.851373E-01   2.348595E+03   5.810233E+03   8.833842E-01
   9.885474E-01   2.341792E+03   5.781961E+03   8.828568E-01
   9.919693E-01   2.335043E+03   5.753707E+03   8.823470E-01
   9.954031E-01   2.328344E+03   5.725454E+03   8.818596E-01
   9.988488E-01   2.321690E+03   5.697186E+03   8.813986E-01
   1.002306E+00   2.315073E+03   5.668889E+03   8.809667E-01
   1.005776E+00   2.308487E+03   5.640556E+03   8.805656E-01
   1.009258E+00   2.301923E+03   5.612183E+03   8.801953E-01
   1.012751E+00   2.295374E+03   5.583771E+03   8.798547E-01
   1.016257E+00   2.288832E+03   5.555324E+03   8.795418E-01
   1.019775E+00   2.282291E+03   5.526852E+03   8.792532E-01
   1.023305E+00   2.275743E+03   5.498364E+03   8.789849E-01
   1.026847E+00   2.269185E+03   5.469875E+03   8.787322E-01
   1.030402E+00   2.262612E+03   5.441400E+03   8.784900E-01
   1.033968E+00   2.256022E+03   5.412955E+03   8.782531E-01
   1.037548E+00   2.249413E+03   5.384556E+03   8.780161E-01
   1.041139E+00   2.242786E+03   5.356221E+03   8.777739E-01
   1.044743E+00   2.236141E+03   5.327963E+03   8.775219E-01
   1.048360E+00   2.229480E+03   5.299798E+03   8.772558E-01
   1.051989E+00   2.222806E+03   5.271737E+03   8.769718E-01
   1.055630E+00   2.216121E+03   5.243792E+03   8.766670E-01
   1.059284E+00   2.209430E+03   5.215970E+03   8.763391E-01
   1.062951E+00   2.202736E+03   5.188279E+03   8.759865E-01
   1.066631E+00   2.196043E+03   5.160723E+03   8.756084E-01
   1.070323E+00   2.189356E+03   5.133304E+03   8.752046E-01
   1.074028E+00   2.182679E+03   5.106022E+03   8.747757E-01
   1.077746E+00   2.176014E+03   5.078875E+03   8.743227E-01
   1.081476E+00   2.169367E+03   5.051862E+03   8.738473E-01
   1.085220E+00   2.162739E+03   5.024977E+03   8.733514E-01
   1.088977E+00   2.156134E+03   4.998215E+03   8.728375E-01
   1.092746E+00   2.149553E+03   4.971571E+03   8.723082E-01
   1.096529E+00   2.142999E+03   4.945037E+03   8.717663E-01
   1.100324E+00   2.136472E+03   4.918608E+03   8.712147E-01
   1.104133E+00   2.129974E+03   4.892276E+03   8.706564E-01
   1.107955E+00   2.123506E+03   4.866035E+03   8.700945E-01
   1.111791E+00   2.117068E+03   4.839876E+03   8.695318E-01
   1.115639E+00   2.110660E+03   4.813794E+03   8.689714E-01
   1.119501E+00   2.104281E+03   4.787782E+03   8.684159E-01
   1.123376E+00   2.097931E+03   4.761834E+03   8.678680E-01
   1.127265E+00   2.091610E+03   4.735943E+03   8.673301E-01
   1.131167E+00   2.085315E+03   4.710106E+03   8.668042E-01
   1.135083E+00   2.079044E+03   4.684318E+03   8.662920E-01
   1.139012E+00   2.072797E+03   4.658575E+03   8.657951E-01
   1.142955E+00   2.066571E+03   4.632876E+03   8.653142E-01
   1.146911E+00   2.060364E+03   4.607220E+03   8.648500E-01
   1.150881E+00   2.054173E+03   4.581607E+03   8.644023E-01
   1.154865E+00   2.047996E+03   4.556040E+03   8.639708E-01
   1.158863E+00   2.041831E+03   4.530520E+03   8.635545E-01
   1.162874E+00   2.035675E+03   4.505053E+03   8.631521E-01
   1.166900E+00   2.029527E+03   4.479643E+03   8.627621E-01
   1.170939E+00   2.023385E+03   4.454297E+03   8.623824E-01
   1.174992E+00   2.017249E+03   4.429019E+03   8.620109E-01
   1.179060E+00   2.011116E+03   4.403818E+03   8.616456E-01
   1.183141E+00   2.004988E+03   4.378699E+03   8.612842E-01
   1.187237E+00   1.998864E+03   4.353668E+03   8.609245E-01
   1.191346E+00   1.992745E+03   4.328730E+03   8.605646E-01
   1.195470E+00   1.986631E+03   4.303892E+03   8.602027E-01
   1.199608E+00   1.980524E+03   4.279156E+03   8.598370E-01
   1.203761E+00   1.974424E+03   4.254527E+03   8.594663E-01
   1.207928E+00   1.968333E+03   4.230006E+03   8.590894E-01
   1.212109E+00   1.962252E+03   4.205596E+03   8.587052E-01
   1.216305E+00   1.956182E+03   4.181297E+03   8.583132E-01
   1.220515E+00   1.950125E+03   4.157109E+03   8.579125E-01
   1.224740E+00   1.944081E+03   4.133032E+03   8.575029E-01
   1.228980E+00   1.938051E+03   4.109065E+03   8.570840E-01
   1.233234E+00   1.932037E+03   4.085207E+03   8.566555E-01
   1.237503E+00   1.926038E+03   4.061456E+03   8.562173E-01
   1.241787E+00   1.920056E+03   4.037811E+03   8.557693E-01
   1.246085E+00   1.914090E+03   4.014270E+03   8.553115E-01
   1.250399E+00   1.908141E+03   3.990831E+03   8.548440E-01
   1.254727E+00   1.902209E+03   3.967491E+03   8.543668E-01
   1.259070E+00   1.896295E+03   3.944249E+03   8.538802E-01
   1.263429E+00   1.890397E+03   3.921103E+03   8.533847E-01
   1.267802E+00   1.884517E+03   3.898049E+03   8.528806E-01
   1.272191E+00   1.878653E+03   3.875086E+03   8.523685E-01
   1.276595E+00   1.872806E+03   3.852213E+03   8.518492E-01
   1.281014E+00   1.866974E+03   3.829425E+03   8.513233E-01
   1.285448E+00   1.861159E+03   3.806722E+03   8.507918E-01
   1.289898E+00   1.855358E+03   3.784102E+03   8.502556E-01
   1.294363E+00   1.849572E+03   3.761562E+03   8.497156E-01
   1.298843E+00   1.843800E+03   3.739103E+03   8.491727E-01
   1.303339E+00   1.838040E+03   3.716722E+03   8.486279E-01
   1.307851E+00   1.832293E+03   3.694419E+03   8.480821E-01
   1.312378E+00   1.826557E+03   3.672194E+03   8.475359E-01
   1.316921E+00   1.820831E+03   3.650047E+03   8.469900E-01
   1.321480E+00   1.815116E+03   3.627978E+03   8.464450E-01
   1.326054E+00   1.809409E+03   3.605990E+03   8.459011E-01
   1.330644E+00   1.803711E+03   3.584082E+03   8.453588E-01
   1.335251E+00   1.798020E+03   3.562257E+03   8.448179E-01
   1.339873E+00   1.792337E+03   3.540518E+03   8.442785E-01
   1.344511E+00   1.786661E+03   3.518865E+03   8.437405E-01
   1.349165E+00   1.780991E+03   3.497302E+03   8.432033E-01
   1.353835E+00   1.775328E+03   3.475831E+03   8.426668E-01
   1.358522E+00   1.769671E+03   3.454455E+03   8.421302E-01
   1.363224E+00   1.764022E+03   3.433176E+03   8.415931E-01
   1.367943E+00   1.758380E+03   3.411997E+03   8.410549E-01
   1.372678E+00   1.752745E+03   3.390921E+03   8.405149E-01
   1.377430E+00   1.747118E+03   3.369950E+03   8.399723E-01
   1.382198E+00   1.741500E+03   3.349085E+03   8.394267E-01
   1.386983E+00   1.735892E+03   3.328328E+03   8.388774E-01
   1.391784E+00   1.730294E+03   3.307682E+03   8.383237E-01
   1.396602E+00   1.724708E+03   3.287147E+03   8.377652E-01
   1.401436E+00   1.719133E+03   3.266725E+03   8.372015E-01
   1.406287E+00   1.713572E+03   3.246416E+03   8.366321E-01
   1.411155E+00   1.708024E+03   3.226220E+03   8.360569E-01
   1.416040E+00   1.702492E+03   3.206138E+03   8.354756E-01
   1.420942E+00   1.696975E+03   3.186169E+03   8.348881E-01
   1.425861E+00   1.691475E+03   3.166312E+03   8.342945E-01
   1.430796E+00   1.685993E+03   3.146568E+03   8.336949E-01
   1.435749E+00   1.680530E+03   3.126935E+03   8.330895E-01
   1.440719E+00   1.675085E+03   3.107411E+03   8.324785E-01
   1.445706E+00   1.669661E+03   3.087996E+03   8.318625E-01
   1.450711E+00   1.664256E+03   3.068687E+03   8.312417E-01
   1.455732E+00   1.658873E+03   3.049484E+03   8.306168E-01
   1.460772E+00   1.653512E+03   3.030383E+03   8.299883E-01
   1.465828E+00   1.648172E+03   3.011384E+03   8.293569E-01
   1.470902E+00   1.642854E+03   2.992484E+03   8.287233E-01
   1.475994E+00   1.637559E+03   2.973680E+03   8.280882E-01
   1.481103E+00   1.632286E+03   2.954971E+03   8.274524E-01
   1.486230E+00   1.627035E+03   2.936354E+03   8.268166E-01
   1.491375E+00   1.621807E+03   2.917828E+03   8.261817E-01
   1.496537E+00   1.616601E+03   2.899389E+03   8.255485E-01
   1.501718E+00   1.611417E+03   2.881036E+03   8.249176E-01
   1.506916E+00   1.606254E+03   2.862766E+03   8.242900E-01
   1.512132E+00   1.601113E+03   2.844577E+03   8.236663E-01
   1.517367E+00   1.595992E+03   2.826468E+03   8.230472E-01
   1.522619E+00   1.590892E+03   2.808437E+03   8.224333E-01
   1.527890E+00   1.585811E+03   2.790481E+03   8.218253E-01
   1.533179E+00   1.580749E+03   2.772599E+03   8.212234E-01
   1.538486E+00   1.575706E+03   2.754790E+03   8.206282E-01
   1.543812E+00   1.570679E+03   2.737053E+03   8.200398E-01
   1.549156E+00   1.565669E+03   2.719386E+03   8.194585E-01
   1.554518E+00   1.560675E+03   2.701790E+03   8.188843E-01
   1.559899E+00   1.555695E+03   2.684263E+03   8.183170E-01
   1.565299E+00   1.550729E+03   2.666806E+03   8.177565E-01
   1.570717E+00   1.545776E+03   2.649418E+03   8.172024E-01
   1.576155E+00   1.540835E+03   2.632100E+03   8.166543E-01
   1.581611E+00   1.535905E+03   2.614851E+03   8.161116E-01
   1.587085E+00   1.530986E+03   2.597674E+03   8.155739E-01
   1.592579E+00   1.526077E+03   2.580568E+03   8.150402E-01
   1.598092E+00   1.521178E+03   2.563535E+03   8.145099E-01
   1.603624E+00   1.516287E+03   2.546576E+03   8.139822E-01
   1.609175E+00   1.511404E+03   2.529691E+03   8.134563E-01
   1.614745E+00   1.506529E+03   2.512882E+03   8.129313E-01
   1.620335E+00   1.501662E+03   2.496150E+03   8.124064E-01
   1.625944E+00   1.496802E+03   2.479496E+03   8.118808E-01
   1.631572E+00   1.491950E+03   2.462923E+03   8.113538E-01
   1.637220E+00   1.487104E+03   2.446429E+03   8.108246E-01
   1.642887E+00   1.482266E+03   2.430018E+03   8.102927E-01
   1.648574E+00   1.477435E+03   2.413689E+03   8.097575E-01
   1.654281E+00   1.472610E+03   2.397443E+03   8.092184E-01
   1.660008E+00   1.467794E+03   2.381282E+03   8.086750E-01
   1.665754E+00   1.462984E+03   2.365207E+03   8.081269E-01
   1.671520E+00   1.458182E+03   2.349217E+03   8.075739E-01
   1.677306E+00   1.453388E+03   2.333314E+03   8.070156E-01
   1.683112E+00   1.448602E+03   2.317498E+03   8.064519E-01
   1.688938E+00   1.443824E+03   2.301770E+03   8.058826E-01
   1.694785E+00   1.439054E+03   2.286130E+03   8.053075E-01
   1.700651E+00   1.434293E+03   2.270579E+03   8.047265E-01
   1.706538E+00   1.429540E+03   2.255117E+03   8.041396E-01
   1.712446E+00   1.424797E+03   2.239744E+03   8.035465E-01
   1.718373E+00   1.420062E+03   2.224461E+03   8.029473E-01
   1.724322E+00   1.415337E+03   2.209269E+03   8.023417E-01
   1.730291E+00   1.410622E+03   2.194167E+03   8.017297E-01
   1.736280E+00   1.405916E+03   2.179157E+03   8.011111E-01
   1.742290E+00   1.401221E+03   2.164238E+03   8.004858E-01
   1.748322E+00   1.396536E+03   2.149411E+03   7.998537E-01
   1.754374E+00   1.391862E+03   2.134676E+03   7.992147E-01
   1.760446E+00   1.387199E+03   2.120033E+03   7.985685E-01
   1.766540E+00   1.382547E+03   2.105482E+03   7.979151E-01
   1.772655E+00   1.377907E+03   2.091024E+03   7.972544E-01
   1.778792E+00   1.373280E+03   2.076659E+03   7.965864E-01
   1.784949E+00   1.368664E+03   2.062386E+03   7.959109E-01
   1.791128E+00   1.364062E+03   2.048205E+03   7.952280E-01
   1.797328E+00   1.359472E+03   2.034115E+03   7.945377E-01
   1.803549E+00   1.354896E+03   2.020118E+03   7.938401E-01
   1.809793E+00   1.350334E+03   2.006211E+03   7.931353E-01
   1.816057E+00   1.345786E+03   1.992394E+03   7.924235E-01
   1.822344E+00   1.341253E+03   1.978667E+03   7.917049E-01
   1.828652E+00   1.336734E+03   1.965028E+03   7.909798E-01
   1.834982E+00   1.332231E+03   1.951478E+03   7.902485E-01
   1.841334E+00   1.327743E+03   1.938014E+03   7.895112E-01
   1.847708E+00   1.323270E+03   1.924636E+03   7.887685E-01
   1.854104E+00   1.318813E+03   1.911342E+03   7.880206E-01
   1.860522E+00   1.314371E+03   1.898132E+03   7.872679E-01
   1.866962E+00   1.309946E+03   1.885005E+03   7.865109E-01
   1.873425E+00   1.305536E+03   1.871958E+03   7.857499E-01
   1.879910E+00   1.301142E+03   1.858992E+03   7.849853E-01
   1.886418E+00   1.296763E+03   1.846105E+03   7.842173E-01
   1.892948E+00   1.292401E+03   1.833295E+03   7.834464E-01
   1.899500E+00   1.288054E+03   1.820563E+03   7.826728E-01
   1.906075E+00   1.283722E+03   1.807906E+03   7.818966E-01
   1.912673E+00   1.279405E+03   1.795324E+03   7.811181E-01
   1.919294E+00   1.275103E+03   1.782816E+03   7.803373E-01
   1.925938E+00   1.270815E+03   1.770381E+03   7.795542E-01
   1.932605E+00   1.266542E+03   1.758019E+03   7.787689E-01
   1.939295E+00   1.262283E+03   1.745729E+03   7.779813E-01
   1.946008E+00   1.258038E+03   1.733511E+03   7.771911E-01
   1.952744E+00   1.253807E+03   1.721363E+03   7.763981E-01
   1.959504E+00   1.249588E+03   1.709286E+03   7.756021E-01
   1.966287E+00   1.245383E+03   1.697280E+03   7.748027E-01
   1.973093E+00   1.241190E+03   1.685343E+03   7.739996E-01
   1.979923E+00   1.237009E+03   1.673477E+03   7.731923E-01
   1.986777E+00   1.232841E+03   1.661681E+03   7.723804E-01
   1.993654E+00   1.228684E+03   1.649954E+03   7.715634E-01
   2.000555E+00   1.224540E+03   1.638297E+03   7.707408E-01
   2.007480E+00   1.220407E+03   1.626710E+03   7.699120E-01
   2.014430E+00   1.216285E+03   1.615193E+03   7.690767E-01
   2.021403E+00   1.212175E+03   1.603746E+03   7.682343E-01
   2.028400E+00   1.208076E+03   1.592369E+03   7.673844E-01
   2.035421E+00   1.203988E+03   1.581062E+03   7.665264E-01
   2.042467E+00   1.199911E+03   1.569825E+03   7.656601E-01
   2.049537E+00   1.195845E+03   1.558659E+03   7.647850E-01
   2.056632E+00   1.191791E+03   1.547562E+03   7.639007E-01
   2.063751E+00   1.187747E+03   1.536536E+03   7.630072E-01
   2.070895E+00   1.183714E+03   1.525579E+03   7.621041E-01
   2.078064E+00   1.179693E+03   1.514693E+03   7.611912E-01
   2.085257E+00   1.175683E+03   1.503877E+03   7.602685E-01
   2.092475E+00   1.171684E+03   1.493131E+03   7.593360E-01
   2.099719E+00   1.167697E+03   1.482454E+03   7.583937E-01
   2.106987E+00   1.163721E+03   1.471847E+03   7.574416E-01
   2.114280E+00   1.159756E+03   1.461310E+03   7.564799E-01
   2.121599E+00   1.155804E+03   1.450841E+03   7.555088E-01
   2.128943E+00   1.151863E+03   1.440441E+03   7.545285E-01
   2.136313E+00   1.147934E+03   1.430110E+03   7.535394E-01
   2.143708E+00   1.144017E+03   1.419847E+03   7.525418E-01
   2.151128E+00   1.140112E+03   1.409651E+03   7.515361E-01
   2.158575E+00   1.136219E+03   1.399523E+03   7.505227E-01
   2.166047E+00   1.132339E+03   1.389462E+03   7.495020E-01
   2.173545E+00   1.128471E+03   1.379468E+03   7.484746E-01
   2.181069E+00   1.124616E+03   1.369540E+03   7.474409E-01
   2.188619E+00   1.120773E+03   1.359678E+03   7.464015E-01
   2.196195E+00   1.116943E+03   1.349881E+03   7.453569E-01
   2.203797E+00   1.113125E+03   1.340149E+03   7.443077E-01
   2.211426E+00   1.109321E+03   1.330482E+03   7.432543E-01
   2.219081E+00   1.105529E+03   1.320879E+03   7.421974E-01
   2.226762E+00   1.154945E+03   2.163812E+03   7.360325E-01
   2.234470E+00   1.164799E+03   2.333158E+03   7.339413E-01
   2.242205E+00   1.166515E+03   2.406640E+03   7.323867E-01
   2.249967E+00   1.169511E+03   2.447986E+03   7.310540E-01
   2.257755E+00   1.169606E+03   2.475863E+03   7.297750E-01
   2.265571E+00   1.168238E+03   2.494209E+03   7.285393E-01
   2.273413E+00   1.164760E+03   2.505117E+03   7.273254E-01
   2.281283E+00   1.160589E+03   2.510024E+03   7.261394E-01
   2.289179E+00   1.158196E+03   2.515071E+03   7.249690E-01
   2.297104E+00   1.158403E+03   2.512236E+03   7.238750E-01
   2.305055E+00   1.154162E+03   2.510835E+03   7.227183E-01
   2.313034E+00   1.154480E+03   2.503781E+03   7.216457E-01
   2.321041E+00   1.144919E+03   2.499026E+03   7.204423E-01
   2.329076E+00   1.145789E+03   2.490429E+03   7.193785E-01
   2.337138E+00   1.144122E+03   2.485428E+03   7.182594E-01
   2.345228E+00   1.138814E+03   2.473314E+03   7.171394E-01
   2.353346E+00   1.133313E+03   2.463717E+03   7.159972E-01
   2.361493E+00   1.134121E+03   2.450946E+03   7.149449E-01
   2.369667E+00   1.132920E+03   2.441055E+03   7.138477E-01
   2.377870E+00   1.127420E+03   2.428186E+03   7.127149E-01
   2.386101E+00   1.128971E+03   2.414671E+03   7.116666E-01
   2.394361E+00   1.130703E+03   2.401465E+03   7.106159E-01
   2.402649E+00   1.125823E+03   2.390989E+03   7.094657E-01
   2.410966E+00   1.120771E+03   2.377383E+03   7.083299E-01
   2.419312E+00   1.115087E+03   2.364002E+03   7.071820E-01
   2.427686E+00   1.109332E+03   2.350400E+03   7.060318E-01
   2.436090E+00   1.111961E+03   2.333366E+03   7.050052E-01
   2.444523E+00   1.110286E+03   2.318987E+03   7.039070E-01
   2.452985E+00   1.103320E+03   2.306039E+03   7.027317E-01
   2.461476E+00   1.104393E+03   2.289489E+03   7.016802E-01
   2.469997E+00   1.102645E+03   2.275573E+03   7.005753E-01
   2.478547E+00   1.099372E+03   2.260641E+03   6.994578E-01
   2.487126E+00   1.094970E+03   2.246827E+03   6.983183E-01
   2.495736E+00   1.095485E+03   2.230462E+03   6.972608E-01
   2.504375E+00   1.088384E+03   2.216305E+03   6.960905E-01
   2.513044E+00   1.085529E+03   2.202494E+03   6.949744E-01
   2.521743E+00   1.087101E+03   2.184463E+03   6.939502E-01
   2.530472E+00   1.085676E+03   2.172222E+03   6.928466E-01
   2.539232E+00   1.080671E+03   2.153037E+03   6.917532E-01
   2.548022E+00   1.075932E+03   2.139986E+03   6.906197E-01
   2.556842E+00   1.076554E+03   2.123225E+03   6.895925E-01
   2.565692E+00   1.071445E+03   2.109838E+03   6.884669E-01
   2.574574E+00   1.070524E+03   2.093334E+03   6.874303E-01
   2.583486E+00   1.069500E+03   2.076900E+03   6.863999E-01
   2.592429E+00   1.063806E+03   2.064806E+03   6.852755E-01
   2.601403E+00   1.059332E+03   2.048602E+03   6.842136E-01
   2.610408E+00   1.059755E+03   2.033145E+03   6.832212E-01
   2.619444E+00   1.055969E+03   2.017956E+03   6.821798E-01
   2.628511E+00   1.055562E+03   2.003310E+03   6.811902E-01
   2.637610E+00   1.051837E+03   1.986902E+03   6.801861E-01
   2.646740E+00   1.047627E+03   1.972544E+03   6.791669E-01
   2.655902E+00   1.047478E+03   1.957433E+03   6.782250E-01
   2.665096E+00   1.042330E+03   1.942920E+03   6.772228E-01
   2.674321E+00   1.041619E+03   1.927353E+03   6.763089E-01
   2.683579E+00   1.041632E+03   1.912821E+03   6.754088E-01
   2.692868E+00   1.035653E+03   1.898064E+03   6.744468E-01
   2.702190E+00   1.031043E+03   1.885211E+03   6.734966E-01
   2.711544E+00   1.029366E+03   1.867910E+03   6.726629E-01
   2.720930E+00   1.026608E+03   1.854648E+03   6.717801E-01
   2.730349E+00   1.023627E+03   1.838994E+03   6.709472E-01
   2.739800E+00   1.019431E+03   1.824550E+03   6.701017E-01
   2.749284E+00   1.016656E+03   1.809919E+03   6.692994E-01
   2.758801E+00   1.015305E+03   1.793980E+03   6.685580E-01
   2.768351E+00   1.012545E+03   1.779982E+03   6.677908E-01
   2.777934E+00   1.008516E+03   1.764280E+03   6.670571E-01
   2.787550E+00   1.005920E+03   1.749778E+03   6.663468E-01
   2.797199E+00   1.005693E+03   1.737074E+03   6.656603E-01
   2.806882E+00   1.002444E+03   1.718069E+03   6.650682E-01
   2.816598E+00   9.978290E+02   1.704580E+03   6.643876E-01
   2.826348E+00   9.980969E+02   1.690021E+03   6.638136E-01
   2.836131E+00   9.962890E+02   1.676519E+03   6.632180E-01
   2.845949E+00   9.934204E+02   1.660854E+03   6.626756E-01
   2.855800E+00   9.879830E+02   1.648808E+03   6.620559E-01
   2.865686E+00   9.852820E+02   1.632337E+03   6.615841E-01
   2.875606E+00   9.830443E+02   1.617684E+03   6.611078E-01
   2.885560E+00   9.803393E+02   1.603021E+03   6.606519E-01
   2.895549E+00   9.780629E+02   1.588486E+03   6.602243E-01
   2.905572E+00   9.775414E+02   1.574601E+03   6.598288E-01
   2.915630E+00   9.764078E+02   1.559585E+03   6.594761E-01
   2.925722E+00   9.765312E+02   1.545049E+03   6.591525E-01
   2.935850E+00   9.718439E+02   1.530518E+03   6.587975E-01
   2.946013E+00   9.690798E+02   1.516060E+03   6.584880E-01
   2.956211E+00   9.670470E+02   1.501389E+03   6.582164E-01
   2.966444E+00   9.656140E+02   1.487031E+03   6.579678E-01
   2.976712E+00   9.613403E+02   1.473763E+03   6.576836E-01
   2.987016E+00   9.594669E+02   1.458361E+03   6.575025E-01
   2.997356E+00   9.566412E+02   1.445049E+03   6.572802E-01
   3.007732E+00   9.549354E+02   1.430815E+03   6.571152E-01
   3.018143E+00   9.520127E+02   1.416085E+03   6.569717E-01
   3.028591E+00   9.498447E+02   1.401731E+03   6.568471E-01
   3.039075E+00   9.485532E+02   1.387124E+03   6.567583E-01
   3.049595E+00   9.485142E+02   1.372669E+03   6.566973E-01
   3.060151E+00   9.466412E+02   1.358338E+03   6.566326E-01
   3.070744E+00   9.438106E+02   1.344557E+03   6.565606E-01
   3.081374E+00   9.446055E+02   1.330213E+03   6.565571E-01
   3.092040E+00   9.414586E+02   1.317047E+03   6.564972E-01
   3.102743E+00   9.407570E+02   1.302328E+03   6.565212E-01
   3.113484E+00   9.419344E+02   1.288024E+03   6.565651E-01
   3.124261E+00   9.398913E+02   1.274575E+03   6.565669E-01
   3.135076E+00   9.394687E+02   1.261141E+03   6.565957E-01
   3.145929E+00   9.386287E+02   1.248266E+03   6.566153E-01
   3.156819E+00   9.357437E+02   1.235018E+03   6.566389E-01
   3.167746E+00   9.341413E+02   1.221553E+03   6.566907E-01
   3.178712E+00   9.346374E+02   1.208701E+03   6.567508E-01
   3.189715E+00   9.327289E+02   1.196110E+03   6.567903E-01
   3.200756E+00   9.342878E+02   1.182819E+03   6.568881E-01
   3.211836E+00   9.311334E+02   1.170081E+03   6.569358E-01
   3.222954E+00   9.292701E+02   1.157597E+03   6.569922E-01
   3.234111E+00   9.294571E+02   1.144766E+03   6.570809E-01
   3.245306E+00   9.270171E+02   1.131529E+03   6.571658E-01
   3.256540E+00   9.256058E+02   1.118645E+03   6.572511E-01
   3.267812E+00   9.240073E+02   1.106969E+03   6.572986E-01
   3.279124E+00   9.249619E+02   1.094438E+03   6.573946E-01
   3.290475E+00   9.212588E+02   1.082240E+03   6.574455E-01
   3.301866E+00   9.203777E+02   1.070111E+03   6.575154E-01
   3.313295E+00   9.191709E+02   1.057734E+03   6.575901E-01
   3.324764E+00   9.170453E+02   1.046081E+03   6.576333E-01
   3.336273E+00   9.154750E+02   1.033979E+03   6.576927E-01
   3.347822E+00   9.143760E+02   1.021931E+03   6.577506E-01
   3.359411E+00   9.135792E+02   1.010113E+03   6.577992E-01
   3.371040E+00   9.128703E+02   9.984546E+02   6.578385E-01
   3.382709E+00   9.121035E+02   9.870910E+02   6.578626E-01
   3.394418E+00   9.104249E+02   9.750465E+02   6.578959E-01
   3.406169E+00   9.129843E+02   9.638926E+02   6.579220E-01
   3.417959E+00   9.172561E+02   9.532446E+02   6.579351E-01
   3.429791E+00   9.145476E+02   9.456047E+02   6.578008E-01
   3.441663E+00   9.042423E+02   9.351440E+02   6.576980E-01
   3.453577E+00   8.999612E+02   9.230639E+02   6.576747E-01
   3.465532E+00   8.989979E+02   9.119597E+02   6.576318E-01
   3.477528E+00   8.957070E+02   9.013193E+02   6.575491E-01
   3.489566E+00   8.946594E+02   8.890364E+02   6.575180E-01
   3.501645E+00   8.963506E+02   8.787267E+02   6.574315E-01
   3.513766E+00   8.946844E+02   8.710518E+02   6.572343E-01
   3.525930E+00   8.876463E+02   8.597510E+02   6.570979E-01
   3.538135E+00   8.862236E+02   8.493161E+02   6.569557E-01
   3.550382E+00   8.840253E+02   8.394050E+02   6.567789E-01
   3.562672E+00   8.824458E+02   8.281452E+02   6.566278E-01
   3.575005E+00   8.795234E+02   8.182918E+02   6.564131E-01
   3.587380E+00   8.781691E+02   8.081326E+02   6.561989E-01
   3.599798E+00   8.769384E+02   7.986721E+02   6.559492E-01
   3.612259E+00   8.748055E+02   7.885095E+02   6.556946E-01
   3.624763E+00   8.736762E+02   7.792898E+02   6.554027E-01
   3.637311E+00   8.707272E+02   7.693623E+02   6.550990E-01
   3.649901E+00   8.695225E+02   7.597627E+02   6.547769E-01
   3.662536E+00   8.671198E+02   7.502659E+02   6.544250E-01
   3.675214E+00   8.658166E+02   7.412229E+02   6.540476E-01
   3.687936E+00   8.638532E+02   7.316494E+02   6.536571E-01
   3.700702E+00   8.630534E+02   7.230268E+02   6.532299E-01
   3.713513E+00   8.606656E+02   7.140626E+02   6.527789E-01
   3.726367E+00   8.581495E+02   7.050566E+02   6.523050E-01
   3.739266E+00   8.579144E+02   6.958697E+02   6.518239E-01
   3.752210E+00   8.569602E+02   6.874087E+02   6.513004E-01
   3.765199E+00   8.544722E+02   6.791262E+02   6.507408E-01
   3.778232E+00   8.549498E+02   6.702132E+02   6.501848E-01
   3.791311E+00   8.512176E+02   6.622488E+02   6.495632E-01
   3.804435E+00   8.493948E+02   6.541327E+02   6.489300E-01
   3.817604E+00   8.479612E+02   6.457963E+02   6.482767E-01
   3.830819E+00   8.453941E+02   6.375928E+02   6.475885E-01
   3.844080E+00   8.440040E+02   6.296409E+02   6.468770E-01
   3.857386E+00   8.418379E+02   6.217745E+02   6.461332E-01
   3.870739E+00   8.399945E+02   6.137889E+02   6.453656E-01
   3.884138E+00   8.393275E+02   6.058957E+02   6.445763E-01
   3.897583E+00   8.360407E+02   5.985321E+02   6.437386E-01
   3.911075E+00   8.352600E+02   5.902816E+02   6.428962E-01
   3.924614E+00   8.330964E+02   5.831838E+02   6.420072E-01
   3.938199E+00   8.320632E+02   5.752206E+02   6.411035E-01
   3.951831E+00   8.307234E+02   5.682011E+02   6.401630E-01
   3.965511E+00   8.285900E+02   5.608528E+02   6.391915E-01
   3.979238E+00   8.268617E+02   5.537694E+02   6.381926E-01
   3.993012E+00   8.262251E+02   5.462708E+02   6.371731E-01
   4.006834E+00   8.259673E+02   5.396672E+02   6.361249E-01
   4.020704E+00   8.258903E+02   5.326134E+02   6.350502E-01
   4.034622E+00   8.225135E+02   5.262981E+02   6.339264E-01
   4.048589E+00   8.208850E+02   5.192597E+02   6.327849E-01
   4.062603E+00   8.197199E+02   5.124190E+02   6.316174E-01
   4.076666E+00   8.184757E+02   5.059916E+02   6.304220E-01
   4.090778E+00   8.165683E+02   4.993220E+02   6.291931E-01
   4.104938E+00   8.151797E+02   4.926592E+02   6.279388E-01
   4.119148E+00   8.139736E+02   4.864093E+02   6.266598E-01
   4.133407E+00   8.136609E+02   4.800943E+02   6.253582E-01
   4.147715E+00   8.127274E+02   4.737939E+02   6.240247E-01
   4.162073E+00   8.110374E+02   4.675224E+02   6.226586E-01
   4.176480E+00   8.098389E+02   4.614784E+02   6.212704E-01
   4.190937E+00   8.096216E+02   4.556170E+02   6.198638E-01
   4.205445E+00   8.084343E+02   4.498035E+02   6.184246E-01
   4.220002E+00   8.064696E+02   4.437898E+02   6.169506E-01
   4.234610E+00   8.057644E+02   4.380838E+02   6.154630E-01
   4.249268E+00   8.041316E+02   4.321829E+02   6.139395E-01
   4.263978E+00   8.035595E+02   4.263957E+02   6.123990E-01
   4.278738E+00   8.028500E+02   4.208767E+02   6.108367E-01
   4.293549E+00   8.013852E+02   4.151811E+02   6.092403E-01
   4.308411E+00   8.019714E+02   4.099234E+02   6.076424E-01
   4.323325E+00   7.999540E+02   4.043122E+02   6.059937E-01
   4.338291E+00   7.995942E+02   3.991050E+02   6.043417E-01
   4.353308E+00   7.992978E+02   3.938040E+02   6.026640E-01
   4.368377E+00   7.977266E+02   3.883973E+02   6.009505E-01
   4.383499E+00   7.978663E+02   3.835858E+02   5.992424E-01
   4.398673E+00   7.969177E+02   3.785141E+02   5.974966E-01
   4.413899E+00   7.957245E+02   3.734840E+02   5.957278E-01
   4.429178E+00   7.951143E+02   3.689616E+02   5.939573E-01
   4.444510E+00   7.925145E+02   3.637855E+02   5.921299E-01
   4.459895E+00   7.919978E+02   3.588279E+02   5.903033E-01
   4.475334E+00   7.911724E+02   3.540259E+02   5.884587E-01
   4.490825E+00   7.898280E+02   3.491909E+02   5.865885E-01
   4.506371E+00   7.888521E+02   3.445157E+02   5.847067E-01
   4.521970E+00   7.876347E+02   3.395775E+02   5.827933E-01
   4.537623E+00   7.867695E+02   3.347783E+02   5.808680E-01
   4.553330E+00   7.860283E+02   3.303028E+02   5.789377E-01
   4.569092E+00   7.861617E+02   3.258294E+02   5.769958E-01
   4.584908E+00   7.842347E+02   3.210896E+02   5.750086E-01
   4.600779E+00   7.842224E+02   3.166865E+02   5.730328E-01
   4.616705E+00   7.841726E+02   3.122595E+02   5.710384E-01
   4.632687E+00   7.831449E+02   3.079206E+02   5.690237E-01
   4.648723E+00   7.827815E+02   3.035717E+02   5.669971E-01
   4.664815E+00   7.824735E+02   2.994055E+02   5.649638E-01
   4.680963E+00   7.818782E+02   2.951174E+02   5.629066E-01
   4.697166E+00   7.812386E+02   2.908490E+02   5.608347E-01
   4.713426E+00   7.799518E+02   2.865892E+02   5.587431E-01
   4.729742E+00   7.799461E+02   2.824144E+02   5.566513E-01
   4.746114E+00   7.799310E+02   2.782416E+02   5.545451E-01
   4.762543E+00   7.802106E+02   2.740814E+02   5.524280E-01
   4.779029E+00   7.800675E+02   2.700587E+02   5.503019E-01
   4.795572E+00   7.805627E+02   2.659534E+02   5.481628E-01
   4.812172E+00   7.815335E+02   2.618599E+02   5.460150E-01
   4.828830E+00   7.836029E+02   2.579592E+02   5.438749E-01
   4.845545E+00   7.848143E+02   2.538425E+02   5.417026E-01
   4.862319E+00   7.874826E+02   2.501409E+02   5.395558E-01
   4.879150E+00   7.908672E+02   2.462483E+02   5.373909E-01
   4.896040E+00   7.950478E+02   2.427786E+02   5.352487E-01
   4.912988E+00   8.002135E+02   2.393109E+02   5.331040E-01
   4.929994E+00   8.078924E+02   2.364069E+02   5.310065E-01
   4.947060E+00   8.131466E+02   2.339802E+02   5.289154E-01
   4.964185E+00   8.142224E+02   2.317341E+02   5.267990E-01
   4.981369E+00   8.120050E+02   2.290985E+02   5.246242E-01
   4.998612E+00   8.104043E+02   2.261764E+02   5.224264E-01
   5.015915E+00   8.088399E+02   2.232615E+02   5.202222E-01
   5.033278E+00   8.078389E+02   2.202936E+02   5.180113E-01
   5.050701E+00   8.044465E+02   2.173863E+02   5.157807E-01
   5.068185E+00   7.994277E+02   2.141100E+02   5.135037E-01
   5.085729E+00   7.962343E+02   2.106965E+02   5.112224E-01
   5.103333E+00   7.935428E+02   2.071190E+02   5.089250E-01
   5.120999E+00   7.926780E+02   2.034480E+02   5.066262E-01
   5.138726E+00   7.930302E+02   1.997451E+02   5.043265E-01
   5.156514E+00   7.943693E+02   1.964150E+02   5.020574E-01
   5.174363E+00   7.966034E+02   1.929757E+02   4.997793E-01
   5.192275E+00   8.003192E+02   1.895247E+02   4.975043E-01
   5.210248E+00   8.064149E+02   1.862600E+02   4.952555E-01
   5.228284E+00   8.151220E+02   1.832724E+02   4.930424E-01
   5.246382E+00   8.278907E+02   1.809634E+02   4.909105E-01
   5.264543E+00   8.395609E+02   1.794095E+02   4.888336E-01
   5.282767E+00   8.481970E+02   1.783367E+02   4.867772E-01
   5.301053E+00   8.534418E+02   1.776177E+02   4.847297E-01
   5.319403E+00   8.537218E+02   1.768755E+02   4.826483E-01
   5.337817E+00   8.471191E+02   1.760491E+02   4.805160E-01
   5.356294E+00   8.326708E+02   1.745446E+02   4.782713E-01
   5.374836E+00   8.134141E+02   1.717309E+02   4.758723E-01
   5.393441E+00   7.978377E+02   1.678313E+02   4.733914E-01
   5.412111E+00   7.897471E+02   1.638916E+02   4.709510E-01
   5.430845E+00   7.869573E+02   1.601727E+02   4.685622E-01
   5.449645E+00   7.857480E+02   1.569013E+02   4.662236E-01
   5.468509E+00   7.853359E+02   1.537992E+02   4.639039E-01
   5.487439E+00   7.862741E+02   1.508138E+02   4.616020E-01
   5.506434E+00   7.870116E+02   1.479172E+02   4.593054E-01
   5.525495E+00   7.898709E+02   1.452044E+02   4.570389E-01
   5.544622E+00   7.905503E+02   1.426173E+02   4.547706E-01
   5.563815E+00   7.922130E+02   1.400295E+02   4.525069E-01
   5.583075E+00   7.936242E+02   1.376203E+02   4.502598E-01
   5.602401E+00   7.959947E+02   1.351884E+02   4.480152E-01
   5.621794E+00   7.983517E+02   1.330047E+02   4.457971E-01
   5.641254E+00   7.979421E+02   1.306927E+02   4.435492E-01
   5.660782E+00   8.003594E+02   1.284431E+02   4.413241E-01
   5.680377E+00   7.998083E+02   1.262107E+02   4.390849E-01
   5.700040E+00   7.999415E+02   1.239023E+02   4.368412E-01
   5.719772E+00   8.005162E+02   1.217307E+02   4.346161E-01
   5.739571E+00   8.000899E+02   1.194291E+02   4.323714E-01
   5.759439E+00   8.005511E+02   1.172466E+02   4.301459E-01
   5.779376E+00   7.993062E+02   1.149843E+02   4.279032E-01
   5.799382E+00   7.987402E+02   1.126047E+02   4.256507E-01
   5.819457E+00   7.989108E+02   1.103036E+02   4.234119E-01
   5.839601E+00   7.993371E+02   1.078439E+02   4.211554E-01
   5.859815E+00   8.005998E+02   1.054778E+02   4.189147E-01
   5.880100E+00   8.054132E+02   1.029968E+02   4.166757E-01
   5.900454E+00   8.078948E+02   1.011801E+02   4.145112E-01
   5.920879E+00   8.128731E+02   9.883757E+01   4.122904E-01
   5.941375E+00   8.202352E+02   9.686731E+01   4.101277E-01
   5.961941E+00   8.293195E+02   9.535579E+01   4.080329E-01
   5.982579E+00   8.357398E+02   9.390524E+01   4.059372E-01
   6.003288E+00   8.405456E+02   9.247962E+01   4.038410E-01
   6.024069E+00   8.433516E+02   9.102897E+01   4.017368E-01
   6.044922E+00   8.444847E+02   8.936657E+01   3.996003E-01
   6.065847E+00   8.474917E+02   8.778328E+01   3.974834E-01
   6.086844E+00   8.510692E+02   8.613753E+01   3.953618E-01
   6.107914E+00   8.545638E+02   8.470002E+01   3.932720E-01
   6.129058E+00   8.583239E+02   8.327255E+01   3.911870E-01
   6.150274E+00   8.600497E+02   8.195553E+01   3.891158E-01
   6.171563E+00   8.603725E+02   8.052493E+01   3.870276E-01
   6.192927E+00   8.600859E+02   7.912890E+01   3.849466E-01
   6.214364E+00   8.585868E+02   7.757742E+01   3.828430E-01
   6.235876E+00   8.560721E+02   7.587416E+01   3.807172E-01
   6.257462E+00   8.544391E+02   7.417363E+01   3.785968E-01
   6.279122E+00   8.518264E+02   7.239689E+01   3.764653E-01
   6.300858E+00   8.498898E+02   7.058198E+01   3.743316E-01
   6.322669E+00   8.488896E+02   6.863236E+01   3.721801E-01
   6.344555E+00   8.491849E+02   6.675493E+01   3.700438E-01
   6.366518E+00   8.508803E+02   6.494363E+01   3.679218E-01
   6.388556E+00   8.550892E+02   6.336961E+01   3.658443E-01
   6.410670E+00   8.586702E+02   6.175642E+01   3.637603E-01
   6.432862E+00   8.630233E+02   6.022752E+01   3.616926E-01
   6.455129E+00   8.681987E+02   5.882525E+01   3.596490E-01
   6.477474E+00   8.736860E+02   5.749029E+01   3.576187E-01
   6.499897E+00   8.788553E+02   5.607563E+01   3.555747E-01
   6.522397E+00   8.857854E+02   5.486261E+01   3.535691E-01
   6.544974E+00   8.906032E+02   5.361905E+01   3.515589E-01
   6.567630E+00   8.976509E+02   5.247370E+01   3.495681E-01
   6.590365E+00   9.023159E+02   5.131044E+01   3.475763E-01
   6.613178E+00   9.072460E+02   5.018096E+01   3.455925E-01
   6.636070E+00   9.100645E+02   4.897065E+01   3.435961E-01
   6.659041E+00   9.139425E+02   4.772203E+01   3.415916E-01
   6.682092E+00   9.183782E+02   4.657860E+01   3.396091E-01
   6.705223E+00   9.244412E+02   4.546157E+01   3.376299E-01
   6.728433E+00   9.300573E+02   4.448287E+01   3.356822E-01
   6.751724E+00   9.343084E+02   4.344830E+01   3.337262E-01
   6.775096E+00   9.413814E+02   4.244158E+01   3.317695E-01
   6.798549E+00   9.484467E+02   4.146836E+01   3.298196E-01
   6.822082E+00   9.548357E+02   4.054491E+01   3.278832E-01
   6.845698E+00   9.611242E+02   3.964890E+01   3.259534E-01
   6.869395E+00   9.661638E+02   3.872500E+01   3.240213E-01
   6.893173E+00   9.718986E+02   3.783119E+01   3.220933E-01
   6.917035E+00   9.783553E+02   3.698725E+01   3.201738E-01
   6.940979E+00   9.859527E+02   3.624391E+01   3.182740E-01
   6.965005E+00   9.921098E+02   3.548340E+01   3.163761E-01
   6.989115E+00   9.973119E+02   3.468790E+01   3.144727E-01
   7.013309E+00   1.002153E+03   3.381739E+01   3.125475E-01
   7.037586E+00   1.007423E+03   3.289432E+01   3.105992E-01
   7.061947E+00   1.015040E+03   3.217299E+01   3.086905E-01
   7.086393E+00   1.021115E+03   3.152065E+01   3.068122E-01
   7.110923E+00   1.028047E+03   3.083344E+01   3.049102E-01
   7.135538E+00   1.037087E+03   3.025111E+01   3.030178E-01
   7.160238E+00   1.046862E+03   2.965543E+01   3.011034E-01
   7.185024E+00   1.056407E+03   2.910680E+01   2.991972E-01
   7.209895E+00   1.064600E+03   2.857417E+01   2.973017E-01
   7.234853E+00   1.075326E+03   2.818668E+01   2.954210E-01
   7.259897E+00   1.086705E+03   2.788600E+01   2.935551E-01
   7.285028E+00   1.099273E+03   2.763008E+01   2.916743E-01
   7.310246E+00   1.113225E+03   2.746634E+01   2.897937E-01
   7.335551E+00   1.126391E+03   2.733571E+01   2.879214E-01
   7.360943E+00   1.141941E+03   2.736870E+01   2.860664E-01
   7.386424E+00   1.157562E+03   2.746754E+01   2.842214E-01
   7.411992E+00   1.173768E+03   2.763563E+01   2.823746E-01
   7.437650E+00   1.190092E+03   2.785209E+01   2.805204E-01
   7.463396E+00   1.207332E+03   2.817229E+01   2.786746E-01
   7.489231E+00   1.222686E+03   2.848217E+01   2.768467E-01
   7.515155E+00   1.239019E+03   2.886067E+01   2.749802E-01
   7.541170E+00   1.257815E+03   2.942339E+01   2.731224E-01
   7.567274E+00   1.277607E+03   3.009740E+01   2.712427E-01
   7.593469E+00   1.298086E+03   3.088903E+01   2.693735E-01
   7.619754E+00   1.319012E+03   3.178560E+01   2.674981E-01
   7.646131E+00   1.342056E+03   3.287827E+01   2.656162E-01
   7.672598E+00   1.367515E+03   3.420555E+01   2.637038E-01
   7.699158E+00   1.396578E+03   3.583397E+01   2.617971E-01
   7.725809E+00   1.425171E+03   3.757675E+01   2.598691E-01
   7.752553E+00   1.458955E+03   3.975728E+01   2.579209E-01
   7.779389E+00   1.496023E+03   4.226418E+01   2.559771E-01
   7.806318E+00   1.538736E+03   4.527519E+01   2.540150E-01
   7.833340E+00   1.584851E+03   4.871057E+01   2.520212E-01
   7.860456E+00   1.638005E+03   5.274849E+01   2.500275E-01
   7.887665E+00   1.697548E+03   5.735751E+01   2.480361E-01
   7.914969E+00   1.761829E+03   6.240502E+01   2.460618E-01
   7.942367E+00   1.830887E+03   6.790709E+01   2.440972E-01
   7.969861E+00   1.898460E+03   7.341765E+01   2.421543E-01
   7.997449E+00   1.965663E+03   7.898386E+01   2.402331E-01
   8.025133E+00   2.029036E+03   8.446399E+01   2.382961E-01
   8.052912E+00   2.089689E+03   9.014854E+01   2.362696E-01
   8.080788E+00   2.155107E+03   9.658224E+01   2.341517E-01
   8.108761E+00   2.226603E+03   1.039767E+02   2.319180E-01
   8.136830E+00   2.311285E+03   1.130567E+02   2.295224E-01
   8.164996E+00   2.408533E+03   1.235886E+02   2.270415E-01
   8.193260E+00   2.522911E+03   1.360638E+02   2.244627E-01
   8.221621E+00   2.650544E+03   1.500014E+02   2.218864E-01
   8.250081E+00   2.789634E+03   1.650719E+02   2.194406E-01
   8.278640E+00   2.938269E+03   1.810504E+02   2.172586E-01
   8.307297E+00   3.092797E+03   1.963413E+02   2.158736E-01
   8.336053E+00   3.208519E+03   2.040977E+02   2.160350E-01
   8.364909E+00   3.163934E+03   1.918223E+02   2.170714E-01
   8.393865E+00   3.037168E+03   1.774727E+02   2.154563E-01
   8.422921E+00   3.049996E+03   1.855990E+02   2.113535E-01
   8.452078E+00   3.179785E+03   2.082392E+02   2.069698E-01
   8.481335E+00   3.353041E+03   2.352881E+02   2.033368E-01
   8.510694E+00   3.535773E+03   2.630135E+02   2.006280E-01
   8.540155E+00   3.718622E+03   2.901823E+02   1.987964E-01
   8.569717E+00   3.899954E+03   3.169121E+02   1.975443E-01
   8.599382E+00   4.075318E+03   3.425730E+02   1.966726E-01
   8.629149E+00   4.246131E+03   3.682482E+02   1.958903E-01
   8.659020E+00   4.414051E+03   3.936845E+02   1.952825E-01
   8.688994E+00   4.579345E+03   4.194274E+02   1.947385E-01
   8.719071E+00   4.739310E+03   4.448361E+02   1.942946E-01
   8.749253E+00   4.891106E+03   4.693230E+02   1.939629E-01
   8.779539E+00   5.034392E+03   4.930894E+02   1.936729E-01
   8.809931E+00   5.179264E+03   5.190196E+02   1.932118E-01
   8.840427E+00   5.325004E+03   5.462918E+02   1.927696E-01
   8.871029E+00   5.478703E+03   5.771150E+02   1.921964E-01
   8.901737E+00   5.655753E+03   6.152824E+02   1.915521E-01
   8.932551E+00   5.856979E+03   6.615726E+02   1.909280E-01
   8.963471E+00   6.088449E+03   7.183540E+02   1.905036E-01
   8.994499E+00   6.363357E+03   7.911741E+02   1.904193E-01
   9.025634E+00   6.663392E+03   8.767715E+02   1.915417E-01
   9.056877E+00   6.950905E+03   9.672933E+02   1.944871E-01
   9.088229E+00   7.166767E+03   1.047476E+03   2.000522E-01
   9.119688E+00   7.257213E+03   1.104491E+03   2.088714E-01
   9.151257E+00   7.147914E+03   1.114466E+03   2.203405E-01
   9.182935E+00   6.849852E+03   1.081180E+03   2.328806E-01
   9.214722E+00   6.406632E+03   1.013304E+03   2.441233E-01
   9.246620E+00   5.933577E+03   9.339392E+02   2.517159E-01
   9.278628E+00   5.509455E+03   8.630441E+02   2.561760E-01
   9.310746E+00   5.127665E+03   8.031311E+02   2.590223E-01
   9.342976E+00   4.772784E+03   7.497048E+02   2.606747E-01
   9.375318E+00   4.436676E+03   6.988470E+02   2.611535E-01
   9.407771E+00   4.138312E+03   6.535161E+02   2.606901E-01
   9.440337E+00   3.871290E+03   6.123975E+02   2.595285E-01
   9.473015E+00   3.630186E+03   5.751130E+02   2.579163E-01
   9.505807E+00   3.428215E+03   5.435327E+02   2.560564E-01
   9.538712E+00   3.239977E+03   5.153601E+02   2.541683E-01
   9.571731E+00   3.066221E+03   4.909362E+02   2.523516E-01
   9.604865E+00   2.907011E+03   4.684576E+02   2.504217E-01
   9.638113E+00   2.749732E+03   4.474977E+02   2.485053E-01
   9.671476E+00   2.600723E+03   4.286553E+02   2.466341E-01
   9.704954E+00   2.455313E+03   4.098622E+02   2.445930E-01
   9.738549E+00   2.313511E+03   3.921078E+02   2.425300E-01
   9.772260E+00   2.179233E+03   3.747932E+02   2.403444E-01
   9.806087E+00   2.052899E+03   3.581339E+02   2.380819E-01
   9.840032E+00   1.932564E+03   3.420271E+02   2.357583E-01
   9.874094E+00   1.821485E+03   3.268781E+02   2.334266E-01
   9.908274E+00   1.716914E+03   3.124175E+02   2.310806E-01
   9.942572E+00   1.616917E+03   2.985202E+02   2.287232E-01
   9.976989E+00   1.525309E+03   2.851431E+02   2.263403E-01
   1.001153E+01   1.439118E+03   2.725174E+02   2.239903E-01
   1.004618E+01   1.360617E+03   2.602341E+02   2.216124E-01
   1.008096E+01   1.289730E+03   2.488696E+02   2.193038E-01
   1.011585E+01   1.223854E+03   2.385084E+02   2.170959E-01
   1.015087E+01   1.157052E+03   2.283368E+02   2.148853E-01
   1.018601E+01   1.094462E+03   2.184805E+02   2.126791E-01
   1.022127E+01   1.041157E+03   2.089928E+02   2.104792E-01
   1.025665E+01   9.889688E+02   2.001840E+02   2.083588E-01
   1.029215E+01   9.432874E+02   1.917456E+02   2.062616E-01
   1.032778E+01   8.983750E+02   1.837638E+02   2.042156E-01
   1.036353E+01   8.579273E+02   1.761997E+02   2.022112E-01
   1.039941E+01   8.206457E+02   1.687971E+02   2.002102E-01
   1.043540E+01   7.878002E+02   1.621102E+02   1.983081E-01
   1.047153E+01   7.576427E+02   1.558122E+02   1.964549E-01
   1.050777E+01   7.241643E+02   1.498812E+02   1.946551E-01
   1.054415E+01   6.951609E+02   1.439863E+02   1.928434E-01
   1.058065E+01   6.643102E+02   1.384269E+02   1.910797E-01
   1.061727E+01   6.395936E+02   1.328773E+02   1.893000E-01
   1.065403E+01   6.139169E+02   1.277654E+02   1.875891E-01
   1.069091E+01   5.907094E+02   1.228438E+02   1.859006E-01
   1.072791E+01   5.679431E+02   1.179055E+02   1.841971E-01
   1.076505E+01   5.500495E+02   1.134305E+02   1.825693E-01
   1.080231E+01   5.304708E+02   1.090148E+02   1.809437E-01
   1.083971E+01   5.141331E+02   1.049249E+02   1.793714E-01
   1.087723E+01   4.964251E+02   1.007436E+02   1.777718E-01
   1.091488E+01   4.822868E+02   9.703089E+01   1.762570E-01
   1.095266E+01   4.681333E+02   9.323102E+01   1.747159E-01
   1.099058E+01   4.535327E+02   8.979139E+01   1.732415E-01
   1.102862E+01   4.411652E+02   8.620776E+01   1.717282E-01
   1.106680E+01   4.284780E+02   8.292076E+01   1.702701E-01
   1.110511E+01   4.179227E+02   7.973274E+01   1.688256E-01
   1.114355E+01   4.055892E+02   7.649341E+01   1.673620E-01
   1.118212E+01   3.985293E+02   7.350966E+01   1.659470E-01
   1.122083E+01   3.892941E+02   7.049218E+01   1.645168E-01
   1.125967E+01   3.827765E+02   6.776209E+01   1.631450E-01
   1.129865E+01   3.751333E+02   6.490803E+01   1.617368E-01
   1.133776E+01   3.704312E+02   6.228506E+01   1.603753E-01
   1.137701E+01   3.676242E+02   5.970041E+01   1.590154E-01
   1.141639E+01   3.625047E+02   5.727462E+01   1.576875E-01
   1.145591E+01   3.599725E+02   5.488029E+01   1.563598E-01
   1.149556E+01   3.563028E+02   5.250496E+01   1.550297E-01
   1.153536E+01   3.568948E+02   5.023723E+01   1.537182E-01
   1.157529E+01   3.564341E+02   4.804351E+01   1.524188E-01
   1.161536E+01   3.579685E+02   4.594841E+01   1.511370E-01
   1.165556E+01   3.566800E+02   4.387933E+01   1.498560E-01
   1.169591E+01   3.596677E+02   4.185357E+01   1.485765E-01
   1.173640E+01   3.625690E+02   3.985960E+01   1.472970E-01
   1.177702E+01   3.653195E+02   3.795384E+01   1.460342E-01
   1.181779E+01   3.689323E+02   3.598237E+01   1.447415E-01
   1.185870E+01   3.732628E+02   3.410085E+01   1.434644E-01
   1.189975E+01   3.810762E+02   3.212656E+01   1.421429E-01
   1.194094E+01   3.893877E+02   3.025411E+01   1.408386E-01
   1.198227E+01   4.004451E+02   2.835136E+01   1.395051E-01
   1.202375E+01   4.147338E+02   2.639245E+01   1.381285E-01
   1.206537E+01   4.336104E+02   2.450944E+01   1.367461E-01
   1.210714E+01   4.565213E+02   2.259453E+01   1.353150E-01
   1.214905E+01   4.883857E+02   2.070325E+01   1.338324E-01
   1.219110E+01   5.295271E+02   1.884716E+01   1.322829E-01
   1.223330E+01   5.880316E+02   1.719073E+01   1.306751E-01
   1.227565E+01   6.688336E+02   1.580652E+01   1.289626E-01
   1.231814E+01   7.900770E+02   1.528428E+01   1.272062E-01
   1.236078E+01   9.659377E+02   1.646523E+01   1.255123E-01
   1.240357E+01   1.211302E+03   2.074559E+01   1.241363E-01
   1.244651E+01   1.487892E+03   2.868499E+01   1.235638E-01
   1.248959E+01   1.753169E+03   3.987120E+01   1.241241E-01
   1.253283E+01   1.934957E+03   5.204294E+01   1.260064E-01
   1.257621E+01   2.014157E+03   6.340726E+01   1.287902E-01
   1.261974E+01   1.976547E+03   7.225601E+01   1.320115E-01
   1.266343E+01   1.824873E+03   7.707747E+01   1.349765E-01
   1.270726E+01   1.601063E+03   7.713678E+01   1.367953E-01
   1.275125E+01   1.376700E+03   7.452365E+01   1.373783E-01
   1.279539E+01   1.170902E+03   7.042117E+01   1.370452E-01
   1.283968E+01   9.955660E+02   6.604136E+01   1.361912E-01
   1.288413E+01   8.388812E+02   6.135179E+01   1.349658E-01
   1.292873E+01   7.112119E+02   5.621648E+01   1.333495E-01
   1.297348E+01   6.202404E+02   5.145536E+01   1.316238E-01
   1.301839E+01   5.590373E+02   4.735046E+01   1.299512E-01
   1.306345E+01   5.154040E+02   4.399513E+01   1.284266E-01
   1.310867E+01   4.830172E+02   4.107923E+01   1.269875E-01
   1.315405E+01   4.606959E+02   3.872657E+01   1.256892E-01
   1.319959E+01   4.385675E+02   3.663303E+01   1.244602E-01
   1.324528E+01   4.213219E+02   3.481351E+01   1.233019E-01
   1.329113E+01   4.034562E+02   3.307484E+01   1.221614E-01
   1.333713E+01   3.898828E+02   3.150317E+01   1.210621E-01
   1.338330E+01   3.779650E+02   3.005536E+01   1.199958E-01
   1.342963E+01   3.652482E+02   2.874611E+01   1.189734E-01
   1.347612E+01   3.556632E+02   2.744133E+01   1.179411E-01
   1.352277E+01   3.464487E+02   2.624334E+01   1.169417E-01
   1.356958E+01   3.387757E+02   2.512945E+01   1.159663E-01
   1.361655E+01   3.328066E+02   2.408910E+01   1.150117E-01
   1.366368E+01   3.243276E+02   2.311294E+01   1.140814E-01
   1.371098E+01   3.178635E+02   2.210337E+01   1.131302E-01
   1.375844E+01   3.128744E+02   2.121725E+01   1.122224E-01
   1.380607E+01   3.075701E+02   2.030185E+01   1.112988E-01
   1.385386E+01   3.047229E+02   1.949779E+01   1.104144E-01
   1.390182E+01   2.986980E+02   1.868910E+01   1.095290E-01
   1.394994E+01   2.957038E+02   1.790839E+01   1.086475E-01
   1.399823E+01   2.917297E+02   1.715343E+01   1.077751E-01
   1.404668E+01   2.902955E+02   1.640675E+01   1.068987E-01
   1.409531E+01   2.881827E+02   1.573617E+01   1.060546E-01
   1.414410E+01   2.877292E+02   1.506052E+01   1.052021E-01
   1.419306E+01   2.873406E+02   1.448132E+01   1.043925E-01
   1.424219E+01   2.845898E+02   1.384524E+01   1.035559E-01
   1.429149E+01   2.850612E+02   1.327723E+01   1.027445E-01
   1.434096E+01   2.831003E+02   1.271262E+01   1.019358E-01
   1.439060E+01   2.826427E+02   1.215903E+01   1.011271E-01
   1.444042E+01   2.813644E+02   1.162223E+01   1.003253E-01
   1.449041E+01   2.822341E+02   1.108809E+01   9.951742E-02
   1.454057E+01   2.825996E+02   1.059787E+01   9.873099E-02
   1.459090E+01   2.812947E+02   1.010512E+01   9.794298E-02
   1.464141E+01   2.833417E+02   9.603377E+00   9.713925E-02
   1.469209E+01   2.853999E+02   9.167690E+00   9.636997E-02
   1.474295E+01   2.866030E+02   8.723996E+00   9.559412E-02
   1.479398E+01   2.869030E+02   8.304184E+00   9.483107E-02
   1.484519E+01   2.875133E+02   7.841940E+00   9.403643E-02
   1.489658E+01   2.916286E+02   7.431075E+00   9.326120E-02
   1.494814E+01   2.948563E+02   7.064529E+00   9.251265E-02
   1.499989E+01   2.934380E+02   6.637581E+00   9.173048E-02
   1.505181E+01   2.986031E+02   6.223719E+00   9.093330E-02
   1.510392E+01   3.043769E+02   5.852530E+00   9.015743E-02
   1.515620E+01   3.099032E+02   5.498921E+00   8.938817E-02
   1.520866E+01   3.151472E+02   5.144720E+00   8.861177E-02
   1.526131E+01   3.220655E+02   4.792249E+00   8.782221E-02
   1.531414E+01   3.303525E+02   4.452460E+00   8.702747E-02
   1.536715E+01   3.407577E+02   4.130534E+00   8.622745E-02
   1.542034E+01   3.544005E+02   3.827907E+00   8.541621E-02
   1.547372E+01   3.692596E+02   3.555631E+00   8.461037E-02
   1.552729E+01   3.888570E+02   3.296645E+00   8.377209E-02
   1.558103E+01   4.139984E+02   3.105641E+00   8.294545E-02
   1.563497E+01   4.426329E+02   2.952235E+00   8.210387E-02
   1.568909E+01   4.801041E+02   2.870839E+00   8.123604E-02
   1.574340E+01   5.297120E+02   2.913157E+00   8.035355E-02
   1.579790E+01   5.945942E+02   3.147031E+00   7.948052E-02
   1.585258E+01   6.812054E+02   3.668504E+00   7.861599E-02
   1.590746E+01   7.961740E+02   4.659032E+00   7.783966E-02
   1.596252E+01   9.414487E+02   6.373533E+00   7.737474E-02
   1.601778E+01   1.076675E+03   8.588102E+00   7.751293E-02
   1.607323E+01   1.156481E+03   1.080128E+01   7.837789E-02
   1.612886E+01   1.143409E+03   1.231785E+01   7.973222E-02
   1.618470E+01   1.024261E+03   1.247080E+01   8.097906E-02
   1.624072E+01   8.531028E+02   1.129726E+01   8.137270E-02
   1.629694E+01   7.039747E+02   9.691124E+00   8.094767E-02
   1.635335E+01   5.892357E+02   8.170842E+00   8.014201E-02
   1.640996E+01   5.094129E+02   6.803192E+00   7.911248E-02
   1.646677E+01   4.606482E+02   5.760801E+00   7.809152E-02
   1.652377E+01   4.261513E+02   4.922752E+00   7.711487E-02
   1.658097E+01   4.016322E+02   4.240413E+00   7.618511E-02
   1.663836E+01   3.855127E+02   3.648207E+00   7.526253E-02
   1.669596E+01   3.744455E+02   3.175517E+00   7.440281E-02
   1.675375E+01   3.692577E+02   2.763441E+00   7.354832E-02
   1.681175E+01   3.643532E+02   2.423383E+00   7.274722E-02
   1.686994E+01   3.635134E+02   2.112610E+00   7.193006E-02
   1.692834E+01   3.655601E+02   1.874302E+00   7.116403E-02
   1.698694E+01   3.654807E+02   1.651105E+00   7.040511E-02
   1.704574E+01   3.682446E+02   1.451687E+00   6.962896E-02
   1.710474E+01   3.737064E+02   1.298074E+00   6.887382E-02
   1.716395E+01   3.812803E+02   1.175792E+00   6.811729E-02
   1.722337E+01   3.941283E+02   1.112782E+00   6.739392E-02
   1.728299E+01   3.972023E+02   1.035862E+00   6.670822E-02
   1.734281E+01   4.039291E+02   9.749221E-01   6.593762E-02
   1.740285E+01   4.199189E+02   9.934685E-01   6.521747E-02
   1.746309E+01   4.275760E+02   9.975183E-01   6.450512E-02
   1.752354E+01   4.433506E+02   1.065931E+00   6.374747E-02
   1.758420E+01   4.604889E+02   1.166107E+00   6.305642E-02
   1.764507E+01   4.694260E+02   1.258362E+00   6.232888E-02
   1.770615E+01   4.897289E+02   1.449332E+00   6.156214E-02
   1.776744E+01   5.075358E+02   1.653229E+00   6.083471E-02
   1.782894E+01   5.334942E+02   1.978033E+00   6.002211E-02
   1.789066E+01   5.661722E+02   2.316536E+00   5.931719E-02
   1.795259E+01   5.826870E+02   2.680845E+00   5.852833E-02
   1.801473E+01   6.263669E+02   3.229172E+00   5.772625E-02
   1.807709E+01   6.520381E+02   3.746041E+00   5.693543E-02
   1.813967E+01   6.972329E+02   4.480074E+00   5.607109E-02
   1.820246E+01   7.415792E+02   5.369843E+00   5.514412E-02
   1.826547E+01   8.158039E+02   6.574802E+00   5.410133E-02
   1.832870E+01   8.954691E+02   7.837097E+00   5.304451E-02
   1.839214E+01   9.842467E+02   9.328852E+00   5.185891E-02
   1.845581E+01   1.092918E+03   1.100072E+01   5.051982E-02
   1.851969E+01   1.199966E+03   1.261484E+01   4.912803E-02
   1.858380E+01   1.301472E+03   1.416470E+01   4.768030E-02
   1.864813E+01   1.394907E+03   1.569680E+01   4.614706E-02
   1.871268E+01   1.490834E+03   1.742759E+01   4.432700E-02
   1.877746E+01   1.593053E+03   1.932208E+01   4.209219E-02
   1.884246E+01   1.677189E+03   2.087948E+01   3.978263E-02
   1.890768E+01   1.715810E+03   2.179794E+01   3.810865E-02
   1.897313E+01   1.722100E+03   2.269759E+01   3.738022E-02
   1.903881E+01   1.750915E+03   2.476420E+01   3.747460E-02
   1.910472E+01   1.839192E+03   2.856138E+01   3.742580E-02
   1.917085E+01   2.006145E+03   3.479491E+01   3.690503E-02
   1.923721E+01   2.286225E+03   4.263275E+01   3.636218E-02
   1.930380E+01   2.478149E+03   4.706781E+01   3.607182E-02
   1.937062E+01   2.739716E+03   5.613136E+01   3.506219E-02
   1.943768E+01   3.050577E+03   6.434601E+01   3.477403E-02
   1.950496E+01   3.286984E+03   6.973676E+01   3.491561E-02
   1.957248E+01   3.479586E+03   7.413833E+01   3.516447E-02
   1.964023E+01   3.642063E+03   7.771485E+01   3.556186E-02
   1.970822E+01   3.777277E+03   8.096521E+01   3.590896E-02
   1.977644E+01   3.921494E+03   8.522463E+01   3.619024E-02
   1.984490E+01   4.069228E+03   8.983606E+01   3.665357E-02
   1.991359E+01   4.178256E+03   9.284565E+01   3.739990E-02
   1.998252E+01   4.265393E+03   9.542933E+01   3.811029E-02
   2.005169E+01   4.354794E+03   9.864146E+01   3.880547E-02
   2.012110E+01   4.439922E+03   1.021079E+02   3.951169E-02
   2.019076E+01   4.554277E+03   1.077247E+02   4.017388E-02
   2.026065E+01   4.672586E+03   1.143340E+02   4.142142E-02
   2.033078E+01   4.720680E+03   1.179921E+02   4.344104E-02
   2.040116E+01   4.693363E+03   1.184487E+02   4.600350E-02
   2.047178E+01   4.584996E+03   1.151204E+02   4.880792E-02
   2.054264E+01   4.456949E+03   1.108946E+02   5.119495E-02
   2.061375E+01   4.329083E+03   1.071937E+02   5.345169E-02
   2.068511E+01   4.195165E+03   1.031500E+02   5.539519E-02
   2.075671E+01   4.081204E+03   1.006509E+02   5.730766E-02
   2.082856E+01   3.947481E+03   9.748719E+01   5.922765E-02
   2.090066E+01   3.813752E+03   9.457592E+01   6.107079E-02
   2.097301E+01   3.683420E+03   9.181489E+01   6.272984E-02
   2.104561E+01   3.555216E+03   8.984428E+01   6.456055E-02
   2.111846E+01   3.406977E+03   8.758344E+01   6.653191E-02
   2.119157E+01   3.223079E+03   8.451333E+01   6.865006E-02
   2.126492E+01   3.014248E+03   8.017297E+01   7.037505E-02
   2.133853E+01   2.805115E+03   7.542374E+01   7.159444E-02
   2.141240E+01   2.604540E+03   7.048535E+01   7.226971E-02
   2.148652E+01   2.423792E+03   6.586811E+01   7.252069E-02
   2.156090E+01   2.257253E+03   6.156998E+01   7.249474E-02
   2.163553E+01   2.105314E+03   5.752213E+01   7.220198E-02
   2.171043E+01   1.970112E+03   5.382902E+01   7.171911E-02
   2.178558E+01   1.844305E+03   5.036156E+01   7.110520E-02
   2.186099E+01   1.734348E+03   4.716453E+01   7.034566E-02
   2.193666E+01   1.632559E+03   4.410284E+01   6.947528E-02
   2.201260E+01   1.550418E+03   4.122149E+01   6.843266E-02
   2.208880E+01   1.494600E+03   3.883094E+01   6.737278E-02
   2.216526E+01   1.454655E+03   3.702785E+01   6.648171E-02
   2.224199E+01   1.420842E+03   3.560616E+01   6.574273E-02
   2.231898E+01   1.395959E+03   3.460404E+01   6.516803E-02
   2.239624E+01   1.365887E+03   3.407929E+01   6.491951E-02
   2.247377E+01   1.303847E+03   3.346124E+01   6.485597E-02
   2.255156E+01   1.221210E+03   3.227717E+01   6.456353E-02
   2.262962E+01   1.145969E+03   3.078133E+01   6.397469E-02
   2.270796E+01   1.083408E+03   2.938631E+01   6.332206E-02
   2.278656E+01   1.024149E+03   2.801728E+01   6.262974E-02
   2.286544E+01   9.727361E+02   2.670658E+01   6.189650E-02
   2.294459E+01   9.276910E+02   2.546633E+01   6.114644E-02
   2.302402E+01   8.894467E+02   2.442760E+01   6.047251E-02
   2.310372E+01   8.427405E+02   2.336367E+01   5.980522E-02
   2.318369E+01   8.047352E+02   2.223224E+01   5.902576E-02
   2.326394E+01   7.715138E+02   2.125879E+01   5.831483E-02
   2.334447E+01   7.372571E+02   2.022836E+01   5.755050E-02
   2.342528E+01   7.151594E+02   1.918611E+01   5.670637E-02
   2.350637E+01   7.134957E+02   1.851622E+01   5.603556E-02
   2.358774E+01   6.779715E+02   1.799655E+01   5.561370E-02
   2.366939E+01   6.449164E+02   1.673354E+01   5.460450E-02
   2.375133E+01   6.903727E+02   1.625342E+01   5.386232E-02
   2.383354E+01   6.709076E+02   1.650618E+01   5.395701E-02
   2.391604E+01   6.127180E+02   1.549762E+01   5.321327E-02
   2.399883E+01   6.296974E+02   1.496469E+01   5.254027E-02
   2.408191E+01   6.023292E+02   1.484142E+01   5.236293E-02
   2.416527E+01   5.577462E+02   1.403323E+01   5.168409E-02
   2.424892E+01   5.586169E+02   1.337591E+01   5.095494E-02
   2.433286E+01   5.483036E+02   1.301954E+01   5.050930E-02
   2.441709E+01   5.339369E+02   1.246409E+01   4.990416E-02
   2.450161E+01   5.313783E+02   1.211761E+01   4.943241E-02
   2.458642E+01   5.104793E+02   1.170361E+01   4.895929E-02
   2.467153E+01   4.951775E+02   1.121857E+01   4.839865E-02
   2.475693E+01   4.778741E+02   1.062176E+01   4.773540E-02
   2.484263E+01   4.895382E+02   1.010914E+01   4.704810E-02
   2.492863E+01   4.989452E+02   9.839984E+00   4.658607E-02
   2.501492E+01   4.973783E+02   9.483173E+00   4.607434E-02
   2.510151E+01   5.029268E+02   9.133217E+00   4.554085E-02
   2.518840E+01   5.129428E+02   8.810205E+00   4.501307E-02
   2.527559E+01   5.279161E+02   8.530661E+00   4.450522E-02
   2.536309E+01   5.481622E+02   8.302174E+00   4.402341E-02
   2.545088E+01   5.742637E+02   8.151077E+00   4.359144E-02
   2.553898E+01   6.041644E+02   8.085665E+00   4.322557E-02
   2.562739E+01   6.371779E+02   8.116879E+00   4.294004E-02
   2.571610E+01   6.703109E+02   8.256531E+00   4.276080E-02
   2.580512E+01   6.989289E+02   8.498892E+00   4.270507E-02
   2.589444E+01   7.163187E+02   8.794776E+00   4.275704E-02
   2.598408E+01   7.203639E+02   9.093279E+00   4.287690E-02
   2.607403E+01   7.083251E+02   9.341938E+00   4.302391E-02
   2.616428E+01   6.828559E+02   9.482891E+00   4.312293E-02
   2.625485E+01   6.491937E+02   9.513653E+00   4.314236E-02
   2.634574E+01   6.115789E+02   9.444242E+00   4.306976E-02
   2.643694E+01   5.737998E+02   9.302962E+00   4.291593E-02
   2.652845E+01   5.372311E+02   9.107741E+00   4.269325E-02
   2.662028E+01   5.035935E+02   8.875531E+00   4.241325E-02
   2.671243E+01   4.737395E+02   8.625729E+00   4.209430E-02
   2.680489E+01   4.474764E+02   8.373909E+00   4.175483E-02
   2.689768E+01   4.240065E+02   8.126325E+00   4.140530E-02
   2.699079E+01   4.025900E+02   7.882823E+00   4.104879E-02
   2.708422E+01   3.830141E+02   7.640774E+00   4.068385E-02
   2.717798E+01   3.658388E+02   7.404488E+00   4.031445E-02
   2.727205E+01   3.505974E+02   7.179203E+00   3.994830E-02
   2.736646E+01   3.365604E+02   6.963479E+00   3.958627E-02
   2.746119E+01   3.237187E+02   6.755640E+00   3.922704E-02
   2.755625E+01   3.117809E+02   6.556137E+00   3.887220E-02
   2.765164E+01   3.004473E+02   6.362775E+00   3.852023E-02
   2.774736E+01   2.898042E+02   6.173079E+00   3.816835E-02
   2.784341E+01   2.802089E+02   5.987961E+00   3.781714E-02
   2.793979E+01   2.716856E+02   5.810307E+00   3.747026E-02
   2.803650E+01   2.639200E+02   5.641518E+00   3.713034E-02
   2.813355E+01   2.562296E+02   5.479589E+00   3.679649E-02
   2.823094E+01   2.486706E+02   5.318832E+00   3.646179E-02
   2.832867E+01   2.419722E+02   5.160334E+00   3.612637E-02
   2.842673E+01   2.362627E+02   5.007848E+00   3.579488E-02
   2.852513E+01   2.310976E+02   4.862637E+00   3.546992E-02
   2.862387E+01   2.261193E+02   4.722386E+00   3.514933E-02
   2.872295E+01   2.214168E+02   4.585235E+00   3.483068E-02
   2.882238E+01   2.172029E+02   4.451027E+00   3.451352E-02
   2.892215E+01   2.136552E+02   4.320936E+00   3.419926E-02
   2.902227E+01   2.105868E+02   4.196578E+00   3.389051E-02
   2.912273E+01   2.075355E+02   4.076322E+00   3.358592E-02
   2.922354E+01   2.046694E+02   3.957577E+00   3.328176E-02
   2.932470E+01   2.022335E+02   3.841156E+00   3.297882E-02
   2.942621E+01   2.002131E+02   3.726308E+00   3.267611E-02
   2.952807E+01   1.989221E+02   3.613588E+00   3.237399E-02
   2.963029E+01   1.982910E+02   3.504128E+00   3.207423E-02
   2.973286E+01   1.983470E+02   3.396898E+00   3.177536E-02
   2.983578E+01   1.994550E+02   3.292230E+00   3.147736E-02
   2.993906E+01   2.018934E+02   3.192057E+00   3.118275E-02
   3.004269E+01   2.057373E+02   3.098387E+00   3.089456E-02
   3.014669E+01   2.108323E+02   3.013025E+00   3.061598E-02
   3.025104E+01   2.170493E+02   2.936698E+00   3.034857E-02
   3.035576E+01   2.243614E+02   2.871419E+00   3.009585E-02
   3.046084E+01   2.322108E+02   2.820126E+00   2.986382E-02
   3.056628E+01   2.393879E+02   2.783275E+00   2.965594E-02
   3.067209E+01   2.440994E+02   2.757733E+00   2.947114E-02
   3.077826E+01   2.445289E+02   2.732781E+00   2.929588E-02
   3.088481E+01   2.414172E+02   2.696211E+00   2.910869E-02
   3.099172E+01   2.370165E+02   2.648223E+00   2.890517E-02
   3.109900E+01   2.320845E+02   2.591000E+00   2.868704E-02
   3.120665E+01   2.273384E+02   2.525406E+00   2.845400E-02
   3.131467E+01   2.235561E+02   2.454298E+00   2.820911E-02
   3.142307E+01   2.210171E+02   2.380859E+00   2.795713E-02
   3.153184E+01   2.196624E+02   2.307303E+00   2.770188E-02
   3.164099E+01   2.190240E+02   2.233707E+00   2.744421E-02
   3.175052E+01   2.190021E+02   2.158395E+00   2.718116E-02
   3.186043E+01   2.200529E+02   2.080645E+00   2.691037E-02
   3.197072E+01   2.227064E+02   2.001435E+00   2.663230E-02
   3.208139E+01   2.271843E+02   1.921670E+00   2.634782E-02
   3.219244E+01   2.338550E+02   1.841036E+00   2.605506E-02
   3.230388E+01   2.437112E+02   1.760327E+00   2.575277E-02
   3.241570E+01   2.579064E+02   1.682577E+00   2.544319E-02
   3.252791E+01   2.776124E+02   1.610972E+00   2.512814E-02
   3.264051E+01   3.048970E+02   1.551589E+00   2.481185E-02
   3.275349E+01   3.422686E+02   1.517753E+00   2.451020E-02
   3.286687E+01   3.910050E+02   1.527124E+00   2.424896E-02
   3.298064E+01   4.508842E+02   1.601524E+00   2.406544E-02
   3.309481E+01   5.171373E+02   1.763529E+00   2.401617E-02
   3.320937E+01   5.776661E+02   2.014889E+00   2.415163E-02
   3.332433E+01   6.164696E+02   2.320665E+00   2.447643E-02
   3.343968E+01   6.209608E+02   2.614991E+00   2.492419E-02
   3.355544E+01   5.894618E+02   2.827539E+00   2.536449E-02
   3.367159E+01   5.328486E+02   2.919370E+00   2.566450E-02
   3.378815E+01   4.683551E+02   2.900407E+00   2.576315E-02
   3.390511E+01   4.101594E+02   2.810841E+00   2.568434E-02
   3.402247E+01   3.640339E+02   2.691580E+00   2.549413E-02
   3.414024E+01   3.295026E+02   2.569532E+00   2.525342E-02
   3.425842E+01   3.036622E+02   2.454153E+00   2.499442E-02
   3.437701E+01   2.843621E+02   2.346625E+00   2.472890E-02
   3.449601E+01   2.706849E+02   2.247801E+00   2.446339E-02
   3.461542E+01   2.620567E+02   2.159982E+00   2.420560E-02
   3.473525E+01   2.575002E+02   2.085495E+00   2.396359E-02
   3.485549E+01   2.557526E+02   2.024517E+00   2.374145E-02
   3.497614E+01   2.557441E+02   1.976372E+00   2.354083E-02
   3.509721E+01   2.562628E+02   1.940480E+00   2.336367E-02
   3.521871E+01   2.557762E+02   1.914036E+00   2.320784E-02
   3.534062E+01   2.531748E+02   1.891668E+00   2.306477E-02
   3.546295E+01   2.484702E+02   1.868067E+00   2.292346E-02
   3.558571E+01   2.425589E+02   1.840993E+00   2.277728E-02
   3.570889E+01   2.361580E+02   1.811194E+00   2.262619E-02
   3.583250E+01   2.294847E+02   1.778900E+00   2.247010E-02
   3.595654E+01   2.231625E+02   1.743478E+00   2.230640E-02
   3.608101E+01   2.180720E+02   1.707040E+00   2.213806E-02
   3.620590E+01   2.141962E+02   1.673072E+00   2.197275E-02
   3.633123E+01   2.108379E+02   1.642367E+00   2.181356E-02
   3.645700E+01   2.074195E+02   1.614023E+00   2.165961E-02
   3.658320E+01   2.036551E+02   1.586815E+00   2.150871E-02
   3.670983E+01   1.996254E+02   1.559564E+00   2.135811E-02
   3.683691E+01   1.955982E+02   1.532293E+00   2.120742E-02
   3.696442E+01   1.915996E+02   1.505638E+00   2.105803E-02
   3.709238E+01   1.874225E+02   1.479418E+00   2.090985E-02
   3.722077E+01   1.830163E+02   1.452751E+00   2.076090E-02
   3.734962E+01   1.786092E+02   1.425314E+00   2.061003E-02
   3.747890E+01   1.744666E+02   1.397458E+00   2.045766E-02
   3.760864E+01   1.707192E+02   1.369816E+00   2.030510E-02
   3.773883E+01   1.672979E+02   1.342979E+00   2.015389E-02
   3.786946E+01   1.639605E+02   1.316571E+00   2.000348E-02
   3.800055E+01   1.607479E+02   1.290176E+00   1.985282E-02
   3.813209E+01   1.579176E+02   1.264096E+00   1.970233E-02
   3.826409E+01   1.554505E+02   1.238518E+00   1.955251E-02
   3.839654E+01   1.535389E+02   1.213834E+00   1.940417E-02
   3.852946E+01   1.521642E+02   1.190812E+00   1.925932E-02
   3.866283E+01   1.506937E+02   1.169691E+00   1.911944E-02
   3.879667E+01   1.489334E+02   1.149559E+00   1.898250E-02
   3.893096E+01   1.470720E+02   1.129954E+00   1.884714E-02
   3.906573E+01   1.447763E+02   1.111325E+00   1.871491E-02
   3.920096E+01   1.417632E+02   1.092205E+00   1.858229E-02
   3.933665E+01   1.386411E+02   1.070724E+00   1.844355E-02
   3.947282E+01   1.363935E+02   1.048663E+00   1.830223E-02
   3.960946E+01   1.351059E+02   1.028569E+00   1.816511E-02
   3.974657E+01   1.339047E+02   1.010364E+00   1.803307E-02
   3.988416E+01   1.322305E+02   9.929991E-01   1.790392E-02
   4.002222E+01   1.300249E+02   9.756297E-01   1.777541E-02
   4.016076E+01   1.275272E+02   9.576576E-01   1.764557E-02
   4.029978E+01   1.252314E+02   9.388335E-01   1.751314E-02
   4.043928E+01   1.234778E+02   9.197886E-01   1.737951E-02
   4.057926E+01   1.222158E+02   9.015246E-01   1.724759E-02
   4.071973E+01   1.212259E+02   8.842254E-01   1.711820E-02
   4.086069E+01   1.203268E+02   8.677789E-01   1.699125E-02
   4.100213E+01   1.193850E+02   8.520105E-01   1.686639E-02
   4.114406E+01   1.181834E+02   8.363148E-01   1.674208E-02
   4.128648E+01   1.170861E+02   8.204677E-01   1.661727E-02
   4.142940E+01   1.165395E+02   8.047426E-01   1.649235E-02
   4.157281E+01   1.163906E+02   7.900620E-01   1.637030E-02
   4.171672E+01   1.162679E+02   7.767408E-01   1.625249E-02
   4.186113E+01   1.158771E+02   7.641853E-01   1.613746E-02
   4.200603E+01   1.151425E+02   7.518146E-01   1.602351E-02
   4.215144E+01   1.141411E+02   7.393060E-01   1.590953E-02
   4.229735E+01   1.131876E+02   7.267298E-01   1.579543E-02
   4.244377E+01   1.124224E+02   7.143138E-01   1.568181E-02
   4.259069E+01   1.116299E+02   7.023869E-01   1.556993E-02
   4.273812E+01   1.107519E+02   6.905960E-01   1.545872E-02
   4.288606E+01   1.098903E+02   6.787314E-01   1.534739E-02
   4.303451E+01   1.092585E+02   6.672393E-01   1.523721E-02
   4.318348E+01   1.087424E+02   6.562702E-01   1.512882E-02
   4.333297E+01   1.080843E+02   6.458377E-01   1.502252E-02
   4.348297E+01   1.070776E+02   6.357449E-01   1.491786E-02
   4.363349E+01   1.057634E+02   6.253401E-01   1.481258E-02
   4.378453E+01   1.043846E+02   6.142412E-01   1.470512E-02
   4.393609E+01   1.034572E+02   6.031965E-01   1.459756E-02
   4.408818E+01   1.029921E+02   5.925656E-01   1.449115E-02
   4.424079E+01   1.025779E+02   5.825675E-01   1.438705E-02
   4.439394E+01   1.020924E+02   5.730659E-01   1.428493E-02
   4.454761E+01   1.014592E+02   5.638453E-01   1.418411E-02
   4.470182E+01   1.006350E+02   5.546100E-01   1.408356E-02
   4.485655E+01   9.977358E+01   5.453532E-01   1.398312E-02
   4.501183E+01   9.903586E+01   5.361256E-01   1.388283E-02
   4.516764E+01   9.835892E+01   5.271190E-01   1.378345E-02
   4.532399E+01   9.767953E+01   5.183267E-01   1.368502E-02
   4.548089E+01   9.693134E+01   5.095042E-01   1.358668E-02
   4.563832E+01   9.643925E+01   5.008167E-01   1.348878E-02
   4.579630E+01   9.607196E+01   4.924330E-01   1.339209E-02
   4.595483E+01   9.571382E+01   4.844744E-01   1.329717E-02
   4.611391E+01   9.526775E+01   4.768219E-01   1.320369E-02
   4.627353E+01   9.460088E+01   4.692581E-01   1.311090E-02
   4.643371E+01   9.373142E+01   4.616919E-01   1.301844E-02
   4.659445E+01   9.283116E+01   4.539445E-01   1.292544E-02
   4.675574E+01   9.203083E+01   4.459919E-01   1.283169E-02
   4.691759E+01   9.151306E+01   4.381891E-01   1.273844E-02
   4.708000E+01   9.133431E+01   4.306710E-01   1.264621E-02
   4.724297E+01   9.120704E+01   4.235754E-01   1.255582E-02
   4.740650E+01   9.103761E+01   4.168855E-01   1.246730E-02
   4.757060E+01   9.073589E+01   4.104381E-01   1.238007E-02
   4.773527E+01   9.005022E+01   4.040256E-01   1.229346E-02
   4.790051E+01   8.915545E+01   3.974772E-01   1.220661E-02
   4.806633E+01   8.829057E+01   3.904338E-01   1.211779E-02
   4.823271E+01   8.771699E+01   3.832195E-01   1.202811E-02
   4.839967E+01   8.813579E+01   3.763458E-01   1.193927E-02
   4.856721E+01   8.890581E+01   3.702235E-01   1.185357E-02
   4.873533E+01   8.955986E+01   3.653976E-01   1.177383E-02
   4.890403E+01   8.942170E+01   3.608022E-01   1.169597E-02
   4.907332E+01   8.788305E+01   3.558941E-01   1.161803E-02
   4.924319E+01   8.634877E+01   3.498570E-01   1.153520E-02
   4.941365E+01   8.519447E+01   3.430214E-01   1.144857E-02
   4.958470E+01   8.529893E+01   3.366454E-01   1.136319E-02
   4.975634E+01   8.592595E+01   3.308255E-01   1.128008E-02
   4.992858E+01   8.652826E+01   3.259080E-01   1.120134E-02
   5.010141E+01   8.688291E+01   3.213741E-01   1.112477E-02
   5.027484E+01   8.658998E+01   3.168953E-01   1.104916E-02
   5.044887E+01   8.620822E+01   3.123258E-01   1.097339E-02
   5.062350E+01   8.578421E+01   3.076930E-01   1.089754E-02
   5.079874E+01   8.541553E+01   3.031890E-01   1.082247E-02
   5.097458E+01   8.471797E+01   2.987846E-01   1.074831E-02
   5.115104E+01   8.384670E+01   2.942132E-01   1.067364E-02
   5.132810E+01   8.282973E+01   2.892734E-01   1.059743E-02
   5.150578E+01   8.237237E+01   2.842251E-01   1.052040E-02
   5.168407E+01   8.230029E+01   2.792518E-01   1.044359E-02
   5.186298E+01   8.256965E+01   2.748231E-01   1.036942E-02
   5.204250E+01   8.278693E+01   2.707331E-01   1.029717E-02
   5.222265E+01   8.275475E+01   2.669425E-01   1.022682E-02
   5.240343E+01   8.252120E+01   2.631872E-01   1.015701E-02
   5.258482E+01   8.205971E+01   2.594254E-01   1.008751E-02
   5.276685E+01   8.138604E+01   2.556779E-01   1.001843E-02
   5.294951E+01   8.058270E+01   2.517872E-01   9.948864E-03
   5.313280E+01   7.965781E+01   2.476856E-01   9.878420E-03
   5.331672E+01   7.907487E+01   2.433993E-01   9.806880E-03
   5.350128E+01   7.879091E+01   2.391153E-01   9.735264E-03
   5.368648E+01   7.904922E+01   2.352363E-01   9.665599E-03
   5.387232E+01   7.926452E+01   2.316957E-01   9.597975E-03
   5.405880E+01   7.931327E+01   2.284959E-01   9.532527E-03
   5.424593E+01   7.888398E+01   2.251916E-01   9.467020E-03
   5.443371E+01   7.840725E+01   2.218219E-01   9.401354E-03
   5.462214E+01   7.795618E+01   2.183729E-01   9.335386E-03
   5.481122E+01   7.766546E+01   2.150209E-01   9.270013E-03
   5.500095E+01   7.732177E+01   2.117660E-01   9.205394E-03
   5.519134E+01   7.693904E+01   2.085639E-01   9.141269E-03
   5.538239E+01   7.646648E+01   2.053767E-01   9.077451E-03
   5.557410E+01   7.588699E+01   2.022070E-01   9.013964E-03
   5.576647E+01   7.524248E+01   1.989300E-01   8.950034E-03
   5.595951E+01   7.464214E+01   1.955686E-01   8.885703E-03
   5.615322E+01   7.435418E+01   1.920566E-01   8.820377E-03
   5.634760E+01   7.439186E+01   1.887238E-01   8.756028E-03
   5.654265E+01   7.497847E+01   1.856138E-01   8.692791E-03
   5.673838E+01   7.555500E+01   1.829147E-01   8.632231E-03
   5.693479E+01   7.601777E+01   1.804639E-01   8.573458E-03
   5.713187E+01   7.588856E+01   1.782073E-01   8.516489E-03
   5.732964E+01   7.550983E+01   1.758339E-01   8.459148E-03
   5.752809E+01   7.480816E+01   1.732964E-01   8.401161E-03
   5.772723E+01   7.422990E+01   1.706184E-01   8.342352E-03
   5.792705E+01   7.374717E+01   1.679590E-01   8.283741E-03
   5.812757E+01   7.336397E+01   1.653176E-01   8.225322E-03
   5.832879E+01   7.301482E+01   1.626999E-01   8.167173E-03
   5.853070E+01   7.272161E+01   1.601190E-01   8.109366E-03
   5.873331E+01   7.259302E+01   1.575738E-01   8.051824E-03
   5.893662E+01   7.252483E+01   1.551956E-01   7.995495E-03
   5.914063E+01   7.230010E+01   1.528828E-01   7.939860E-03
   5.934535E+01   7.193448E+01   1.506438E-01   7.884966E-03
   5.955078E+01   7.136745E+01   1.482982E-01   7.829623E-03
   5.975692E+01   7.083708E+01   1.458938E-01   7.773984E-03
   5.996377E+01   7.034227E+01   1.434310E-01   7.718040E-03
   6.017134E+01   7.007964E+01   1.409905E-01   7.662217E-03
   6.037963E+01   6.993355E+01   1.385554E-01   7.606469E-03
   6.058864E+01   6.995679E+01   1.362324E-01   7.551520E-03
   6.079837E+01   7.008597E+01   1.339810E-01   7.497135E-03
   6.100883E+01   7.024947E+01   1.318579E-01   7.443776E-03
   6.122002E+01   7.027949E+01   1.297846E-01   7.390996E-03
   6.143194E+01   7.027787E+01   1.277408E-01   7.338584E-03
   6.164459E+01   7.021372E+01   1.256880E-01   7.286274E-03
   6.185797E+01   7.021240E+01   1.236281E-01   7.233993E-03
   6.207210E+01   7.025270E+01   1.216047E-01   7.182079E-03
   6.228697E+01   7.034734E+01   1.196047E-01   7.130427E-03
   6.250258E+01   7.045370E+01   1.176298E-01   7.079075E-03
   6.271894E+01   7.059420E+01   1.156704E-01   7.027935E-03
   6.293605E+01   7.081351E+01   1.136952E-01   6.976732E-03
   6.315390E+01   7.116104E+01   1.117751E-01   6.925983E-03
   6.337252E+01   7.166915E+01   1.098708E-01   6.875359E-03
   6.359189E+01   7.227074E+01   1.080532E-01   6.825467E-03
   6.381201E+01   7.304416E+01   1.062968E-01   6.776059E-03
   6.403290E+01   7.384605E+01   1.046256E-01   6.727433E-03
   6.425456E+01   7.473873E+01   1.030335E-01   6.679506E-03
   6.447698E+01   7.560440E+01   1.015147E-01   6.632322E-03
   6.470017E+01   7.642041E+01   1.000195E-01   6.585497E-03
   6.492414E+01   7.733004E+01   9.852629E-02   6.538746E-03
   6.514888E+01   7.834195E+01   9.710047E-02   6.492611E-03
   6.537440E+01   7.959359E+01   9.571622E-02   6.446776E-03
   6.560070E+01   8.095668E+01   9.449824E-02   6.402401E-03
   6.582778E+01   8.221476E+01   9.337365E-02   6.359047E-03
   6.605565E+01   8.343448E+01   9.231724E-02   6.316462E-03
   6.628430E+01   8.445692E+01   9.128414E-02   6.274389E-03
   6.651375E+01   8.548006E+01   9.024053E-02   6.232380E-03
   6.674400E+01   8.659176E+01   8.923310E-02   6.190773E-03
   6.697504E+01   8.777422E+01   8.823676E-02   6.149360E-03
   6.720688E+01   8.914968E+01   8.734422E-02   6.108866E-03
   6.743952E+01   9.058319E+01   8.652012E-02   6.069096E-03
   6.767297E+01   9.210445E+01   8.581834E-02   6.030519E-03
   6.790722E+01   9.360017E+01   8.521835E-02   5.993060E-03
   6.814229E+01   9.507024E+01   8.472443E-02   5.956771E-03
   6.837817E+01   9.635145E+01   8.434035E-02   5.921847E-03
   6.861486E+01   9.751590E+01   8.401386E-02   5.887756E-03
   6.885238E+01   9.835475E+01   8.377200E-02   5.854949E-03
   6.909072E+01   9.906097E+01   8.354818E-02   5.822640E-03
   6.932988E+01   9.937165E+01   8.337423E-02   5.791371E-03
   6.956987E+01   9.957693E+01   8.321911E-02   5.760588E-03
   6.981069E+01   9.919199E+01   8.307687E-02   5.730676E-03
   7.005235E+01   9.870738E+01   8.292845E-02   5.701005E-03
   7.029484E+01   9.735283E+01   8.271314E-02   5.671679E-03
   7.053817E+01   9.590530E+01   8.237527E-02   5.641457E-03
   7.078235E+01   9.387961E+01   8.190809E-02   5.610670E-03
   7.102737E+01   9.183027E+01   8.127040E-02   5.578418E-03
   7.127323E+01   8.982134E+01   8.054563E-02   5.545426E-03
   7.151995E+01   8.783791E+01   7.975530E-02   5.511900E-03
   7.176752E+01   8.594681E+01   7.892964E-02   5.478073E-03
   7.201595E+01   8.407063E+01   7.809450E-02   5.444251E-03
   7.226524E+01   8.207007E+01   7.721942E-02   5.410236E-03
   7.251539E+01   8.008202E+01   7.629469E-02   5.375820E-03
   7.276641E+01   7.808604E+01   7.532872E-02   5.341090E-03
   7.301830E+01   7.611361E+01   7.431590E-02   5.305958E-03
   7.327106E+01   7.426498E+01   7.327608E-02   5.270548E-03
   7.352469E+01   7.244552E+01   7.221459E-02   5.234973E-03
   7.377920E+01   7.077711E+01   7.113651E-02   5.199201E-03
   7.403460E+01   6.914195E+01   7.004788E-02   5.163368E-03
   7.429087E+01   6.772805E+01   6.895132E-02   5.127384E-03
   7.454804E+01   6.636846E+01   6.787680E-02   5.091662E-03
   7.480609E+01   6.518799E+01   6.680756E-02   5.055959E-03
   7.506504E+01   6.407050E+01   6.577894E-02   5.020717E-03
   7.532488E+01   6.300411E+01   6.476501E-02   4.985676E-03
   7.558563E+01   6.196763E+01   6.376959E-02   4.950891E-03
   7.584727E+01   6.099741E+01   6.277882E-02   4.916194E-03
   7.610982E+01   6.007949E+01   6.181035E-02   4.881785E-03
   7.637328E+01   5.925630E+01   6.084398E-02   4.847425E-03
   7.663766E+01   5.854722E+01   5.992552E-02   4.813607E-03
   7.690295E+01   5.784257E+01   5.903926E-02   4.780225E-03
   7.716915E+01   5.714172E+01   5.817950E-02   4.747221E-03
   7.743628E+01   5.641906E+01   5.735444E-02   4.714704E-03
   7.770433E+01   5.555769E+01   5.652621E-02   4.682308E-03
   7.797331E+01   5.470212E+01   5.569474E-02   4.649956E-03
   7.824322E+01   5.381178E+01   5.485864E-02   4.617646E-03
   7.851407E+01   5.292750E+01   5.400653E-02   4.585225E-03
   7.878585E+01   5.220187E+01   5.315008E-02   4.552750E-03
   7.905857E+01   5.151896E+01   5.231181E-02   4.520538E-03
   7.933224E+01   5.101419E+01   5.147361E-02   4.488316E-03
   7.960686E+01   5.062449E+01   5.069244E-02   4.456793E-03
   7.988242E+01   5.024598E+01   4.994419E-02   4.425740E-03
   8.015894E+01   4.988400E+01   4.923026E-02   4.395177E-03
   8.043642E+01   4.948610E+01   4.856012E-02   4.365250E-03
   8.071486E+01   4.889540E+01   4.788990E-02   4.335497E-03
   8.099426E+01   4.830630E+01   4.722181E-02   4.305856E-03
   8.127463E+01   4.762475E+01   4.655558E-02   4.276363E-03
   8.155596E+01   4.693647E+01   4.588001E-02   4.246838E-03
   8.183828E+01   4.627861E+01   4.520318E-02   4.217362E-03
   8.212157E+01   4.564062E+01   4.453429E-02   4.188054E-03
   8.240584E+01   4.500171E+01   4.387195E-02   4.158906E-03
   8.269109E+01   4.435599E+01   4.321132E-02   4.129857E-03
   8.297733E+01   4.371583E+01   4.255214E-02   4.100896E-03
   8.326457E+01   4.307521E+01   4.189153E-02   4.071987E-03
   8.355279E+01   4.244080E+01   4.122214E-02   4.043026E-03
   8.384202E+01   4.195521E+01   4.054495E-02   4.013969E-03
   8.413225E+01   4.153120E+01   3.988522E-02   3.985183E-03
   8.442348E+01   4.123097E+01   3.921448E-02   3.956264E-03
   8.471572E+01   4.113645E+01   3.858642E-02   3.927909E-03
   8.500897E+01   4.105610E+01   3.797548E-02   3.899848E-03
   8.530323E+01   4.119250E+01   3.739886E-02   3.872248E-03
   8.559852E+01   4.133793E+01   3.686927E-02   3.845371E-03
   8.589482E+01   4.143877E+01   3.637519E-02   3.819089E-03
   8.619215E+01   4.151202E+01   3.590718E-02   3.793269E-03
   8.649052E+01   4.149372E+01   3.548573E-02   3.768232E-03
   8.678991E+01   4.116831E+01   3.505021E-02   3.743203E-03
   8.709034E+01   4.084581E+01   3.461000E-02   3.718195E-03
   8.739181E+01   4.038373E+01   3.416902E-02   3.693312E-03
   8.769432E+01   3.989134E+01   3.370832E-02   3.668236E-03
   8.799789E+01   3.946050E+01   3.323342E-02   3.643007E-03
   8.830250E+01   3.913357E+01   3.277177E-02   3.618010E-03
   8.860816E+01   3.880984E+01   3.231815E-02   3.593207E-03
   8.891489E+01   3.853005E+01   3.187246E-02   3.568582E-03
   8.922267E+01   3.825786E+01   3.143785E-02   3.544197E-03
   8.953153E+01   3.798700E+01   3.101135E-02   3.520011E-03
   8.984145E+01   3.771733E+01   3.059136E-02   3.495999E-03
   9.015244E+01   3.744970E+01   3.017441E-02   3.472109E-03
   9.046451E+01   3.727514E+01   2.976700E-02   3.448409E-03
   9.077766E+01   3.711038E+01   2.937723E-02   3.425057E-03
   9.109190E+01   3.693049E+01   2.900221E-02   3.402019E-03
   9.140722E+01   3.672608E+01   2.863622E-02   3.379211E-03
   9.172363E+01   3.652230E+01   2.828551E-02   3.356725E-03
   9.204114E+01   3.614876E+01   2.794175E-02   3.334487E-03
   9.235975E+01   3.574389E+01   2.758625E-02   3.312148E-03
   9.267946E+01   3.534385E+01   2.722719E-02   3.289825E-03
   9.300028E+01   3.495044E+01   2.686515E-02   3.267524E-03
   9.332221E+01   3.456105E+01   2.649456E-02   3.245151E-03
   9.364525E+01   3.438510E+01   2.611603E-02   3.222648E-03
   9.396941E+01   3.431614E+01   2.576360E-02   3.200612E-03
   9.429469E+01   3.428030E+01   2.541148E-02   3.178641E-03
   9.462110E+01   3.456236E+01   2.508667E-02   3.157103E-03
   9.494864E+01   3.485587E+01   2.480083E-02   3.136297E-03
   9.527731E+01   3.516994E+01   2.454091E-02   3.116009E-03
   9.560712E+01   3.551691E+01   2.431488E-02   3.096379E-03
   9.593807E+01   3.585647E+01   2.413055E-02   3.077563E-03
   9.627017E+01   3.586020E+01   2.398006E-02   3.059542E-03
   9.660342E+01   3.574301E+01   2.382459E-02   3.041572E-03
   9.693782E+01   3.558824E+01   2.369737E-02   3.024210E-03
   9.727338E+01   3.506379E+01   2.357278E-02   3.007113E-03
   9.761010E+01   3.452560E+01   2.344333E-02   2.990032E-03
   9.794798E+01   3.399556E+01   2.332857E-02   2.973308E-03
   9.828704E+01   3.347690E+01   2.324400E-02   2.957216E-03
   9.862727E+01   3.296007E+01   2.320485E-02   2.942039E-03
   9.896867E+01   3.256351E+01   2.324684E-02   2.928388E-03
   9.931126E+01   3.224558E+01   2.347111E-02   2.918095E-03
   9.965504E+01   3.189864E+01   2.417461E-02   2.916469E-03
   1.000000E+02   3.169563E+01   2.759181E-02   2.961907E-03
